{
  "Microservice-based client" : {
    "transaction" : "Microservice-based client",
    "sampleCount" : 100,
    "errorCount" : 0,
    "errorPct" : 0.0,
    "meanResTime" : 39976.01999999998,
    "medianResTime" : 43283.5,
    "minResTime" : 12082.0,
    "maxResTime" : 43900.0,
    "pct1ResTime" : 43823.0,
    "pct2ResTime" : 43845.6,
    "pct3ResTime" : 43900.0,
    "throughput" : 2.2732955966264297,
    "receivedKBytesPerSec" : 25161.634558142378,
    "sentKBytesPerSec" : 0.2819419343472232
  },
  "Microservice-based client with caching" : {
    "transaction" : "Microservice-based client with caching",
    "sampleCount" : 100,
    "errorCount" : 0,
    "errorPct" : 0.0,
    "meanResTime" : 22254.54,
    "medianResTime" : 23911.5,
    "minResTime" : 668.0,
    "maxResTime" : 24738.0,
    "pct1ResTime" : 24290.9,
    "pct2ResTime" : 24641.9,
    "pct3ResTime" : 24737.47,
    "throughput" : 4.037793749495276,
    "receivedKBytesPerSec" : 44629.761915277,
    "sentKBytesPerSec" : 0.7531431700718728
  },
  "Total" : {
    "transaction" : "Total",
    "sampleCount" : 300,
    "errorCount" : 0,
    "errorPct" : 0.0,
    "meanResTime" : 30855.51333333334,
    "medianResTime" : 32414.0,
    "minResTime" : 668.0,
    "maxResTime" : 43900.0,
    "pct1ResTime" : 43724.1,
    "pct2ResTime" : 43800.7,
    "pct3ResTime" : 43883.96,
    "throughput" : 2.874857454984524,
    "receivedKBytesPerSec" : 31800.93841261751,
    "sentKBytesPerSec" : 0.41644256753519304
  },
  "Monolithic-based client" : {
    "transaction" : "Monolithic-based client",
    "sampleCount" : 100,
    "errorCount" : 0,
    "errorPct" : 0.0,
    "meanResTime" : 30335.980000000003,
    "medianResTime" : 33991.0,
    "minResTime" : 10160.0,
    "maxResTime" : 35587.0,
    "pct1ResTime" : 35375.7,
    "pct2ResTime" : 35445.1,
    "pct3ResTime" : 35586.45,
    "throughput" : 2.8098569782798055,
    "receivedKBytesPerSec" : 31087.906375565486,
    "sentKBytesPerSec" : 0.3484881213296243
  }
}