{
  "Total" : {
    "transaction" : "Total",
    "sampleCount" : 10,
    "errorCount" : 0,
    "errorPct" : 0.0,
    "meanResTime" : 7692.599999999999,
    "medianResTime" : 7733.5,
    "minResTime" : 7366.0,
    "maxResTime" : 7839.0,
    "pct1ResTime" : 7837.4,
    "pct2ResTime" : 7839.0,
    "pct3ResTime" : 7839.0,
    "throughput" : 1.2746972594008923,
    "receivedKBytesPerSec" : 14103.169564611218,
    "sentKBytesPerSec" : 0.15933715742511154
  },
  "HTTP Request" : {
    "transaction" : "HTTP Request",
    "sampleCount" : 10,
    "errorCount" : 0,
    "errorPct" : 0.0,
    "meanResTime" : 7692.599999999999,
    "medianResTime" : 7733.5,
    "minResTime" : 7366.0,
    "maxResTime" : 7839.0,
    "pct1ResTime" : 7837.4,
    "pct2ResTime" : 7839.0,
    "pct3ResTime" : 7839.0,
    "throughput" : 1.2746972594008923,
    "receivedKBytesPerSec" : 14103.169564611218,
    "sentKBytesPerSec" : 0.15933715742511154
  }
}