{
  "Total" : {
    "transaction" : "Total",
    "sampleCount" : 10,
    "errorCount" : 0,
    "errorPct" : 0.0,
    "meanResTime" : 7729.7,
    "medianResTime" : 7968.0,
    "minResTime" : 6218.0,
    "maxResTime" : 8114.0,
    "pct1ResTime" : 8111.0,
    "pct2ResTime" : 8114.0,
    "pct3ResTime" : 8114.0,
    "throughput" : 1.2319822594554637,
    "receivedKBytesPerSec" : 13630.57351661636,
    "sentKBytesPerSec" : 0.15399778243193296
  },
  "HTTP Request" : {
    "transaction" : "HTTP Request",
    "sampleCount" : 10,
    "errorCount" : 0,
    "errorPct" : 0.0,
    "meanResTime" : 7729.7,
    "medianResTime" : 7968.0,
    "minResTime" : 6218.0,
    "maxResTime" : 8114.0,
    "pct1ResTime" : 8111.0,
    "pct2ResTime" : 8114.0,
    "pct3ResTime" : 8114.0,
    "throughput" : 1.2319822594554637,
    "receivedKBytesPerSec" : 13630.57351661636,
    "sentKBytesPerSec" : 0.15399778243193296
  }
}