{
  "Total" : {
    "transaction" : "Total",
    "sampleCount" : 10,
    "errorCount" : 0,
    "errorPct" : 0.0,
    "meanResTime" : 7505.0,
    "medianResTime" : 7591.0,
    "minResTime" : 6456.0,
    "maxResTime" : 7816.0,
    "pct1ResTime" : 7815.4,
    "pct2ResTime" : 7816.0,
    "pct3ResTime" : 7816.0,
    "throughput" : 1.278935925310142,
    "receivedKBytesPerSec" : 14150.065895175214,
    "sentKBytesPerSec" : 0.15986699066376775
  },
  "HTTP Request" : {
    "transaction" : "HTTP Request",
    "sampleCount" : 10,
    "errorCount" : 0,
    "errorPct" : 0.0,
    "meanResTime" : 7505.0,
    "medianResTime" : 7591.0,
    "minResTime" : 6456.0,
    "maxResTime" : 7816.0,
    "pct1ResTime" : 7815.4,
    "pct2ResTime" : 7816.0,
    "pct3ResTime" : 7816.0,
    "throughput" : 1.278935925310142,
    "receivedKBytesPerSec" : 14150.065895175214,
    "sentKBytesPerSec" : 0.15986699066376775
  }
}