{
  "Microservice-based client" : {
    "transaction" : "Microservice-based client",
    "sampleCount" : 100,
    "errorCount" : 0,
    "errorPct" : 0.0,
    "meanResTime" : 1923.2,
    "medianResTime" : 1990.5,
    "minResTime" : 247.0,
    "maxResTime" : 3292.0,
    "pct1ResTime" : 3138.0,
    "pct2ResTime" : 3282.9999999999995,
    "pct3ResTime" : 3292.0,
    "throughput" : 28.530670470756064,
    "receivedKBytesPerSec" : 31586.345956669044,
    "sentKBytesPerSec" : 3.566333808844508
  },
  "Microservice-based client with caching" : {
    "transaction" : "Microservice-based client with caching",
    "sampleCount" : 100,
    "errorCount" : 0,
    "errorPct" : 0.0,
    "meanResTime" : 1006.99,
    "medianResTime" : 1230.0,
    "minResTime" : 107.0,
    "maxResTime" : 1605.0,
    "pct1ResTime" : 1345.7,
    "pct2ResTime" : 1377.95,
    "pct3ResTime" : 1603.9499999999994,
    "throughput" : 57.6036866359447,
    "receivedKBytesPerSec" : 63674.12514400922,
    "sentKBytesPerSec" : 10.800691244239632
  },
  "Total" : {
    "transaction" : "Total",
    "sampleCount" : 300,
    "errorCount" : 0,
    "errorPct" : 0.0,
    "meanResTime" : 1566.0833333333337,
    "medianResTime" : 1331.0,
    "minResTime" : 107.0,
    "maxResTime" : 3363.0,
    "pct1ResTime" : 3014.800000000001,
    "pct2ResTime" : 3245.0,
    "pct3ResTime" : 3334.92,
    "throughput" : 34.79067609880552,
    "receivedKBytesPerSec" : 38490.35487395628,
    "sentKBytesPerSec" : 5.073640264409139
  },
  "Monolithic-based client" : {
    "transaction" : "Monolithic-based client",
    "sampleCount" : 100,
    "errorCount" : 0,
    "errorPct" : 0.0,
    "meanResTime" : 1768.0600000000006,
    "medianResTime" : 1688.5,
    "minResTime" : 277.0,
    "maxResTime" : 3363.0,
    "pct1ResTime" : 3224.1000000000004,
    "pct2ResTime" : 3324.6,
    "pct3ResTime" : 3362.93,
    "throughput" : 29.647198339756894,
    "receivedKBytesPerSec" : 32805.78305662615,
    "sentKBytesPerSec" : 3.7058997924696113
  }
}