{
  "Microservice-based client" : {
    "transaction" : "Microservice-based client",
    "sampleCount" : 100,
    "errorCount" : 0,
    "errorPct" : 0.0,
    "meanResTime" : 163.29,
    "medianResTime" : 179.5,
    "minResTime" : 58.0,
    "maxResTime" : 244.0,
    "pct1ResTime" : 214.9,
    "pct2ResTime" : 219.89999999999998,
    "pct3ResTime" : 243.99,
    "throughput" : 353.35689045936397,
    "receivedKBytesPerSec" : 39181.67858325972,
    "sentKBytesPerSec" : 43.824536219081274
  },
  "Microservice-based client with caching" : {
    "transaction" : "Microservice-based client with caching",
    "sampleCount" : 100,
    "errorCount" : 0,
    "errorPct" : 0.0,
    "meanResTime" : 97.12999999999998,
    "medianResTime" : 105.0,
    "minResTime" : 9.0,
    "maxResTime" : 194.0,
    "pct1ResTime" : 180.0,
    "pct2ResTime" : 182.95,
    "pct3ResTime" : 193.96999999999997,
    "throughput" : 274.72527472527474,
    "receivedKBytesPerSec" : 30401.141826923078,
    "sentKBytesPerSec" : 51.24270260989011
  },
  "Total" : {
    "transaction" : "Total",
    "sampleCount" : 300,
    "errorCount" : 0,
    "errorPct" : 0.0,
    "meanResTime" : 152.62666666666664,
    "medianResTime" : 167.5,
    "minResTime" : 9.0,
    "maxResTime" : 456.0,
    "pct1ResTime" : 253.80000000000007,
    "pct2ResTime" : 270.0,
    "pct3ResTime" : 436.5600000000013,
    "throughput" : 266.42984014209594,
    "receivedKBytesPerSec" : 29519.192141707375,
    "sentKBytesPerSec" : 38.594166296625225
  },
  "Monolithic-based client" : {
    "transaction" : "Monolithic-based client",
    "sampleCount" : 100,
    "errorCount" : 0,
    "errorPct" : 0.0,
    "meanResTime" : 197.46,
    "medianResTime" : 215.0,
    "minResTime" : 56.0,
    "maxResTime" : 456.0,
    "pct1ResTime" : 279.9,
    "pct2ResTime" : 293.6499999999999,
    "pct3ResTime" : 455.98,
    "throughput" : 212.31422505307856,
    "receivedKBytesPerSec" : 23533.290207006372,
    "sentKBytesPerSec" : 26.331940021231425
  }
}