{
  "Microservice-based client" : {
    "transaction" : "Microservice-based client",
    "sampleCount" : 100,
    "errorCount" : 0,
    "errorPct" : 0.0,
    "meanResTime" : 151.92999999999995,
    "medianResTime" : 157.5,
    "minResTime" : 55.0,
    "maxResTime" : 329.0,
    "pct1ResTime" : 204.9,
    "pct2ResTime" : 219.69999999999993,
    "pct3ResTime" : 328.0299999999995,
    "throughput" : 253.16455696202533,
    "receivedKBytesPerSec" : 27808.747033227846,
    "sentKBytesPerSec" : 31.398338607594937
  },
  "Microservice-based client with caching" : {
    "transaction" : "Microservice-based client with caching",
    "sampleCount" : 100,
    "errorCount" : 0,
    "errorPct" : 0.0,
    "meanResTime" : 17.700000000000003,
    "medianResTime" : 11.0,
    "minResTime" : 2.0,
    "maxResTime" : 46.0,
    "pct1ResTime" : 42.0,
    "pct2ResTime" : 44.0,
    "pct3ResTime" : 45.989999999999995,
    "throughput" : 613.4969325153374,
    "receivedKBytesPerSec" : 6837.135736196319,
    "sentKBytesPerSec" : 114.43155674846625
  },
  "Total" : {
    "transaction" : "Total",
    "sampleCount" : 300,
    "errorCount" : 0,
    "errorPct" : 0.0,
    "meanResTime" : 156.8633333333332,
    "medianResTime" : 138.0,
    "minResTime" : 2.0,
    "maxResTime" : 455.0,
    "pct1ResTime" : 412.7000000000001,
    "pct2ResTime" : 438.0,
    "pct3ResTime" : 451.97,
    "throughput" : 289.57528957528956,
    "receivedKBytesPerSec" : 22278.710560448842,
    "sentKBytesPerSec" : 41.94694136100386
  },
  "Monolithic-based client" : {
    "transaction" : "Monolithic-based client",
    "sampleCount" : 100,
    "errorCount" : 0,
    "errorPct" : 0.0,
    "meanResTime" : 300.9599999999999,
    "medianResTime" : 338.0,
    "minResTime" : 72.0,
    "maxResTime" : 455.0,
    "pct1ResTime" : 444.9,
    "pct2ResTime" : 447.0,
    "pct3ResTime" : 454.98,
    "throughput" : 215.05376344086022,
    "receivedKBytesPerSec" : 23616.851478494624,
    "sentKBytesPerSec" : 26.671706989247312
  }
}