{
  "Microservice-based client" : {
    "transaction" : "Microservice-based client",
    "sampleCount" : 100,
    "errorCount" : 0,
    "errorPct" : 0.0,
    "meanResTime" : 401.0299999999999,
    "medianResTime" : 353.5,
    "minResTime" : 46.0,
    "maxResTime" : 1107.0,
    "pct1ResTime" : 687.3000000000004,
    "pct2ResTime" : 1083.85,
    "pct3ResTime" : 1106.93,
    "throughput" : 79.74481658692186,
    "receivedKBytesPerSec" : 8845.67353219697,
    "sentKBytesPerSec" : 9.890226275917065
  },
  "Microservice-based client with caching" : {
    "transaction" : "Microservice-based client with caching",
    "sampleCount" : 100,
    "errorCount" : 0,
    "errorPct" : 0.0,
    "meanResTime" : 36.910000000000004,
    "medianResTime" : 39.0,
    "minResTime" : 2.0,
    "maxResTime" : 74.0,
    "pct1ResTime" : 60.0,
    "pct2ResTime" : 66.84999999999997,
    "pct3ResTime" : 73.97999999999999,
    "throughput" : 671.1409395973154,
    "receivedKBytesPerSec" : 7479.551174496644,
    "sentKBytesPerSec" : 125.18351510067114
  },
  "Total" : {
    "transaction" : "Total",
    "sampleCount" : 300,
    "errorCount" : 0,
    "errorPct" : 0.0,
    "meanResTime" : 204.13333333333333,
    "medianResTime" : 178.0,
    "minResTime" : 2.0,
    "maxResTime" : 1107.0,
    "pct1ResTime" : 366.90000000000003,
    "pct2ResTime" : 406.0,
    "pct3ResTime" : 1095.93,
    "throughput" : 166.85205784204672,
    "receivedKBytesPerSec" : 12950.910082383203,
    "sentKBytesPerSec" : 24.169650305895438
  },
  "Monolithic-based client" : {
    "transaction" : "Monolithic-based client",
    "sampleCount" : 100,
    "errorCount" : 0,
    "errorPct" : 0.0,
    "meanResTime" : 174.45999999999998,
    "medianResTime" : 184.5,
    "minResTime" : 49.0,
    "maxResTime" : 361.0,
    "pct1ResTime" : 224.0,
    "pct2ResTime" : 271.5499999999999,
    "pct3ResTime" : 360.70999999999987,
    "throughput" : 261.78010471204186,
    "receivedKBytesPerSec" : 29002.116737565444,
    "sentKBytesPerSec" : 32.466868455497384
  }
}