{
  "Microservice-based client" : {
    "transaction" : "Microservice-based client",
    "sampleCount" : 100,
    "errorCount" : 0,
    "errorPct" : 0.0,
    "meanResTime" : 211.32,
    "medianResTime" : 182.0,
    "minResTime" : 34.0,
    "maxResTime" : 1041.0,
    "pct1ResTime" : 265.5,
    "pct2ResTime" : 691.7999999999995,
    "pct3ResTime" : 1040.98,
    "throughput" : 82.37232289950576,
    "receivedKBytesPerSec" : 9127.484844779654,
    "sentKBytesPerSec" : 10.216098640856673
  },
  "Microservice-based client with caching" : {
    "transaction" : "Microservice-based client with caching",
    "sampleCount" : 100,
    "errorCount" : 0,
    "errorPct" : 0.0,
    "meanResTime" : 22.44,
    "medianResTime" : 23.0,
    "minResTime" : 2.0,
    "maxResTime" : 41.0,
    "pct1ResTime" : 31.0,
    "pct2ResTime" : 33.0,
    "pct3ResTime" : 41.0,
    "throughput" : 591.7159763313609,
    "receivedKBytesPerSec" : 6594.397189349112,
    "sentKBytesPerSec" : 110.36889792899407
  },
  "Total" : {
    "transaction" : "Total",
    "sampleCount" : 300,
    "errorCount" : 0,
    "errorPct" : 0.0,
    "meanResTime" : 140.73000000000005,
    "medianResTime" : 139.5,
    "minResTime" : 2.0,
    "maxResTime" : 1041.0,
    "pct1ResTime" : 235.0,
    "pct2ResTime" : 271.69999999999993,
    "pct3ResTime" : 1032.89,
    "throughput" : 163.75545851528383,
    "receivedKBytesPerSec" : 12703.044508221888,
    "sentKBytesPerSec" : 23.721086926855893
  },
  "Monolithic-based client" : {
    "transaction" : "Monolithic-based client",
    "sampleCount" : 100,
    "errorCount" : 0,
    "errorPct" : 0.0,
    "meanResTime" : 188.43000000000004,
    "medianResTime" : 193.5,
    "minResTime" : 69.0,
    "maxResTime" : 401.0,
    "pct1ResTime" : 236.9,
    "pct2ResTime" : 284.4499999999999,
    "pct3ResTime" : 400.70999999999987,
    "throughput" : 226.2443438914027,
    "receivedKBytesPerSec" : 25060.538037330316,
    "sentKBytesPerSec" : 28.05960124434389
  }
}