{
  "Microservice-based client" : {
    "transaction" : "Microservice-based client",
    "sampleCount" : 5000,
    "errorCount" : 0,
    "errorPct" : 0.0,
    "meanResTime" : 205.93540000000004,
    "medianResTime" : 150.0,
    "minResTime" : 76.0,
    "maxResTime" : 1418.0,
    "pct1ResTime" : 406.90000000000055,
    "pct2ResTime" : 429.0,
    "pct3ResTime" : 613.9899999999998,
    "throughput" : 1520.2189115232593,
    "receivedKBytesPerSec" : 198.93489662511402,
    "sentKBytesPerSec" : 515.1523069321983
  },
  "Microservice-based client with caching" : {
    "transaction" : "Microservice-based client with caching",
    "sampleCount" : 5000,
    "errorCount" : 0,
    "errorPct" : 0.0,
    "meanResTime" : 696.5689999999975,
    "medianResTime" : 700.0,
    "minResTime" : 5.0,
    "maxResTime" : 1348.0,
    "pct1ResTime" : 1210.9000000000005,
    "pct2ResTime" : 1255.9499999999998,
    "pct3ResTime" : 1316.0,
    "throughput" : 1195.886151638364,
    "receivedKBytesPerSec" : 68.90359662760105,
    "sentKBytesPerSec" : 351.5251285577613
  },
  "Total" : {
    "transaction" : "Total",
    "sampleCount" : 15000,
    "errorCount" : 0,
    "errorPct" : 0.0,
    "meanResTime" : 336.7508666666669,
    "medianResTime" : 144.0,
    "minResTime" : 5.0,
    "maxResTime" : 1418.0,
    "pct1ResTime" : 911.0,
    "pct2ResTime" : 1115.0,
    "pct3ResTime" : 1289.9899999999998,
    "throughput" : 1211.2403100775193,
    "receivedKBytesPerSec" : 147.06791525355297,
    "sentKBytesPerSec" : 392.31253532784234
  },
  "Monolithic-based client" : {
    "transaction" : "Monolithic-based client",
    "sampleCount" : 5000,
    "errorCount" : 0,
    "errorPct" : 0.0,
    "meanResTime" : 107.7482000000001,
    "medianResTime" : 100.0,
    "minResTime" : 74.0,
    "maxResTime" : 407.0,
    "pct1ResTime" : 130.0,
    "pct2ResTime" : 143.0,
    "pct3ResTime" : 253.98999999999978,
    "throughput" : 1018.3299389002036,
    "receivedKBytesPerSec" : 179.00330957230142,
    "sentKBytesPerSec" : 345.07860234215883
  }
}