{
  "Microservice-based client" : {
    "transaction" : "Microservice-based client",
    "sampleCount" : 5000,
    "errorCount" : 0,
    "errorPct" : 0.0,
    "meanResTime" : 60.647400000000076,
    "medianResTime" : 60.0,
    "minResTime" : 11.0,
    "maxResTime" : 106.0,
    "pct1ResTime" : 73.0,
    "pct2ResTime" : 80.0,
    "pct3ResTime" : 90.0,
    "throughput" : 1649.0765171503958,
    "receivedKBytesPerSec" : 215.79712236147756,
    "sentKBytesPerSec" : 391.33358756596306
  },
  "Microservice-based client with caching" : {
    "transaction" : "Microservice-based client with caching",
    "sampleCount" : 5000,
    "errorCount" : 0,
    "errorPct" : 0.0,
    "meanResTime" : 424.4881999999997,
    "medianResTime" : 409.0,
    "minResTime" : 14.0,
    "maxResTime" : 853.0,
    "pct1ResTime" : 711.0,
    "pct2ResTime" : 781.0,
    "pct3ResTime" : 822.0,
    "throughput" : 1216.2490878131841,
    "receivedKBytesPerSec" : 70.0768517392362,
    "sentKBytesPerSec" : 357.5107181950864
  },
  "Total" : {
    "transaction" : "Total",
    "sampleCount" : 15000,
    "errorCount" : 0,
    "errorPct" : 0.0,
    "meanResTime" : 178.11386666666684,
    "medianResTime" : 61.0,
    "minResTime" : 3.0,
    "maxResTime" : 853.0,
    "pct1ResTime" : 538.0,
    "pct2ResTime" : 648.0,
    "pct3ResTime" : 805.0,
    "throughput" : 1267.5342234240325,
    "receivedKBytesPerSec" : 153.90308116444143,
    "sentKBytesPerSec" : 324.72312299307083
  },
  "Monolithic-based client" : {
    "transaction" : "Monolithic-based client",
    "sampleCount" : 5000,
    "errorCount" : 0,
    "errorPct" : 0.0,
    "meanResTime" : 49.20600000000007,
    "medianResTime" : 44.0,
    "minResTime" : 3.0,
    "maxResTime" : 254.0,
    "pct1ResTime" : 57.0,
    "pct2ResTime" : 68.0,
    "pct3ResTime" : 224.98999999999978,
    "throughput" : 1066.7804565820354,
    "receivedKBytesPerSec" : 187.5200021335609,
    "sentKBytesPerSec" : 253.1520028803072
  }
}