{
  "Microservice-based client" : {
    "transaction" : "Microservice-based client",
    "sampleCount" : 5000,
    "errorCount" : 0,
    "errorPct" : 0.0,
    "meanResTime" : 119.30120000000004,
    "medianResTime" : 94.0,
    "minResTime" : 40.0,
    "maxResTime" : 1341.0,
    "pct1ResTime" : 162.0,
    "pct2ResTime" : 322.0,
    "pct3ResTime" : 383.97999999999956,
    "throughput" : 1794.6877243359656,
    "receivedKBytesPerSec" : 234.85171392677674,
    "sentKBytesPerSec" : 485.47705043072506
  },
  "Microservice-based client with caching" : {
    "transaction" : "Microservice-based client with caching",
    "sampleCount" : 5000,
    "errorCount" : 0,
    "errorPct" : 0.0,
    "meanResTime" : 711.0802000000023,
    "medianResTime" : 775.0,
    "minResTime" : 4.0,
    "maxResTime" : 1442.0,
    "pct1ResTime" : 1229.9000000000005,
    "pct2ResTime" : 1329.0,
    "pct3ResTime" : 1414.0,
    "throughput" : 1203.659123736158,
    "receivedKBytesPerSec" : 69.35145341839191,
    "sentKBytesPerSec" : 353.8099572701011
  },
  "Total" : {
    "transaction" : "Total",
    "sampleCount" : 15000,
    "errorCount" : 0,
    "errorPct" : 0.0,
    "meanResTime" : 299.1956666666665,
    "medianResTime" : 94.0,
    "minResTime" : 4.0,
    "maxResTime" : 1442.0,
    "pct1ResTime" : 930.0,
    "pct2ResTime" : 1096.0,
    "pct3ResTime" : 1361.0,
    "throughput" : 1283.3675564681726,
    "receivedKBytesPerSec" : 155.82555291752223,
    "sentKBytesPerSec" : 357.18725936858317
  },
  "Monolithic-based client" : {
    "transaction" : "Monolithic-based client",
    "sampleCount" : 5000,
    "errorCount" : 0,
    "errorPct" : 0.0,
    "meanResTime" : 67.20559999999993,
    "medianResTime" : 61.0,
    "minResTime" : 4.0,
    "maxResTime" : 313.0,
    "pct1ResTime" : 75.0,
    "pct2ResTime" : 97.94999999999982,
    "pct3ResTime" : 276.0,
    "throughput" : 1053.962900505902,
    "receivedKBytesPerSec" : 185.26691610455313,
    "sentKBytesPerSec" : 285.10519867200674
  }
}