{
  "Microservice-based client" : {
    "transaction" : "Microservice-based client",
    "sampleCount" : 5000,
    "errorCount" : 0,
    "errorPct" : 0.0,
    "meanResTime" : 1727.9364000000007,
    "medianResTime" : 1740.0,
    "minResTime" : 102.0,
    "maxResTime" : 5071.0,
    "pct1ResTime" : 2956.9000000000005,
    "pct2ResTime" : 3264.8499999999995,
    "pct3ResTime" : 4061.9399999999987,
    "throughput" : 720.3572972194208,
    "receivedKBytesPerSec" : 94.26550569082265,
    "sentKBytesPerSec" : 341.18485268693274
  },
  "Microservice-based client with caching" : {
    "transaction" : "Microservice-based client with caching",
    "sampleCount" : 5000,
    "errorCount" : 0,
    "errorPct" : 0.0,
    "meanResTime" : 829.6445999999993,
    "medianResTime" : 839.5,
    "minResTime" : 3.0,
    "maxResTime" : 1609.0,
    "pct1ResTime" : 1355.9000000000005,
    "pct2ResTime" : 1491.0,
    "pct3ResTime" : 1573.9899999999998,
    "throughput" : 1159.017153453871,
    "receivedKBytesPerSec" : 66.77930864626796,
    "sentKBytesPerSec" : 340.6876593648586
  },
  "Total" : {
    "transaction" : "Total",
    "sampleCount" : 15000,
    "errorCount" : 0,
    "errorPct" : 0.0,
    "meanResTime" : 1034.750333333333,
    "medianResTime" : 836.0,
    "minResTime" : 3.0,
    "maxResTime" : 5071.0,
    "pct1ResTime" : 2238.0,
    "pct2ResTime" : 2718.899999999998,
    "pct3ResTime" : 3478.9799999999996,
    "throughput" : 827.0842523158359,
    "receivedKBytesPerSec" : 100.42396683392148,
    "sentKBytesPerSec" : 342.1953400694751
  },
  "Monolithic-based client" : {
    "transaction" : "Monolithic-based client",
    "sampleCount" : 5000,
    "errorCount" : 0,
    "errorPct" : 0.0,
    "meanResTime" : 546.6699999999989,
    "medianResTime" : 435.0,
    "minResTime" : 142.0,
    "maxResTime" : 3052.0,
    "pct1ResTime" : 1174.0,
    "pct2ResTime" : 1365.749999999999,
    "pct3ResTime" : 1897.9599999999991,
    "throughput" : 726.9555103227683,
    "receivedKBytesPerSec" : 127.7851482989241,
    "sentKBytesPerSec" : 344.3099829165455
  }
}