{
  "Microservice-based client" : {
    "transaction" : "Microservice-based client",
    "sampleCount" : 5000,
    "errorCount" : 5000,
    "errorPct" : 100.0,
    "meanResTime" : 404.9210000000005,
    "medianResTime" : 137.0,
    "minResTime" : 20.0,
    "maxResTime" : 4092.0,
    "pct1ResTime" : 1148.0,
    "pct2ResTime" : 1381.8999999999996,
    "pct3ResTime" : 2196.949999999999,
    "throughput" : 960.9840476648087,
    "receivedKBytesPerSec" : 224.29217518739188,
    "sentKBytesPerSec" : 2400.5831971939265
  },
  "Microservice-based client with caching" : {
    "transaction" : "Microservice-based client with caching",
    "sampleCount" : 5000,
    "errorCount" : 0,
    "errorPct" : 0.0,
    "meanResTime" : 705.1013999999986,
    "medianResTime" : 641.0,
    "minResTime" : 13.0,
    "maxResTime" : 1465.0,
    "pct1ResTime" : 1236.0,
    "pct2ResTime" : 1335.9499999999998,
    "pct3ResTime" : 1421.9899999999998,
    "throughput" : 1220.1073694485115,
    "receivedKBytesPerSec" : 70.29915507564665,
    "sentKBytesPerSec" : 358.6448419960957
  },
  "Total" : {
    "transaction" : "Total",
    "sampleCount" : 15000,
    "errorCount" : 10000,
    "errorPct" : 66.666664,
    "meanResTime" : 376.2941333333349,
    "medianResTime" : 127.0,
    "minResTime" : 1.0,
    "maxResTime" : 4092.0,
    "pct1ResTime" : 1111.0,
    "pct2ResTime" : 1260.0,
    "pct3ResTime" : 1601.909999999998,
    "throughput" : 1064.0561821664182,
    "receivedKBytesPerSec" : 188.77298804710222,
    "sentKBytesPerSec" : 1876.2995894516564
  },
  "Monolithic-based client" : {
    "transaction" : "Monolithic-based client",
    "sampleCount" : 5000,
    "errorCount" : 5000,
    "errorPct" : 100.0,
    "meanResTime" : 18.860000000000035,
    "medianResTime" : 14.0,
    "minResTime" : 1.0,
    "maxResTime" : 214.0,
    "pct1ResTime" : 24.0,
    "pct2ResTime" : 72.0,
    "pct3ResTime" : 160.0,
    "throughput" : 1043.187982474442,
    "receivedKBytesPerSec" : 251.6283512413937,
    "sentKBytesPerSec" : 2605.9324796578344
  }
}