{
  "Microservice-based client" : {
    "transaction" : "Microservice-based client",
    "sampleCount" : 5000,
    "errorCount" : 1,
    "errorPct" : 0.02,
    "meanResTime" : 18830.119000000024,
    "medianResTime" : 18813.5,
    "minResTime" : 1907.0,
    "maxResTime" : 35333.0,
    "pct1ResTime" : 32045.7,
    "pct2ResTime" : 33280.6,
    "pct3ResTime" : 34227.0,
    "throughput" : 138.48881010414357,
    "receivedKBytesPerSec" : 18.261156139208953,
    "sentKBytesPerSec" : 345.816296324507
  },
  "Microservice-based client with caching" : {
    "transaction" : "Microservice-based client with caching",
    "sampleCount" : 5000,
    "errorCount" : 0,
    "errorPct" : 0.0,
    "meanResTime" : 816.7276000000013,
    "medianResTime" : 819.5,
    "minResTime" : 2.0,
    "maxResTime" : 1338.0,
    "pct1ResTime" : 1184.0,
    "pct2ResTime" : 1255.9499999999998,
    "pct3ResTime" : 1305.9899999999998,
    "throughput" : 1125.872551227201,
    "receivedKBytesPerSec" : 64.869609885161,
    "sentKBytesPerSec" : 330.9449589056519
  },
  "Total" : {
    "transaction" : "Total",
    "sampleCount" : 15000,
    "errorCount" : 3,
    "errorPct" : 0.02,
    "meanResTime" : 12366.528000000088,
    "medianResTime" : 10302.0,
    "minResTime" : 2.0,
    "maxResTime" : 35333.0,
    "pct1ResTime" : 29213.8,
    "pct2ResTime" : 31374.949999999997,
    "pct3ResTime" : 33767.97,
    "throughput" : 194.26528867821898,
    "receivedKBytesPerSec" : 23.717515201258838,
    "sentKBytesPerSec" : 342.4305137345559
  },
  "Monolithic-based client" : {
    "transaction" : "Monolithic-based client",
    "sampleCount" : 5000,
    "errorCount" : 2,
    "errorPct" : 0.04,
    "meanResTime" : 17452.73740000006,
    "medianResTime" : 17826.5,
    "minResTime" : 2595.0,
    "maxResTime" : 34117.0,
    "pct1ResTime" : 29681.9,
    "pct2ResTime" : 30747.75,
    "pct3ResTime" : 31783.0,
    "throughput" : 136.36611574755906,
    "receivedKBytesPerSec" : 24.107824687721596,
    "sentKBytesPerSec" : 340.5157792641685
  }
}