{
  "Microservice-based client" : {
    "transaction" : "Microservice-based client",
    "sampleCount" : 5000,
    "errorCount" : 0,
    "errorPct" : 0.0,
    "meanResTime" : 57.56260000000015,
    "medianResTime" : 57.0,
    "minResTime" : 19.0,
    "maxResTime" : 104.0,
    "pct1ResTime" : 69.0,
    "pct2ResTime" : 74.0,
    "pct3ResTime" : 83.0,
    "throughput" : 1514.6925174189641,
    "receivedKBytesPerSec" : 198.21171614662222,
    "sentKBytesPerSec" : 359.4436345046955
  },
  "Microservice-based client with caching" : {
    "transaction" : "Microservice-based client with caching",
    "sampleCount" : 5000,
    "errorCount" : 0,
    "errorPct" : 0.0,
    "meanResTime" : 850.2280000000001,
    "medianResTime" : 864.0,
    "minResTime" : 23.0,
    "maxResTime" : 1407.0,
    "pct1ResTime" : 1352.0,
    "pct2ResTime" : 1370.0,
    "pct3ResTime" : 1393.0,
    "throughput" : 1222.7928588897041,
    "receivedKBytesPerSec" : 70.45388542430912,
    "sentKBytesPerSec" : 359.4342290291024
  },
  "Total" : {
    "transaction" : "Total",
    "sampleCount" : 15000,
    "errorCount" : 0,
    "errorPct" : 0.0,
    "meanResTime" : 318.43433333333303,
    "medianResTime" : 59.0,
    "minResTime" : 3.0,
    "maxResTime" : 1407.0,
    "pct1ResTime" : 1210.0,
    "pct2ResTime" : 1328.0,
    "pct3ResTime" : 1380.0,
    "throughput" : 1233.9585389930899,
    "receivedKBytesPerSec" : 149.82634604310627,
    "sentKBytesPerSec" : 316.1215397745969
  },
  "Monolithic-based client" : {
    "transaction" : "Monolithic-based client",
    "sampleCount" : 5000,
    "errorCount" : 0,
    "errorPct" : 0.0,
    "meanResTime" : 47.51239999999981,
    "medianResTime" : 43.0,
    "minResTime" : 3.0,
    "maxResTime" : 231.0,
    "pct1ResTime" : 57.0,
    "pct2ResTime" : 71.94999999999982,
    "pct3ResTime" : 199.0,
    "throughput" : 1049.9790004199915,
    "receivedKBytesPerSec" : 184.56662116757667,
    "sentKBytesPerSec" : 249.1649385762285
  }
}