{
  "Microservice-based client with caching" : {
    "transaction" : "Microservice-based client with caching",
    "sampleCount" : 5000,
    "errorCount" : 0,
    "errorPct" : 0.0,
    "meanResTime" : 9946.697199999993,
    "medianResTime" : 9720.5,
    "minResTime" : 106.0,
    "maxResTime" : 20580.0,
    "pct1ResTime" : 18112.500000000004,
    "pct2ResTime" : 19208.95,
    "pct3ResTime" : 20007.94,
    "throughput" : 197.667523225934,
    "receivedKBytesPerSec" : 52591.529328918754,
    "sentKBytesPerSec" : 36.86962591421229
  },
  "Total" : {
    "transaction" : "Total",
    "sampleCount" : 5000,
    "errorCount" : 0,
    "errorPct" : 0.0,
    "meanResTime" : 9946.697199999993,
    "medianResTime" : 9720.5,
    "minResTime" : 106.0,
    "maxResTime" : 20580.0,
    "pct1ResTime" : 18112.500000000004,
    "pct2ResTime" : 19208.95,
    "pct3ResTime" : 20007.94,
    "throughput" : 197.667523225934,
    "receivedKBytesPerSec" : 52591.529328918754,
    "sentKBytesPerSec" : 36.86962591421229
  }
}