{
  "Microservice-based client with caching" : {
    "transaction" : "Microservice-based client with caching",
    "sampleCount" : 5000,
    "errorCount" : 0,
    "errorPct" : 0.0,
    "meanResTime" : 9843.81440000001,
    "medianResTime" : 9724.5,
    "minResTime" : 114.0,
    "maxResTime" : 20343.0,
    "pct1ResTime" : 17856.9,
    "pct2ResTime" : 18865.75,
    "pct3ResTime" : 19703.909999999996,
    "throughput" : 199.65659066405783,
    "receivedKBytesPerSec" : 53120.74169927724,
    "sentKBytesPerSec" : 37.24063361019047
  },
  "Total" : {
    "transaction" : "Total",
    "sampleCount" : 5000,
    "errorCount" : 0,
    "errorPct" : 0.0,
    "meanResTime" : 9843.81440000001,
    "medianResTime" : 9724.5,
    "minResTime" : 114.0,
    "maxResTime" : 20343.0,
    "pct1ResTime" : 17856.9,
    "pct2ResTime" : 18865.75,
    "pct3ResTime" : 19703.909999999996,
    "throughput" : 199.65659066405783,
    "receivedKBytesPerSec" : 53120.74169927724,
    "sentKBytesPerSec" : 37.24063361019047
  }
}