{
  "Microservice-based client" : {
    "transaction" : "Microservice-based client",
    "sampleCount" : 100,
    "errorCount" : 0,
    "errorPct" : 0.0,
    "meanResTime" : 17.310000000000006,
    "medianResTime" : 15.5,
    "minResTime" : 4.0,
    "maxResTime" : 38.0,
    "pct1ResTime" : 30.0,
    "pct2ResTime" : 34.94999999999999,
    "pct3ResTime" : 37.97999999999999,
    "throughput" : 471.6981132075472,
    "receivedKBytesPerSec" : 5236.222177181604,
    "sentKBytesPerSec" : 58.501621462264154
  },
  "Microservice-based client with caching" : {
    "transaction" : "Microservice-based client with caching",
    "sampleCount" : 100,
    "errorCount" : 0,
    "errorPct" : 0.0,
    "meanResTime" : 39.55000000000001,
    "medianResTime" : 34.0,
    "minResTime" : 2.0,
    "maxResTime" : 74.0,
    "pct1ResTime" : 69.0,
    "pct2ResTime" : 71.0,
    "pct3ResTime" : 73.99,
    "throughput" : 617.283950617284,
    "receivedKBytesPerSec" : 6823.278356481481,
    "sentKBytesPerSec" : 115.13792438271605
  },
  "Total" : {
    "transaction" : "Total",
    "sampleCount" : 300,
    "errorCount" : 0,
    "errorPct" : 0.0,
    "meanResTime" : 45.94,
    "medianResTime" : 34.5,
    "minResTime" : 2.0,
    "maxResTime" : 113.0,
    "pct1ResTime" : 97.0,
    "pct2ResTime" : 104.89999999999998,
    "pct3ResTime" : 111.99000000000001,
    "throughput" : 581.3953488372093,
    "receivedKBytesPerSec" : 6452.733239462209,
    "sentKBytesPerSec" : 84.21905281007751
  },
  "Monolithic-based client" : {
    "transaction" : "Monolithic-based client",
    "sampleCount" : 100,
    "errorCount" : 0,
    "errorPct" : 0.0,
    "meanResTime" : 80.96,
    "medianResTime" : 81.5,
    "minResTime" : 27.0,
    "maxResTime" : 113.0,
    "pct1ResTime" : 108.0,
    "pct2ResTime" : 111.0,
    "pct3ResTime" : 112.99,
    "throughput" : 781.25,
    "receivedKBytesPerSec" : 8704.376220703125,
    "sentKBytesPerSec" : 96.893310546875
  }
}