{
  "Microservice-based client" : {
    "transaction" : "Microservice-based client",
    "sampleCount" : 100,
    "errorCount" : 0,
    "errorPct" : 0.0,
    "meanResTime" : 31.519999999999985,
    "medianResTime" : 33.5,
    "minResTime" : 5.0,
    "maxResTime" : 63.0,
    "pct1ResTime" : 50.900000000000006,
    "pct2ResTime" : 56.0,
    "pct3ResTime" : 62.97999999999999,
    "throughput" : 507.6142131979695,
    "receivedKBytesPerSec" : 5635.063055203045,
    "sentKBytesPerSec" : 62.95605964467005
  },
  "Microservice-based client with caching" : {
    "transaction" : "Microservice-based client with caching",
    "sampleCount" : 100,
    "errorCount" : 0,
    "errorPct" : 0.0,
    "meanResTime" : 28.96999999999999,
    "medianResTime" : 30.5,
    "minResTime" : 2.0,
    "maxResTime" : 50.0,
    "pct1ResTime" : 39.0,
    "pct2ResTime" : 40.94999999999999,
    "pct3ResTime" : 49.949999999999974,
    "throughput" : 591.7159763313609,
    "receivedKBytesPerSec" : 6594.397189349112,
    "sentKBytesPerSec" : 110.36889792899407
  },
  "Total" : {
    "transaction" : "Total",
    "sampleCount" : 300,
    "errorCount" : 0,
    "errorPct" : 0.0,
    "meanResTime" : 44.93333333333335,
    "medianResTime" : 36.0,
    "minResTime" : 2.0,
    "maxResTime" : 127.0,
    "pct1ResTime" : 107.90000000000003,
    "pct2ResTime" : 118.94999999999999,
    "pct3ResTime" : 124.0,
    "throughput" : 591.7159763313609,
    "receivedKBytesPerSec" : 6585.440551035503,
    "sentKBytesPerSec" : 85.71406558185404
  },
  "Monolithic-based client" : {
    "transaction" : "Monolithic-based client",
    "sampleCount" : 100,
    "errorCount" : 0,
    "errorPct" : 0.0,
    "meanResTime" : 74.30999999999999,
    "medianResTime" : 65.0,
    "minResTime" : 19.0,
    "maxResTime" : 127.0,
    "pct1ResTime" : 120.0,
    "pct2ResTime" : 121.94999999999999,
    "pct3ResTime" : 126.96999999999998,
    "throughput" : 781.25,
    "receivedKBytesPerSec" : 8705.13916015625,
    "sentKBytesPerSec" : 96.893310546875
  }
}