{
  "Microservice-based client" : {
    "transaction" : "Microservice-based client",
    "sampleCount" : 3000,
    "errorCount" : 0,
    "errorPct" : 0.0,
    "meanResTime" : 96.20300000000027,
    "medianResTime" : 56.0,
    "minResTime" : 12.0,
    "maxResTime" : 1105.0,
    "pct1ResTime" : 95.0,
    "pct2ResTime" : 268.0,
    "pct3ResTime" : 1063.9799999999996,
    "throughput" : 881.0572687224669,
    "receivedKBytesPerSec" : 9860.879279093246,
    "sentKBytesPerSec" : 109.2717511013216
  },
  "Microservice-based client with caching" : {
    "transaction" : "Microservice-based client with caching",
    "sampleCount" : 3000,
    "errorCount" : 0,
    "errorPct" : 0.0,
    "meanResTime" : 638.8629999999988,
    "medianResTime" : 719.0,
    "minResTime" : 1.0,
    "maxResTime" : 2129.0,
    "pct1ResTime" : 1097.0,
    "pct2ResTime" : 1145.0,
    "pct3ResTime" : 1679.8699999999972,
    "throughput" : 1194.2675159235669,
    "receivedKBytesPerSec" : 13309.551652070064,
    "sentKBytesPerSec" : 222.75888236464968
  },
  "Total" : {
    "transaction" : "Total",
    "sampleCount" : 9000,
    "errorCount" : 0,
    "errorPct" : 0.0,
    "meanResTime" : 258.69699999999983,
    "medianResTime" : 58.0,
    "minResTime" : 1.0,
    "maxResTime" : 2129.0,
    "pct1ResTime" : 848.0,
    "pct2ResTime" : 1050.0,
    "pct3ResTime" : 1185.9899999999998,
    "throughput" : 889.5917762182464,
    "receivedKBytesPerSec" : 9954.250600011119,
    "sentKBytesPerSec" : 128.86339206286448
  },
  "Monolithic-based client" : {
    "transaction" : "Monolithic-based client",
    "sampleCount" : 3000,
    "errorCount" : 0,
    "errorPct" : 0.0,
    "meanResTime" : 41.02500000000004,
    "medianResTime" : 35.0,
    "minResTime" : 2.0,
    "maxResTime" : 1032.0,
    "pct1ResTime" : 50.0,
    "pct2ResTime" : 97.94999999999982,
    "pct3ResTime" : 135.0,
    "throughput" : 715.307582260372,
    "receivedKBytesPerSec" : 8034.636534334764,
    "sentKBytesPerSec" : 88.71490522174535
  }
}