{
  "Microservice-based client" : {
    "transaction" : "Microservice-based client",
    "sampleCount" : 3000,
    "errorCount" : 0,
    "errorPct" : 0.0,
    "meanResTime" : 151.10199999999958,
    "medianResTime" : 60.0,
    "minResTime" : 18.0,
    "maxResTime" : 761.0,
    "pct1ResTime" : 438.0,
    "pct2ResTime" : 496.9499999999998,
    "pct3ResTime" : 584.9899999999998,
    "throughput" : 1289.213579716373,
    "receivedKBytesPerSec" : 168.70568328319726,
    "sentKBytesPerSec" : 305.93642565535026
  },
  "Microservice-based client with caching" : {
    "transaction" : "Microservice-based client with caching",
    "sampleCount" : 3000,
    "errorCount" : 0,
    "errorPct" : 0.0,
    "meanResTime" : 756.7426666666679,
    "medianResTime" : 816.5,
    "minResTime" : 14.0,
    "maxResTime" : 1064.0,
    "pct1ResTime" : 985.0,
    "pct2ResTime" : 1003.0,
    "pct3ResTime" : 1037.9899999999998,
    "throughput" : 1152.516327314637,
    "receivedKBytesPerSec" : 66.40474932769881,
    "sentKBytesPerSec" : 338.77677199385323
  },
  "Total" : {
    "transaction" : "Total",
    "sampleCount" : 9000,
    "errorCount" : 0,
    "errorPct" : 0.0,
    "meanResTime" : 315.98211111111044,
    "medianResTime" : 62.0,
    "minResTime" : 3.0,
    "maxResTime" : 1064.0,
    "pct1ResTime" : 887.0,
    "pct2ResTime" : 970.0,
    "pct3ResTime" : 1018.9899999999998,
    "throughput" : 1108.3743842364534,
    "receivedKBytesPerSec" : 134.57800954433498,
    "sentKBytesPerSec" : 283.94877616995075
  },
  "Monolithic-based client" : {
    "transaction" : "Monolithic-based client",
    "sampleCount" : 3000,
    "errorCount" : 0,
    "errorPct" : 0.0,
    "meanResTime" : 40.101666666666596,
    "medianResTime" : 41.0,
    "minResTime" : 3.0,
    "maxResTime" : 87.0,
    "pct1ResTime" : 53.0,
    "pct2ResTime" : 56.94999999999982,
    "pct3ResTime" : 71.0,
    "throughput" : 941.3241292751804,
    "receivedKBytesPerSec" : 165.46713209915282,
    "sentKBytesPerSec" : 223.3806283338563
  }
}