{
  "Microservice-based client" : {
    "transaction" : "Microservice-based client",
    "sampleCount" : 3000,
    "errorCount" : 0,
    "errorPct" : 0.0,
    "meanResTime" : 55.82033333333328,
    "medianResTime" : 56.0,
    "minResTime" : 4.0,
    "maxResTime" : 284.0,
    "pct1ResTime" : 71.0,
    "pct2ResTime" : 76.0,
    "pct3ResTime" : 86.0,
    "throughput" : 1375.515818431912,
    "receivedKBytesPerSec" : 179.99914030261348,
    "sentKBytesPerSec" : 326.4163514442916
  },
  "Microservice-based client with caching" : {
    "transaction" : "Microservice-based client with caching",
    "sampleCount" : 3000,
    "errorCount" : 0,
    "errorPct" : 0.0,
    "meanResTime" : 480.18133333333384,
    "medianResTime" : 505.5,
    "minResTime" : 16.0,
    "maxResTime" : 886.0,
    "pct1ResTime" : 793.0,
    "pct2ResTime" : 827.0,
    "pct3ResTime" : 864.0,
    "throughput" : 1186.2396204033214,
    "receivedKBytesPerSec" : 68.347790628707,
    "sentKBytesPerSec" : 348.6895759193357
  },
  "Total" : {
    "transaction" : "Total",
    "sampleCount" : 9000,
    "errorCount" : 0,
    "errorPct" : 0.0,
    "meanResTime" : 197.3765555555558,
    "medianResTime" : 59.0,
    "minResTime" : 3.0,
    "maxResTime" : 886.0,
    "pct1ResTime" : 686.0,
    "pct2ResTime" : 772.0,
    "pct3ResTime" : 847.0,
    "throughput" : 1129.5180722891566,
    "receivedKBytesPerSec" : 137.14526073042168,
    "sentKBytesPerSec" : 289.36546969126505
  },
  "Monolithic-based client" : {
    "transaction" : "Monolithic-based client",
    "sampleCount" : 3000,
    "errorCount" : 0,
    "errorPct" : 0.0,
    "meanResTime" : 56.127999999999965,
    "medianResTime" : 40.0,
    "minResTime" : 3.0,
    "maxResTime" : 414.0,
    "pct1ResTime" : 77.0,
    "pct2ResTime" : 242.94999999999982,
    "pct3ResTime" : 306.0,
    "throughput" : 921.9422249539028,
    "receivedKBytesPerSec" : 162.06015673017825,
    "sentKBytesPerSec" : 218.78121158574064
  }
}