{
  "Microservice-based client" : {
    "transaction" : "Microservice-based client",
    "sampleCount" : 3000,
    "errorCount" : 0,
    "errorPct" : 0.0,
    "meanResTime" : 55.619333333333316,
    "medianResTime" : 56.0,
    "minResTime" : 4.0,
    "maxResTime" : 99.0,
    "pct1ResTime" : 71.0,
    "pct2ResTime" : 76.0,
    "pct3ResTime" : 87.0,
    "throughput" : 1299.8266897746967,
    "receivedKBytesPerSec" : 170.0945082322357,
    "sentKBytesPerSec" : 308.45496642114387
  },
  "Microservice-based client with caching" : {
    "transaction" : "Microservice-based client with caching",
    "sampleCount" : 3000,
    "errorCount" : 0,
    "errorPct" : 0.0,
    "meanResTime" : 446.82199999999995,
    "medianResTime" : 508.0,
    "minResTime" : 17.0,
    "maxResTime" : 824.0,
    "pct1ResTime" : 729.9000000000001,
    "pct2ResTime" : 755.0,
    "pct3ResTime" : 790.9799999999996,
    "throughput" : 1223.9902080783354,
    "receivedKBytesPerSec" : 70.52287331701346,
    "sentKBytesPerSec" : 359.7861842105263
  },
  "Total" : {
    "transaction" : "Total",
    "sampleCount" : 9000,
    "errorCount" : 0,
    "errorPct" : 0.0,
    "meanResTime" : 185.28033333333377,
    "medianResTime" : 59.0,
    "minResTime" : 3.0,
    "maxResTime" : 824.0,
    "pct1ResTime" : 634.9000000000005,
    "pct2ResTime" : 698.0,
    "pct3ResTime" : 768.0,
    "throughput" : 1125.703564727955,
    "receivedKBytesPerSec" : 136.68210600375235,
    "sentKBytesPerSec" : 288.38825046904316
  },
  "Monolithic-based client" : {
    "transaction" : "Monolithic-based client",
    "sampleCount" : 3000,
    "errorCount" : 0,
    "errorPct" : 0.0,
    "meanResTime" : 53.39966666666671,
    "medianResTime" : 43.0,
    "minResTime" : 3.0,
    "maxResTime" : 325.0,
    "pct1ResTime" : 68.0,
    "pct2ResTime" : 175.0,
    "pct3ResTime" : 246.0,
    "throughput" : 927.9307145066502,
    "receivedKBytesPerSec" : 163.1128209093721,
    "sentKBytesPerSec" : 220.20230822765234
  }
}