{
  "Microservice-based client" : {
    "transaction" : "Microservice-based client",
    "sampleCount" : 3000,
    "errorCount" : 0,
    "errorPct" : 0.0,
    "meanResTime" : 59.525000000000006,
    "medianResTime" : 59.0,
    "minResTime" : 10.0,
    "maxResTime" : 103.0,
    "pct1ResTime" : 75.0,
    "pct2ResTime" : 80.0,
    "pct3ResTime" : 88.0,
    "throughput" : 1417.7693761814744,
    "receivedKBytesPerSec" : 185.52841446124762,
    "sentKBytesPerSec" : 336.44331876181474
  },
  "Microservice-based client with caching" : {
    "transaction" : "Microservice-based client with caching",
    "sampleCount" : 3000,
    "errorCount" : 0,
    "errorPct" : 0.0,
    "meanResTime" : 491.0196666666663,
    "medianResTime" : 471.5,
    "minResTime" : 24.0,
    "maxResTime" : 1041.0,
    "pct1ResTime" : 885.9000000000001,
    "pct2ResTime" : 924.0,
    "pct3ResTime" : 1003.9799999999996,
    "throughput" : 1280.4097311139565,
    "receivedKBytesPerSec" : 73.77360755441741,
    "sentKBytesPerSec" : 376.3704385403329
  },
  "Total" : {
    "transaction" : "Total",
    "sampleCount" : 9000,
    "errorCount" : 0,
    "errorPct" : 0.0,
    "meanResTime" : 202.542333333334,
    "medianResTime" : 62.0,
    "minResTime" : 3.0,
    "maxResTime" : 1041.0,
    "pct1ResTime" : 682.0,
    "pct2ResTime" : 848.0,
    "pct3ResTime" : 955.9899999999998,
    "throughput" : 1176.624395345797,
    "receivedKBytesPerSec" : 142.86487612759836,
    "sentKBytesPerSec" : 301.43339815662176
  },
  "Monolithic-based client" : {
    "transaction" : "Monolithic-based client",
    "sampleCount" : 3000,
    "errorCount" : 0,
    "errorPct" : 0.0,
    "meanResTime" : 57.08233333333342,
    "medianResTime" : 43.0,
    "minResTime" : 3.0,
    "maxResTime" : 279.0,
    "pct1ResTime" : 64.0,
    "pct2ResTime" : 220.94999999999982,
    "pct3ResTime" : 250.0,
    "throughput" : 941.9152276295133,
    "receivedKBytesPerSec" : 165.5710361067504,
    "sentKBytesPerSec" : 223.52089874411303
  }
}