{
  "Microservice-based client" : {
    "transaction" : "Microservice-based client",
    "sampleCount" : 3000,
    "errorCount" : 0,
    "errorPct" : 0.0,
    "meanResTime" : 1866.3269999999957,
    "medianResTime" : 1894.0,
    "minResTime" : 246.0,
    "maxResTime" : 7206.0,
    "pct1ResTime" : 2896.9,
    "pct2ResTime" : 3371.95,
    "pct3ResTime" : 3709.949999999999,
    "throughput" : 379.746835443038,
    "receivedKBytesPerSec" : 50.064280063291136,
    "sentKBytesPerSec" : 231.0373813291139
  },
  "Microservice-based client with caching" : {
    "transaction" : "Microservice-based client with caching",
    "sampleCount" : 3000,
    "errorCount" : 0,
    "errorPct" : 0.0,
    "meanResTime" : 458.3969999999997,
    "medianResTime" : 459.0,
    "minResTime" : 2.0,
    "maxResTime" : 914.0,
    "pct1ResTime" : 798.0,
    "pct2ResTime" : 832.0,
    "pct3ResTime" : 890.0,
    "throughput" : 1191.8951132300358,
    "receivedKBytesPerSec" : 68.6736442193087,
    "sentKBytesPerSec" : 350.3519815256258
  },
  "Total" : {
    "transaction" : "Total",
    "sampleCount" : 9000,
    "errorCount" : 0,
    "errorPct" : 0.0,
    "meanResTime" : 1122.7520000000015,
    "medianResTime" : 824.0,
    "minResTime" : 2.0,
    "maxResTime" : 7206.0,
    "pct1ResTime" : 2366.9000000000005,
    "pct2ResTime" : 2695.949999999999,
    "pct3ResTime" : 3504.0,
    "throughput" : 544.9261322354081,
    "receivedKBytesPerSec" : 66.5193032513926,
    "sentKBytesPerSec" : 274.4142990130783
  },
  "Monolithic-based client" : {
    "transaction" : "Monolithic-based client",
    "sampleCount" : 3000,
    "errorCount" : 0,
    "errorPct" : 0.0,
    "meanResTime" : 1043.5320000000027,
    "medianResTime" : 918.5,
    "minResTime" : 273.0,
    "maxResTime" : 3926.0,
    "pct1ResTime" : 1859.0,
    "pct2ResTime" : 2105.0,
    "pct3ResTime" : 2653.99,
    "throughput" : 492.2874958976042,
    "receivedKBytesPerSec" : 87.01566089596324,
    "sentKBytesPerSec" : 299.50694330489006
  }
}