{
  "Microservice-based client" : {
    "transaction" : "Microservice-based client",
    "sampleCount" : 5000,
    "errorCount" : 0,
    "errorPct" : 0.0,
    "meanResTime" : 27177.1288,
    "medianResTime" : 27233.0,
    "minResTime" : 63.0,
    "maxResTime" : 111917.0,
    "pct1ResTime" : 31879.600000000024,
    "pct2ResTime" : 37385.0,
    "pct3ResTime" : 54808.84999999998,
    "throughput" : 44.41759647501954,
    "receivedKBytesPerSec" : 4886.342154714262,
    "sentKBytesPerSec" : 5.508823000319807
  },
  "Microservice-based client with caching" : {
    "transaction" : "Microservice-based client with caching",
    "sampleCount" : 5000,
    "errorCount" : 0,
    "errorPct" : 0.0,
    "meanResTime" : 1108.3591999999967,
    "medianResTime" : 1156.5,
    "minResTime" : 2.0,
    "maxResTime" : 2497.0,
    "pct1ResTime" : 1695.9000000000005,
    "pct2ResTime" : 1848.0,
    "pct3ResTime" : 2043.9899999999998,
    "throughput" : 1053.2968190436065,
    "receivedKBytesPerSec" : 11738.499315357069,
    "sentKBytesPerSec" : 196.46454339582894
  },
  "Total" : {
    "transaction" : "Total",
    "sampleCount" : 15000,
    "errorCount" : 0,
    "errorPct" : 0.0,
    "meanResTime" : 15177.468533333411,
    "medianResTime" : 17432.0,
    "minResTime" : 2.0,
    "maxResTime" : 111917.0,
    "pct1ResTime" : 28673.5,
    "pct2ResTime" : 30116.949999999997,
    "pct3ResTime" : 42677.17999999998,
    "throughput" : 94.91027815038849,
    "receivedKBytesPerSec" : 7307.206960067291,
    "sentKBytesPerSec" : 13.74839641175875
  },
  "Monolithic-based client" : {
    "transaction" : "Monolithic-based client",
    "sampleCount" : 5000,
    "errorCount" : 0,
    "errorPct" : 0.0,
    "meanResTime" : 17246.917599999986,
    "medianResTime" : 17611.0,
    "minResTime" : 97.0,
    "maxResTime" : 40712.0,
    "pct1ResTime" : 20932.0,
    "pct2ResTime" : 22209.9,
    "pct3ResTime" : 28336.989999999976,
    "throughput" : 122.7777232099008,
    "receivedKBytesPerSec" : 13483.248130709166,
    "sentKBytesPerSec" : 15.227315280915432
  }
}