{
  "Microservice-based client" : {
    "transaction" : "Microservice-based client",
    "sampleCount" : 1000,
    "errorCount" : 0,
    "errorPct" : 0.0,
    "meanResTime" : 9732.063999999995,
    "medianResTime" : 11292.0,
    "minResTime" : 112.0,
    "maxResTime" : 18959.0,
    "pct1ResTime" : 11923.7,
    "pct2ResTime" : 12078.95,
    "pct3ResTime" : 13148.420000000004,
    "throughput" : 52.09147262593113,
    "receivedKBytesPerSec" : 13470.757454778091,
    "sentKBytesPerSec" : 6.460563499505131
  },
  "Microservice-based client with caching" : {
    "transaction" : "Microservice-based client with caching",
    "sampleCount" : 1000,
    "errorCount" : 0,
    "errorPct" : 0.0,
    "meanResTime" : 2194.7349999999983,
    "medianResTime" : 2147.5,
    "minResTime" : 8.0,
    "maxResTime" : 4374.0,
    "pct1ResTime" : 3913.6,
    "pct2ResTime" : 4146.599999999999,
    "pct3ResTime" : 4326.97,
    "throughput" : 197.86307874950535,
    "receivedKBytesPerSec" : 51009.256282152746,
    "sentKBytesPerSec" : 36.90610160269094
  },
  "Total" : {
    "transaction" : "Total",
    "sampleCount" : 3000,
    "errorCount" : 0,
    "errorPct" : 0.0,
    "meanResTime" : 6521.967333333346,
    "medianResTime" : 8112.0,
    "minResTime" : 8.0,
    "maxResTime" : 18959.0,
    "pct1ResTime" : 11637.9,
    "pct2ResTime" : 11811.8,
    "pct3ResTime" : 12203.939999999999,
    "throughput" : 80.10039249192322,
    "receivedKBytesPerSec" : 20680.020156512826,
    "sentKBytesPerSec" : 11.603084198862573
  },
  "Monolithic-based client" : {
    "transaction" : "Monolithic-based client",
    "sampleCount" : 1000,
    "errorCount" : 0,
    "errorPct" : 0.0,
    "meanResTime" : 7639.102999999999,
    "medianResTime" : 8450.5,
    "minResTime" : 191.0,
    "maxResTime" : 12763.0,
    "pct1ResTime" : 9225.8,
    "pct2ResTime" : 9405.55,
    "pct3ResTime" : 9620.95,
    "throughput" : 75.78628268283441,
    "receivedKBytesPerSec" : 19562.704267715042,
    "sentKBytesPerSec" : 9.399275293671845
  }
}