{
  "Microservice-based client with caching (1K)" : {
    "transaction" : "Microservice-based client with caching (1K)",
    "sampleCount" : 1000,
    "errorCount" : 0,
    "errorPct" : 0.0,
    "meanResTime" : 152.5329999999997,
    "medianResTime" : 62.0,
    "minResTime" : 2.0,
    "maxResTime" : 599.0,
    "pct1ResTime" : 415.0,
    "pct2ResTime" : 427.94999999999993,
    "pct3ResTime" : 471.0,
    "throughput" : 728.3321194464676,
    "receivedKBytesPerSec" : 18836.347186817187,
    "sentKBytesPerSec" : 135.85101056081572
  },
  "Microservice-based client with caching (2K)" : {
    "transaction" : "Microservice-based client with caching (2K)",
    "sampleCount" : 2000,
    "errorCount" : 0,
    "errorPct" : 0.0,
    "meanResTime" : 145.83899999999977,
    "medianResTime" : 100.0,
    "minResTime" : 9.0,
    "maxResTime" : 1346.0,
    "pct1ResTime" : 272.0,
    "pct2ResTime" : 325.9499999999998,
    "pct3ResTime" : 1032.97,
    "throughput" : 747.6635514018691,
    "receivedKBytesPerSec" : 19336.30257009346,
    "sentKBytesPerSec" : 139.4567757009346
  },
  "Total" : {
    "transaction" : "Total",
    "sampleCount" : 15000,
    "errorCount" : 0,
    "errorPct" : 0.0,
    "meanResTime" : 1069.3618666666684,
    "medianResTime" : 905.0,
    "minResTime" : 2.0,
    "maxResTime" : 5046.0,
    "pct1ResTime" : 2354.0,
    "pct2ResTime" : 2656.949999999999,
    "pct3ResTime" : 3187.959999999999,
    "throughput" : 751.9173893428241,
    "receivedKBytesPerSec" : 19446.316623013685,
    "sentKBytesPerSec" : 140.25021617624944
  },
  "Microservice-based client with caching (5K)" : {
    "transaction" : "Microservice-based client with caching (5K)",
    "sampleCount" : 5000,
    "errorCount" : 0,
    "errorPct" : 0.0,
    "meanResTime" : 1528.6752,
    "medianResTime" : 1363.5,
    "minResTime" : 22.0,
    "maxResTime" : 4600.0,
    "pct1ResTime" : 2489.9000000000005,
    "pct2ResTime" : 2730.0,
    "pct3ResTime" : 3212.949999999999,
    "throughput" : 747.9431563201197,
    "receivedKBytesPerSec" : 19343.53379768138,
    "sentKBytesPerSec" : 139.50892857142858
  },
  "Microservice-based client with caching (3K)" : {
    "transaction" : "Microservice-based client with caching (3K)",
    "sampleCount" : 3000,
    "errorCount" : 0,
    "errorPct" : 0.0,
    "meanResTime" : 468.2693333333333,
    "medianResTime" : 356.0,
    "minResTime" : 4.0,
    "maxResTime" : 2013.0,
    "pct1ResTime" : 939.0,
    "pct2ResTime" : 981.9499999999998,
    "pct3ResTime" : 1785.859999999997,
    "throughput" : 931.0986964618249,
    "receivedKBytesPerSec" : 24080.358182029795,
    "sentKBytesPerSec" : 173.67172951582867
  },
  "Microservice-based client with caching (4K)" : {
    "transaction" : "Microservice-based client with caching (4K)",
    "sampleCount" : 4000,
    "errorCount" : 0,
    "errorPct" : 0.0,
    "meanResTime" : 1637.0082500000028,
    "medianResTime" : 1749.0,
    "minResTime" : 14.0,
    "maxResTime" : 5046.0,
    "pct1ResTime" : 2687.9,
    "pct2ResTime" : 2907.95,
    "pct3ResTime" : 3409.7899999999954,
    "throughput" : 668.1142475363288,
    "receivedKBytesPerSec" : 17278.97423584433,
    "sentKBytesPerSec" : 124.61896609320193
  }
}