{
  "Microservice-based client with caching (1K)" : {
    "transaction" : "Microservice-based client with caching (1K)",
    "sampleCount" : 1000,
    "errorCount" : 0,
    "errorPct" : 0.0,
    "meanResTime" : 103.31500000000011,
    "medianResTime" : 74.0,
    "minResTime" : 2.0,
    "maxResTime" : 1152.0,
    "pct1ResTime" : 186.89999999999998,
    "pct2ResTime" : 227.0,
    "pct3ResTime" : 295.9200000000001,
    "throughput" : 432.9004329004329,
    "receivedKBytesPerSec" : 11195.802895021645,
    "sentKBytesPerSec" : 80.74607683982684
  },
  "Microservice-based client with caching (2K)" : {
    "transaction" : "Microservice-based client with caching (2K)",
    "sampleCount" : 2000,
    "errorCount" : 0,
    "errorPct" : 0.0,
    "meanResTime" : 135.61250000000018,
    "medianResTime" : 97.0,
    "minResTime" : 21.0,
    "maxResTime" : 1314.0,
    "pct1ResTime" : 151.0,
    "pct2ResTime" : 172.94999999999982,
    "pct3ResTime" : 1137.0,
    "throughput" : 626.3701847792045,
    "receivedKBytesPerSec" : 16199.376565925462,
    "sentKBytesPerSec" : 116.8327200125274
  },
  "Total" : {
    "transaction" : "Total",
    "sampleCount" : 15000,
    "errorCount" : 0,
    "errorPct" : 0.0,
    "meanResTime" : 2609.5232666666707,
    "medianResTime" : 1993.0,
    "minResTime" : 2.0,
    "maxResTime" : 10454.0,
    "pct1ResTime" : 5847.0,
    "pct2ResTime" : 6294.949999999999,
    "pct3ResTime" : 6983.0,
    "throughput" : 768.6001229760196,
    "receivedKBytesPerSec" : 19877.77056325579,
    "sentKBytesPerSec" : 143.36193700040994
  },
  "Microservice-based client with caching (5K)" : {
    "transaction" : "Microservice-based client with caching (5K)",
    "sampleCount" : 5000,
    "errorCount" : 0,
    "errorPct" : 0.0,
    "meanResTime" : 5364.475999999986,
    "medianResTime" : 5401.0,
    "minResTime" : 2784.0,
    "maxResTime" : 10454.0,
    "pct1ResTime" : 6335.900000000001,
    "pct2ResTime" : 6627.849999999999,
    "pct3ResTime" : 7259.969999999999,
    "throughput" : 435.464204842362,
    "receivedKBytesPerSec" : 11262.10794613308,
    "sentKBytesPerSec" : 81.22428039540151
  },
  "Microservice-based client with caching (3K)" : {
    "transaction" : "Microservice-based client with caching (3K)",
    "sampleCount" : 3000,
    "errorCount" : 0,
    "errorPct" : 0.0,
    "meanResTime" : 465.20066666666554,
    "medianResTime" : 386.5,
    "minResTime" : 29.0,
    "maxResTime" : 3738.0,
    "pct1ResTime" : 862.9000000000001,
    "pct2ResTime" : 1014.9499999999998,
    "pct3ResTime" : 2068.959999999999,
    "throughput" : 551.166636046298,
    "receivedKBytesPerSec" : 14254.43947501378,
    "sentKBytesPerSec" : 102.80549559066692
  },
  "Microservice-based client with caching (4K)" : {
    "transaction" : "Microservice-based client with caching (4K)",
    "sampleCount" : 4000,
    "errorCount" : 0,
    "errorPct" : 0.0,
    "meanResTime" : 2637.5817500000057,
    "medianResTime" : 2483.0,
    "minResTime" : 474.0,
    "maxResTime" : 9346.0,
    "pct1ResTime" : 4027.5000000000005,
    "pct2ResTime" : 6294.749999999999,
    "pct3ResTime" : 7290.819999999996,
    "throughput" : 364.8969166210546,
    "receivedKBytesPerSec" : 9437.075237182997,
    "sentKBytesPerSec" : 68.06182722130998
  }
}