{
  "Microservice-based client with caching" : {
    "transaction" : "Microservice-based client with caching",
    "sampleCount" : 12000,
    "errorCount" : 0,
    "errorPct" : 0.0,
    "meanResTime" : 5170.617916666674,
    "medianResTime" : 5731.0,
    "minResTime" : 70.0,
    "maxResTime" : 17845.0,
    "pct1ResTime" : 8984.0,
    "pct2ResTime" : 9376.899999999998,
    "pct3ResTime" : 10745.96,
    "throughput" : 508.58232676414497,
    "receivedKBytesPerSec" : 13153.111093452004,
    "sentKBytesPerSec" : 94.86252383979657
  },
  "Microservice-based client with caching (1K)" : {
    "transaction" : "Microservice-based client with caching (1K)",
    "sampleCount" : 1000,
    "errorCount" : 0,
    "errorPct" : 0.0,
    "meanResTime" : 122.94700000000013,
    "medianResTime" : 53.0,
    "minResTime" : 3.0,
    "maxResTime" : 1155.0,
    "pct1ResTime" : 380.0,
    "pct2ResTime" : 403.0,
    "pct3ResTime" : 429.99,
    "throughput" : 412.0313143798929,
    "receivedKBytesPerSec" : 10656.07939328389,
    "sentKBytesPerSec" : 76.8534971157808
  },
  "Microservice-based client with caching (2K)" : {
    "transaction" : "Microservice-based client with caching (2K)",
    "sampleCount" : 2000,
    "errorCount" : 0,
    "errorPct" : 0.0,
    "meanResTime" : 153.30299999999997,
    "medianResTime" : 101.0,
    "minResTime" : 17.0,
    "maxResTime" : 3022.0,
    "pct1ResTime" : 189.0,
    "pct2ResTime" : 232.0,
    "pct3ResTime" : 1286.99,
    "throughput" : 460.72333563695,
    "receivedKBytesPerSec" : 11915.367282884128,
    "sentKBytesPerSec" : 85.93570029947017
  },
  "Total" : {
    "transaction" : "Total",
    "sampleCount" : 15000,
    "errorCount" : 0,
    "errorPct" : 0.0,
    "meanResTime" : 4165.131199999993,
    "medianResTime" : 4622.5,
    "minResTime" : 3.0,
    "maxResTime" : 17845.0,
    "pct1ResTime" : 8765.9,
    "pct2ResTime" : 9260.899999999998,
    "pct3ResTime" : 10358.839999999997,
    "throughput" : 558.513609114942,
    "receivedKBytesPerSec" : 14444.44913104591,
    "sentKBytesPerSec" : 104.17587826265033
  }
}