{
  "Total" : {
    "transaction" : "Total",
    "sampleCount" : 10,
    "errorCount" : 0,
    "errorPct" : 0.0,
    "meanResTime" : 2646.4,
    "medianResTime" : 2801.0,
    "minResTime" : 1587.0,
    "maxResTime" : 2843.0,
    "pct1ResTime" : 2842.7,
    "pct2ResTime" : 2843.0,
    "pct3ResTime" : 2843.0,
    "throughput" : 3.5100035100035103,
    "receivedKBytesPerSec" : 38796.308737714986,
    "sentKBytesPerSec" : 0.658125658125658
  },
  "HTTP Request" : {
    "transaction" : "HTTP Request",
    "sampleCount" : 10,
    "errorCount" : 0,
    "errorPct" : 0.0,
    "meanResTime" : 2646.4,
    "medianResTime" : 2801.0,
    "minResTime" : 1587.0,
    "maxResTime" : 2843.0,
    "pct1ResTime" : 2842.7,
    "pct2ResTime" : 2843.0,
    "pct3ResTime" : 2843.0,
    "throughput" : 3.5100035100035103,
    "receivedKBytesPerSec" : 38796.308737714986,
    "sentKBytesPerSec" : 0.658125658125658
  }
}