{
  "Total" : {
    "transaction" : "Total",
    "sampleCount" : 10,
    "errorCount" : 0,
    "errorPct" : 0.0,
    "meanResTime" : 1704.5,
    "medianResTime" : 1812.0,
    "minResTime" : 1342.0,
    "maxResTime" : 1885.0,
    "pct1ResTime" : 1882.1,
    "pct2ResTime" : 1885.0,
    "pct3ResTime" : 1885.0,
    "throughput" : 5.299417064122946,
    "receivedKBytesPerSec" : 58574.81907458929,
    "sentKBytesPerSec" : 0.9936406995230525
  },
  "HTTP Request" : {
    "transaction" : "HTTP Request",
    "sampleCount" : 10,
    "errorCount" : 0,
    "errorPct" : 0.0,
    "meanResTime" : 1704.5,
    "medianResTime" : 1812.0,
    "minResTime" : 1342.0,
    "maxResTime" : 1885.0,
    "pct1ResTime" : 1882.1,
    "pct2ResTime" : 1885.0,
    "pct3ResTime" : 1885.0,
    "throughput" : 5.299417064122946,
    "receivedKBytesPerSec" : 58574.81907458929,
    "sentKBytesPerSec" : 0.9936406995230525
  }
}