{
  "Microservice-based client" : {
    "transaction" : "Microservice-based client",
    "sampleCount" : 2000,
    "errorCount" : 0,
    "errorPct" : 0.0,
    "meanResTime" : 23652.93850000004,
    "medianResTime" : 25311.5,
    "minResTime" : 117.0,
    "maxResTime" : 90525.0,
    "pct1ResTime" : 26678.9,
    "pct2ResTime" : 26935.95,
    "pct3ResTime" : 33386.25,
    "throughput" : 21.82191138121788,
    "receivedKBytesPerSec" : 5644.243516164581,
    "sentKBytesPerSec" : 2.7064284623190145
  },
  "Microservice-based client with caching" : {
    "transaction" : "Microservice-based client with caching",
    "sampleCount" : 2000,
    "errorCount" : 0,
    "errorPct" : 0.0,
    "meanResTime" : 4559.3184999999885,
    "medianResTime" : 4522.0,
    "minResTime" : 8.0,
    "maxResTime" : 8914.0,
    "pct1ResTime" : 8050.700000000001,
    "pct2ResTime" : 8433.699999999999,
    "pct3ResTime" : 8800.99,
    "throughput" : 190.1321418385778,
    "receivedKBytesPerSec" : 49016.21470672117,
    "sentKBytesPerSec" : 35.4641006749691
  },
  "Total" : {
    "transaction" : "Total",
    "sampleCount" : 6000,
    "errorCount" : 0,
    "errorPct" : 0.0,
    "meanResTime" : 15424.593166666677,
    "medianResTime" : 18709.0,
    "minResTime" : 8.0,
    "maxResTime" : 90525.0,
    "pct1ResTime" : 25985.7,
    "pct2ResTime" : 26477.9,
    "pct3ResTime" : 27196.92,
    "throughput" : 44.79851866231623,
    "receivedKBytesPerSec" : 11566.69297801886,
    "sentKBytesPerSec" : 6.489368751539949
  },
  "Monolithic-based client" : {
    "transaction" : "Monolithic-based client",
    "sampleCount" : 2000,
    "errorCount" : 0,
    "errorPct" : 0.0,
    "meanResTime" : 18061.522499999992,
    "medianResTime" : 19048.5,
    "minResTime" : 252.0,
    "maxResTime" : 29748.0,
    "pct1ResTime" : 20498.9,
    "pct2ResTime" : 20818.95,
    "pct3ResTime" : 21544.98,
    "throughput" : 62.97625795075257,
    "receivedKBytesPerSec" : 16256.054084797532,
    "sentKBytesPerSec" : 7.8105319919390395
  }
}