{
  "Microservice-based client - 5K" : {
    "transaction" : "Microservice-based client - 5K",
    "sampleCount" : 5000,
    "errorCount" : 0,
    "errorPct" : 0.0,
    "meanResTime" : 1467.3876,
    "medianResTime" : 1318.0,
    "minResTime" : 13.0,
    "maxResTime" : 11759.0,
    "pct1ResTime" : 2813.800000000001,
    "pct2ResTime" : 3199.95,
    "pct3ResTime" : 4430.99,
    "throughput" : 403.64898684104304,
    "receivedKBytesPerSec" : 52.821254137402114,
    "sentKBytesPerSec" : 3495.6632961976266
  },
  "Microservice-based client - 3K" : {
    "transaction" : "Microservice-based client - 3K",
    "sampleCount" : 3000,
    "errorCount" : 0,
    "errorPct" : 0.0,
    "meanResTime" : 82.21799999999998,
    "medianResTime" : 72.0,
    "minResTime" : 31.0,
    "maxResTime" : 536.0,
    "pct1ResTime" : 98.0,
    "pct2ResTime" : 122.0,
    "pct3ResTime" : 300.0,
    "throughput" : 1260.5042016806722,
    "receivedKBytesPerSec" : 164.94879201680672,
    "sentKBytesPerSec" : 10916.163340336136
  },
  "Microservice-based client - 4K" : {
    "transaction" : "Microservice-based client - 4K",
    "sampleCount" : 4000,
    "errorCount" : 0,
    "errorPct" : 0.0,
    "meanResTime" : 907.4195000000008,
    "medianResTime" : 833.5,
    "minResTime" : 22.0,
    "maxResTime" : 5513.0,
    "pct1ResTime" : 1718.9,
    "pct2ResTime" : 1939.0,
    "pct3ResTime" : 2315.9299999999985,
    "throughput" : 691.8021445866482,
    "receivedKBytesPerSec" : 90.52879626426842,
    "sentKBytesPerSec" : 5991.114666205465
  },
  "Total" : {
    "transaction" : "Total",
    "sampleCount" : 15000,
    "errorCount" : 0,
    "errorPct" : 0.0,
    "meanResTime" : 795.1541333333365,
    "medianResTime" : 536.0,
    "minResTime" : 13.0,
    "maxResTime" : 11759.0,
    "pct1ResTime" : 1998.0,
    "pct2ResTime" : 2472.8499999999967,
    "pct3ResTime" : 3441.99,
    "throughput" : 615.2331733727082,
    "receivedKBytesPerSec" : 80.50902854681924,
    "sentKBytesPerSec" : 5328.015411590993
  },
  "Microservice-based client - 1K" : {
    "transaction" : "Microservice-based client - 1K",
    "sampleCount" : 1000,
    "errorCount" : 0,
    "errorPct" : 0.0,
    "meanResTime" : 561.322999999999,
    "medianResTime" : 544.0,
    "minResTime" : 24.0,
    "maxResTime" : 1539.0,
    "pct1ResTime" : 1038.9,
    "pct2ResTime" : 1072.8999999999999,
    "pct3ResTime" : 1417.4700000000005,
    "throughput" : 520.5622071837585,
    "receivedKBytesPerSec" : 68.12044508068715,
    "sentKBytesPerSec" : 4508.15005205622
  },
  "Microservice-based client - 2K" : {
    "transaction" : "Microservice-based client - 2K",
    "sampleCount" : 2000,
    "errorCount" : 0,
    "errorPct" : 0.0,
    "meanResTime" : 76.35950000000001,
    "medianResTime" : 72.0,
    "minResTime" : 45.0,
    "maxResTime" : 329.0,
    "pct1ResTime" : 97.0,
    "pct2ResTime" : 106.0,
    "pct3ResTime" : 140.99,
    "throughput" : 1049.3179433368311,
    "receivedKBytesPerSec" : 137.31309024134313,
    "sentKBytesPerSec" : 9087.257345225604
  }
}