{
  "Microservice-based client - 5K" : {
    "transaction" : "Microservice-based client - 5K",
    "sampleCount" : 5000,
    "errorCount" : 0,
    "errorPct" : 0.0,
    "meanResTime" : 2164.4423999999995,
    "medianResTime" : 2085.5,
    "minResTime" : 18.0,
    "maxResTime" : 11621.0,
    "pct1ResTime" : 3751.600000000002,
    "pct2ResTime" : 4274.749999999999,
    "pct3ResTime" : 5711.619999999992,
    "throughput" : 407.000407000407,
    "receivedKBytesPerSec" : 53.259818884818884,
    "sentKBytesPerSec" : 4471.042556980057
  },
  "Microservice-based client - 3K" : {
    "transaction" : "Microservice-based client - 3K",
    "sampleCount" : 3000,
    "errorCount" : 0,
    "errorPct" : 0.0,
    "meanResTime" : 261.7096666666663,
    "medianResTime" : 87.0,
    "minResTime" : 21.0,
    "maxResTime" : 2354.0,
    "pct1ResTime" : 1031.6000000000004,
    "pct2ResTime" : 1088.0,
    "pct3ResTime" : 1125.0,
    "throughput" : 651.0416666666666,
    "receivedKBytesPerSec" : 85.19490559895834,
    "sentKBytesPerSec" : 7151.921590169271
  },
  "Microservice-based client - 4K" : {
    "transaction" : "Microservice-based client - 4K",
    "sampleCount" : 4000,
    "errorCount" : 0,
    "errorPct" : 0.0,
    "meanResTime" : 1689.134250000003,
    "medianResTime" : 1663.0,
    "minResTime" : 37.0,
    "maxResTime" : 9169.0,
    "pct1ResTime" : 3088.8,
    "pct2ResTime" : 3358.95,
    "pct3ResTime" : 4387.929999999977,
    "throughput" : 428.0821917808219,
    "receivedKBytesPerSec" : 56.0185680650685,
    "sentKBytesPerSec" : 4702.633374357877
  },
  "Total" : {
    "transaction" : "Total",
    "sampleCount" : 15000,
    "errorCount" : 0,
    "errorPct" : 0.0,
    "meanResTime" : 1252.6608666666648,
    "medianResTime" : 869.0,
    "minResTime" : 7.0,
    "maxResTime" : 11621.0,
    "pct1ResTime" : 3018.0,
    "pct2ResTime" : 3542.0,
    "pct3ResTime" : 4697.869999999997,
    "throughput" : 484.4648278534978,
    "receivedKBytesPerSec" : 63.39676458239132,
    "sentKBytesPerSec" : 5322.016453636716
  },
  "Microservice-based client - 1K" : {
    "transaction" : "Microservice-based client - 1K",
    "sampleCount" : 1000,
    "errorCount" : 0,
    "errorPct" : 0.0,
    "meanResTime" : 295.80300000000057,
    "medianResTime" : 148.0,
    "minResTime" : 7.0,
    "maxResTime" : 1213.0,
    "pct1ResTime" : 741.9,
    "pct2ResTime" : 833.0,
    "pct3ResTime" : 913.97,
    "throughput" : 550.357732526142,
    "receivedKBytesPerSec" : 72.01946890478811,
    "sentKBytesPerSec" : 6045.873176940011
  },
  "Microservice-based client - 2K" : {
    "transaction" : "Microservice-based client - 2K",
    "sampleCount" : 2000,
    "errorCount" : 0,
    "errorPct" : 0.0,
    "meanResTime" : 65.11599999999999,
    "medianResTime" : 65.0,
    "minResTime" : 18.0,
    "maxResTime" : 114.0,
    "pct1ResTime" : 82.0,
    "pct2ResTime" : 88.0,
    "pct3ResTime" : 101.99000000000001,
    "throughput" : 689.1798759476223,
    "receivedKBytesPerSec" : 90.1856478290834,
    "sentKBytesPerSec" : 7570.883227084769
  }
}