{
  "Microservice-based client - 5K" : {
    "transaction" : "Microservice-based client - 5K",
    "sampleCount" : 5000,
    "errorCount" : 0,
    "errorPct" : 0.0,
    "meanResTime" : 56.239199999999954,
    "medianResTime" : 57.0,
    "minResTime" : 6.0,
    "maxResTime" : 89.0,
    "pct1ResTime" : 70.0,
    "pct2ResTime" : 73.0,
    "pct3ResTime" : 79.0,
    "throughput" : 1547.9876160990714,
    "receivedKBytesPerSec" : 202.5686919504644,
    "sentKBytesPerSec" : 721.0840750773993
  },
  "Microservice-based client - 3K" : {
    "transaction" : "Microservice-based client - 3K",
    "sampleCount" : 3000,
    "errorCount" : 0,
    "errorPct" : 0.0,
    "meanResTime" : 59.78499999999993,
    "medianResTime" : 60.0,
    "minResTime" : 20.0,
    "maxResTime" : 103.0,
    "pct1ResTime" : 72.0,
    "pct2ResTime" : 77.0,
    "pct3ResTime" : 88.0,
    "throughput" : 1404.494382022472,
    "receivedKBytesPerSec" : 183.7912570224719,
    "sentKBytesPerSec" : 654.2420119382022
  },
  "Microservice-based client - 4K" : {
    "transaction" : "Microservice-based client - 4K",
    "sampleCount" : 4000,
    "errorCount" : 0,
    "errorPct" : 0.0,
    "meanResTime" : 59.569250000000004,
    "medianResTime" : 59.0,
    "minResTime" : 23.0,
    "maxResTime" : 112.0,
    "pct1ResTime" : 73.0,
    "pct2ResTime" : 79.0,
    "pct3ResTime" : 95.0,
    "throughput" : 2082.248828735034,
    "receivedKBytesPerSec" : 272.4817803227486,
    "sentKBytesPerSec" : 969.9538001041125
  },
  "Total" : {
    "transaction" : "Total",
    "sampleCount" : 15000,
    "errorCount" : 0,
    "errorPct" : 0.0,
    "meanResTime" : 60.00979999999995,
    "medianResTime" : 58.0,
    "minResTime" : 4.0,
    "maxResTime" : 1058.0,
    "pct1ResTime" : 72.0,
    "pct2ResTime" : 79.0,
    "pct3ResTime" : 192.0,
    "throughput" : 1430.2059496567506,
    "receivedKBytesPerSec" : 187.15585669336386,
    "sentKBytesPerSec" : 666.2189824084669
  },
  "Microservice-based client - 1K" : {
    "transaction" : "Microservice-based client - 1K",
    "sampleCount" : 1000,
    "errorCount" : 0,
    "errorPct" : 0.0,
    "meanResTime" : 81.46200000000012,
    "medianResTime" : 51.0,
    "minResTime" : 21.0,
    "maxResTime" : 1058.0,
    "pct1ResTime" : 193.0,
    "pct2ResTime" : 216.0,
    "pct3ResTime" : 234.99,
    "throughput" : 824.4023083264633,
    "receivedKBytesPerSec" : 107.88077081615828,
    "sentKBytesPerSec" : 384.02334089035446
  },
  "Microservice-based client - 2K" : {
    "transaction" : "Microservice-based client - 2K",
    "sampleCount" : 2000,
    "errorCount" : 0,
    "errorPct" : 0.0,
    "meanResTime" : 59.92849999999991,
    "medianResTime" : 58.0,
    "minResTime" : 4.0,
    "maxResTime" : 232.0,
    "pct1ResTime" : 73.0,
    "pct2ResTime" : 82.0,
    "pct3ResTime" : 211.0,
    "throughput" : 1008.5728693898135,
    "receivedKBytesPerSec" : 131.9812153303076,
    "sentKBytesPerSec" : 469.81372919818455
  }
}