{
  "Microservice-based client" : {
    "transaction" : "Microservice-based client",
    "sampleCount" : 30000,
    "errorCount" : 1768,
    "errorPct" : 5.8933334,
    "meanResTime" : 69.82803333333369,
    "medianResTime" : 56.0,
    "minResTime" : 3.0,
    "maxResTime" : 3155.0,
    "pct1ResTime" : 69.0,
    "pct2ResTime" : 73.0,
    "pct3ResTime" : 83.9900000000016,
    "throughput" : 1544.799176107106,
    "receivedKBytesPerSec" : 408.1476087796086,
    "sentKBytesPerSec" : 344.9838278836251
  },
  "Microservice-based client with caching" : {
    "transaction" : "Microservice-based client with caching",
    "sampleCount" : 30000,
    "errorCount" : 30000,
    "errorPct" : 100.0,
    "meanResTime" : 3.823533333333322,
    "medianResTime" : 4.0,
    "minResTime" : 3.0,
    "maxResTime" : 39.0,
    "pct1ResTime" : 4.0,
    "pct2ResTime" : 4.0,
    "pct3ResTime" : 6.0,
    "throughput" : 801.4533019876043,
    "receivedKBytesPerSec" : 1918.3223077847829,
    "sentKBytesPerSec" : 0.0
  },
  "Total" : {
    "transaction" : "Total",
    "sampleCount" : 90000,
    "errorCount" : 33536,
    "errorPct" : 37.262222,
    "meanResTime" : 38.58634444444467,
    "medianResTime" : 4.0,
    "minResTime" : 3.0,
    "maxResTime" : 3155.0,
    "pct1ResTime" : 4.0,
    "pct2ResTime" : 4.0,
    "pct3ResTime" : 6.0,
    "throughput" : 1111.1797024507687,
    "receivedKBytesPerSec" : 1097.936022285326,
    "sentKBytesPerSec" : 165.4320868572134
  },
  "Monolithic-based client" : {
    "transaction" : "Monolithic-based client",
    "sampleCount" : 30000,
    "errorCount" : 1768,
    "errorPct" : 5.8933334,
    "meanResTime" : 42.10746666666682,
    "medianResTime" : 43.0,
    "minResTime" : 3.0,
    "maxResTime" : 196.0,
    "pct1ResTime" : 53.0,
    "pct2ResTime" : 57.0,
    "pct3ResTime" : 66.0,
    "throughput" : 1242.7506213753109,
    "receivedKBytesPerSec" : 380.8807347763049,
    "sentKBytesPerSec" : 277.5304862261806
  }
}