{
  "Microservice-based client" : {
    "transaction" : "Microservice-based client",
    "sampleCount" : 3000,
    "errorCount" : 0,
    "errorPct" : 0.0,
    "meanResTime" : 36352.98799999994,
    "medianResTime" : 37211.5,
    "minResTime" : 106.0,
    "maxResTime" : 89571.0,
    "pct1ResTime" : 39624.9,
    "pct2ResTime" : 41157.49999999999,
    "pct3ResTime" : 56184.4699999997,
    "throughput" : 33.284146760897784,
    "receivedKBytesPerSec" : 8608.912164003474,
    "sentKBytesPerSec" : 4.128014295541034
  },
  "Microservice-based client with caching" : {
    "transaction" : "Microservice-based client with caching",
    "sampleCount" : 3000,
    "errorCount" : 0,
    "errorPct" : 0.0,
    "meanResTime" : 6585.364999999973,
    "medianResTime" : 6434.5,
    "minResTime" : 20.0,
    "maxResTime" : 13954.0,
    "pct1ResTime" : 11931.0,
    "pct2ResTime" : 12604.849999999999,
    "pct3ResTime" : 13136.939999999999,
    "throughput" : 201.27474002012747,
    "receivedKBytesPerSec" : 51888.7852230795,
    "sentKBytesPerSec" : 37.542456390473
  },
  "Total" : {
    "transaction" : "Total",
    "sampleCount" : 9000,
    "errorCount" : 0,
    "errorPct" : 0.0,
    "meanResTime" : 24242.801888888796,
    "medianResTime" : 30769.0,
    "minResTime" : 20.0,
    "maxResTime" : 89571.0,
    "pct1ResTime" : 38561.9,
    "pct2ResTime" : 39343.85,
    "pct3ResTime" : 46635.979999999996,
    "throughput" : 54.323551070173956,
    "receivedKBytesPerSec" : 14025.97312955337,
    "sentKBytesPerSec" : 7.869134188225068
  },
  "Monolithic-based client" : {
    "transaction" : "Monolithic-based client",
    "sampleCount" : 3000,
    "errorCount" : 0,
    "errorPct" : 0.0,
    "meanResTime" : 29790.05266666667,
    "medianResTime" : 31198.0,
    "minResTime" : 815.0,
    "maxResTime" : 59031.0,
    "pct1ResTime" : 33639.0,
    "pct2ResTime" : 34264.85,
    "pct3ResTime" : 39277.279999999984,
    "throughput" : 49.47963912849862,
    "receivedKBytesPerSec" : 12772.173449844138,
    "sentKBytesPerSec" : 6.136634930975903
  }
}