{
  "Microservice-based client" : {
    "transaction" : "Microservice-based client",
    "sampleCount" : 1000,
    "errorCount" : 0,
    "errorPct" : 0.0,
    "meanResTime" : 682.6170000000003,
    "medianResTime" : 636.5,
    "minResTime" : 9.0,
    "maxResTime" : 2121.0,
    "pct1ResTime" : 1225.9,
    "pct2ResTime" : 1336.7999999999997,
    "pct3ResTime" : 1492.8300000000002,
    "throughput" : 342.81796366129583,
    "receivedKBytesPerSec" : 37974.485505227974,
    "sentKBytesPerSec" : 42.85224545766199
  },
  "Microservice-based client with caching" : {
    "transaction" : "Microservice-based client with caching",
    "sampleCount" : 1000,
    "errorCount" : 0,
    "errorPct" : 0.0,
    "meanResTime" : 54.977000000000004,
    "medianResTime" : 48.0,
    "minResTime" : 3.0,
    "maxResTime" : 1037.0,
    "pct1ResTime" : 68.0,
    "pct2ResTime" : 76.94999999999993,
    "pct3ResTime" : 268.9100000000001,
    "throughput" : 425.531914893617,
    "receivedKBytesPerSec" : 47057.43018617021,
    "sentKBytesPerSec" : 79.7872340425532
  },
  "Total" : {
    "transaction" : "Total",
    "sampleCount" : 3000,
    "errorCount" : 0,
    "errorPct" : 0.0,
    "meanResTime" : 659.0783333333316,
    "medianResTime" : 522.0,
    "minResTime" : 3.0,
    "maxResTime" : 2696.0,
    "pct1ResTime" : 1573.8000000000002,
    "pct2ResTime" : 1886.6499999999987,
    "pct3ResTime" : 2257.99,
    "throughput" : 346.34033710459477,
    "receivedKBytesPerSec" : 38342.54637713576,
    "sentKBytesPerSec" : 50.5079658277534
  },
  "Monolithic-based client" : {
    "transaction" : "Monolithic-based client",
    "sampleCount" : 1000,
    "errorCount" : 0,
    "errorPct" : 0.0,
    "meanResTime" : 1239.6410000000017,
    "medianResTime" : 1215.5,
    "minResTime" : 245.0,
    "maxResTime" : 2696.0,
    "pct1ResTime" : 1999.8,
    "pct2ResTime" : 2176.5999999999995,
    "pct3ResTime" : 2366.9300000000003,
    "throughput" : 295.159386068477,
    "receivedKBytesPerSec" : 32693.802114079102,
    "sentKBytesPerSec" : 36.89492325855962
  }
}