{
  "Microservice-based client" : {
    "transaction" : "Microservice-based client",
    "sampleCount" : 10,
    "errorCount" : 0,
    "errorPct" : 0.0,
    "meanResTime" : 213.70000000000002,
    "medianResTime" : 201.0,
    "minResTime" : 170.0,
    "maxResTime" : 261.0,
    "pct1ResTime" : 260.6,
    "pct2ResTime" : 261.0,
    "pct3ResTime" : 261.0,
    "throughput" : 38.02281368821293,
    "receivedKBytesPerSec" : 42104.77438807034,
    "sentKBytesPerSec" : 4.71572005703422
  },
  "Microservice-based client with caching" : {
    "transaction" : "Microservice-based client with caching",
    "sampleCount" : 10,
    "errorCount" : 0,
    "errorPct" : 0.0,
    "meanResTime" : 117.1,
    "medianResTime" : 116.5,
    "minResTime" : 45.0,
    "maxResTime" : 183.0,
    "pct1ResTime" : 182.1,
    "pct2ResTime" : 183.0,
    "pct3ResTime" : 183.0,
    "throughput" : 52.63157894736842,
    "receivedKBytesPerSec" : 58177.88856907895,
    "sentKBytesPerSec" : 9.81702302631579
  },
  "Total" : {
    "transaction" : "Total",
    "sampleCount" : 30,
    "errorCount" : 0,
    "errorPct" : 0.0,
    "meanResTime" : 201.1333333333333,
    "medianResTime" : 201.0,
    "minResTime" : 45.0,
    "maxResTime" : 306.0,
    "pct1ResTime" : 297.50000000000006,
    "pct2ResTime" : 305.45,
    "pct3ResTime" : 306.0,
    "throughput" : 39.01170351105332,
    "receivedKBytesPerSec" : 43163.47961028934,
    "sentKBytesPerSec" : 5.651109395318596
  },
  "Monolithic-based client" : {
    "transaction" : "Monolithic-based client",
    "sampleCount" : 10,
    "errorCount" : 0,
    "errorPct" : 0.0,
    "meanResTime" : 272.6,
    "medianResTime" : 280.0,
    "minResTime" : 221.0,
    "maxResTime" : 306.0,
    "pct1ResTime" : 305.9,
    "pct2ResTime" : 306.0,
    "pct3ResTime" : 306.0,
    "throughput" : 32.467532467532465,
    "receivedKBytesPerSec" : 35926.49781858766,
    "sentKBytesPerSec" : 4.026734983766234
  }
}