{
  "Microservice-based client" : {
    "transaction" : "Microservice-based client",
    "sampleCount" : 10000,
    "errorCount" : 1767,
    "errorPct" : 17.67,
    "meanResTime" : 47.36320000000004,
    "medianResTime" : 54.0,
    "minResTime" : 3.0,
    "maxResTime" : 221.0,
    "pct1ResTime" : 68.0,
    "pct2ResTime" : 71.0,
    "pct3ResTime" : 81.0,
    "throughput" : 1005.9350165979278,
    "receivedKBytesPerSec" : 533.8272173008248,
    "sentKBytesPerSec" : 196.53249091514937
  },
  "Microservice-based client with caching" : {
    "transaction" : "Microservice-based client with caching",
    "sampleCount" : 10000,
    "errorCount" : 10000,
    "errorPct" : 100.0,
    "meanResTime" : 3.682300000000001,
    "medianResTime" : 4.0,
    "minResTime" : 3.0,
    "maxResTime" : 23.0,
    "pct1ResTime" : 4.0,
    "pct2ResTime" : 4.0,
    "pct3ResTime" : 5.0,
    "throughput" : 810.0445524503848,
    "receivedKBytesPerSec" : 1938.885935601458,
    "sentKBytesPerSec" : 0.0
  },
  "Total" : {
    "transaction" : "Total",
    "sampleCount" : 30000,
    "errorCount" : 11767,
    "errorPct" : 39.22333,
    "meanResTime" : 33.788033333333225,
    "medianResTime" : 4.0,
    "minResTime" : 3.0,
    "maxResTime" : 318.0,
    "pct1ResTime" : 63.0,
    "pct2ResTime" : 68.0,
    "pct3ResTime" : 77.0,
    "throughput" : 921.2061659399374,
    "receivedKBytesPerSec" : 951.9172063559387,
    "sentKBytesPerSec" : 132.86176893654425
  },
  "Monolithic-based client" : {
    "transaction" : "Monolithic-based client",
    "sampleCount" : 10000,
    "errorCount" : 0,
    "errorPct" : 0.0,
    "meanResTime" : 50.31859999999997,
    "medianResTime" : 46.0,
    "minResTime" : 3.0,
    "maxResTime" : 318.0,
    "pct1ResTime" : 60.0,
    "pct2ResTime" : 68.0,
    "pct3ResTime" : 239.0,
    "throughput" : 972.9519361743529,
    "receivedKBytesPerSec" : 171.02670753064797,
    "sentKBytesPerSec" : 230.88605516637477
  }
}