{
  "Microservice-based client" : {
    "transaction" : "Microservice-based client",
    "sampleCount" : 10000,
    "errorCount" : 0,
    "errorPct" : 0.0,
    "meanResTime" : 58.33129999999985,
    "medianResTime" : 58.0,
    "minResTime" : 15.0,
    "maxResTime" : 1011.0,
    "pct1ResTime" : 70.0,
    "pct2ResTime" : 74.0,
    "pct3ResTime" : 83.0,
    "throughput" : 1580.2781289506952,
    "receivedKBytesPerSec" : 206.7942082806574,
    "sentKBytesPerSec" : 375.0074075537294
  },
  "Microservice-based client with caching" : {
    "transaction" : "Microservice-based client with caching",
    "sampleCount" : 10000,
    "errorCount" : 0,
    "errorPct" : 0.0,
    "meanResTime" : 908.5788000000019,
    "medianResTime" : 936.0,
    "minResTime" : 2.0,
    "maxResTime" : 1712.0,
    "pct1ResTime" : 1440.8999999999996,
    "pct2ResTime" : 1514.0,
    "pct3ResTime" : 1635.0,
    "throughput" : 1237.0113805047008,
    "receivedKBytesPerSec" : 71.27311665017318,
    "sentKBytesPerSec" : 363.61369680851067
  },
  "Total" : {
    "transaction" : "Total",
    "sampleCount" : 30000,
    "errorCount" : 0,
    "errorPct" : 0.0,
    "meanResTime" : 339.8628999999988,
    "medianResTime" : 78.0,
    "minResTime" : 2.0,
    "maxResTime" : 1712.0,
    "pct1ResTime" : 1262.0,
    "pct2ResTime" : 1440.9500000000007,
    "pct3ResTime" : 1608.9900000000016,
    "throughput" : 1360.1124359613727,
    "receivedKBytesPerSec" : 165.14386022577867,
    "sentKBytesPerSec" : 348.44026272838556
  },
  "Monolithic-based client" : {
    "transaction" : "Monolithic-based client",
    "sampleCount" : 10000,
    "errorCount" : 0,
    "errorPct" : 0.0,
    "meanResTime" : 52.67859999999989,
    "medianResTime" : 44.0,
    "minResTime" : 3.0,
    "maxResTime" : 1261.0,
    "pct1ResTime" : 59.0,
    "pct2ResTime" : 74.94999999999891,
    "pct3ResTime" : 271.9899999999998,
    "throughput" : 1308.557969118032,
    "receivedKBytesPerSec" : 230.01995550902905,
    "sentKBytesPerSec" : 310.5269399371892
  }
}