{
  "Microservice-based client" : {
    "transaction" : "Microservice-based client",
    "sampleCount" : 10000,
    "errorCount" : 0,
    "errorPct" : 0.0,
    "meanResTime" : 147.02989999999969,
    "medianResTime" : 63.0,
    "minResTime" : 5.0,
    "maxResTime" : 914.0,
    "pct1ResTime" : 517.8999999999996,
    "pct2ResTime" : 674.9499999999989,
    "pct3ResTime" : 793.9899999999998,
    "throughput" : 1680.3898504453032,
    "receivedKBytesPerSec" : 219.8947655856159,
    "sentKBytesPerSec" : 398.7643883380945
  },
  "Microservice-based client with caching" : {
    "transaction" : "Microservice-based client with caching",
    "sampleCount" : 10000,
    "errorCount" : 0,
    "errorPct" : 0.0,
    "meanResTime" : 1430.254999999995,
    "medianResTime" : 1408.0,
    "minResTime" : 38.0,
    "maxResTime" : 2228.0,
    "pct1ResTime" : 2035.0,
    "pct2ResTime" : 2089.0,
    "pct3ResTime" : 2183.0,
    "throughput" : 1207.8753472641624,
    "receivedKBytesPerSec" : 69.59438035994685,
    "sentKBytesPerSec" : 355.0492964126102
  },
  "Total" : {
    "transaction" : "Total",
    "sampleCount" : 30000,
    "errorCount" : 0,
    "errorPct" : 0.0,
    "meanResTime" : 541.9201666666697,
    "medianResTime" : 750.5,
    "minResTime" : 3.0,
    "maxResTime" : 2228.0,
    "pct1ResTime" : 1851.0,
    "pct2ResTime" : 2035.0,
    "pct3ResTime" : 2158.0,
    "throughput" : 1389.5965538005466,
    "receivedKBytesPerSec" : 168.72380031497522,
    "sentKBytesPerSec" : 355.993648385752
  },
  "Monolithic-based client" : {
    "transaction" : "Monolithic-based client",
    "sampleCount" : 10000,
    "errorCount" : 0,
    "errorPct" : 0.0,
    "meanResTime" : 48.47560000000011,
    "medianResTime" : 44.0,
    "minResTime" : 3.0,
    "maxResTime" : 303.0,
    "pct1ResTime" : 58.0,
    "pct2ResTime" : 65.0,
    "pct3ResTime" : 200.98999999999978,
    "throughput" : 1360.3591348115901,
    "receivedKBytesPerSec" : 239.12562916609986,
    "sentKBytesPerSec" : 322.8195993742348
  }
}