{
  "Microservice-based client" : {
    "transaction" : "Microservice-based client",
    "sampleCount" : 10000,
    "errorCount" : 0,
    "errorPct" : 0.0,
    "meanResTime" : 60.555699999999945,
    "medianResTime" : 60.0,
    "minResTime" : 18.0,
    "maxResTime" : 115.0,
    "pct1ResTime" : 75.0,
    "pct2ResTime" : 80.0,
    "pct3ResTime" : 91.0,
    "throughput" : 1900.7793195210036,
    "receivedKBytesPerSec" : 248.73479376544384,
    "sentKBytesPerSec" : 451.0638424253944
  },
  "Microservice-based client with caching" : {
    "transaction" : "Microservice-based client with caching",
    "sampleCount" : 10000,
    "errorCount" : 0,
    "errorPct" : 0.0,
    "meanResTime" : 1581.893000000002,
    "medianResTime" : 1789.0,
    "minResTime" : 28.0,
    "maxResTime" : 2216.0,
    "pct1ResTime" : 2141.0,
    "pct2ResTime" : 2162.0,
    "pct3ResTime" : 2178.0,
    "throughput" : 1181.753722524226,
    "receivedKBytesPerSec" : 68.0893258095013,
    "sentKBytesPerSec" : 347.3709672654219
  },
  "Total" : {
    "transaction" : "Total",
    "sampleCount" : 30000,
    "errorCount" : 0,
    "errorPct" : 0.0,
    "meanResTime" : 562.681533333332,
    "medianResTime" : 87.0,
    "minResTime" : 3.0,
    "maxResTime" : 2216.0,
    "pct1ResTime" : 2103.0,
    "pct2ResTime" : 2141.0,
    "pct3ResTime" : 2174.0,
    "throughput" : 1413.6939823759485,
    "receivedKBytesPerSec" : 171.64969252155882,
    "sentKBytesPerSec" : 362.1670456151925
  },
  "Monolithic-based client" : {
    "transaction" : "Monolithic-based client",
    "sampleCount" : 10000,
    "errorCount" : 0,
    "errorPct" : 0.0,
    "meanResTime" : 45.59589999999998,
    "medianResTime" : 43.0,
    "minResTime" : 3.0,
    "maxResTime" : 307.0,
    "pct1ResTime" : 60.0,
    "pct2ResTime" : 68.0,
    "pct3ResTime" : 227.96999999999935,
    "throughput" : 1334.4008540165466,
    "receivedKBytesPerSec" : 234.5626501200961,
    "sentKBytesPerSec" : 316.6595776621297
  }
}