{
  "Microservice-based client" : {
    "transaction" : "Microservice-based client",
    "sampleCount" : 10000,
    "errorCount" : 0,
    "errorPct" : 0.0,
    "meanResTime" : 75.7385,
    "medianResTime" : 69.0,
    "minResTime" : 10.0,
    "maxResTime" : 251.0,
    "pct1ResTime" : 104.0,
    "pct2ResTime" : 134.0,
    "pct3ResTime" : 194.0,
    "throughput" : 1919.754271453254,
    "receivedKBytesPerSec" : 251.21784411595317,
    "sentKBytesPerSec" : 455.56668746400464
  },
  "Microservice-based client with caching" : {
    "transaction" : "Microservice-based client with caching",
    "sampleCount" : 10000,
    "errorCount" : 0,
    "errorPct" : 0.0,
    "meanResTime" : 269.54439999999806,
    "medianResTime" : 170.5,
    "minResTime" : 3.0,
    "maxResTime" : 899.0,
    "pct1ResTime" : 626.8999999999996,
    "pct2ResTime" : 674.0,
    "pct3ResTime" : 777.9899999999998,
    "throughput" : 1275.9984688018376,
    "receivedKBytesPerSec" : 73.51944302666837,
    "sentKBytesPerSec" : 375.07376866147763
  },
  "Total" : {
    "transaction" : "Total",
    "sampleCount" : 30000,
    "errorCount" : 0,
    "errorPct" : 0.0,
    "meanResTime" : 131.45560000000006,
    "medianResTime" : 71.0,
    "minResTime" : 3.0,
    "maxResTime" : 899.0,
    "pct1ResTime" : 556.9000000000015,
    "pct2ResTime" : 626.9500000000007,
    "pct3ResTime" : 730.9800000000032,
    "throughput" : 1462.4872032369715,
    "receivedKBytesPerSec" : 177.57412982011405,
    "sentKBytesPerSec" : 374.66713181884654
  },
  "Monolithic-based client" : {
    "transaction" : "Monolithic-based client",
    "sampleCount" : 10000,
    "errorCount" : 0,
    "errorPct" : 0.0,
    "meanResTime" : 49.08390000000008,
    "medianResTime" : 46.0,
    "minResTime" : 3.0,
    "maxResTime" : 327.0,
    "pct1ResTime" : 61.0,
    "pct2ResTime" : 68.0,
    "pct3ResTime" : 204.0,
    "throughput" : 1339.9437223636608,
    "receivedKBytesPerSec" : 235.53698244673723,
    "sentKBytesPerSec" : 317.9749263030953
  }
}