{
  "Microservice-based client" : {
    "transaction" : "Microservice-based client",
    "sampleCount" : 10000,
    "errorCount" : 0,
    "errorPct" : 0.0,
    "meanResTime" : 59.718700000000034,
    "medianResTime" : 59.0,
    "minResTime" : 18.0,
    "maxResTime" : 114.0,
    "pct1ResTime" : 74.0,
    "pct2ResTime" : 79.0,
    "pct3ResTime" : 92.0,
    "throughput" : 1766.7844522968196,
    "receivedKBytesPerSec" : 231.20030918727915,
    "sentKBytesPerSec" : 419.2662323321555
  },
  "Microservice-based client with caching" : {
    "transaction" : "Microservice-based client with caching",
    "sampleCount" : 10000,
    "errorCount" : 0,
    "errorPct" : 0.0,
    "meanResTime" : 440.6501999999998,
    "medianResTime" : 405.0,
    "minResTime" : 8.0,
    "maxResTime" : 1270.0,
    "pct1ResTime" : 907.0,
    "pct2ResTime" : 1005.0,
    "pct3ResTime" : 1185.9899999999998,
    "throughput" : 1408.0540692762602,
    "receivedKBytesPerSec" : 81.12811531962826,
    "sentKBytesPerSec" : 413.89089341030694
  },
  "Total" : {
    "transaction" : "Total",
    "sampleCount" : 30000,
    "errorCount" : 0,
    "errorPct" : 0.0,
    "meanResTime" : 183.3233333333337,
    "medianResTime" : 70.0,
    "minResTime" : 3.0,
    "maxResTime" : 1270.0,
    "pct1ResTime" : 770.0,
    "pct2ResTime" : 907.0,
    "pct3ResTime" : 1118.9900000000016,
    "throughput" : 1489.203276247208,
    "receivedKBytesPerSec" : 180.81797592454703,
    "sentKBytesPerSec" : 381.5113862000496
  },
  "Monolithic-based client" : {
    "transaction" : "Monolithic-based client",
    "sampleCount" : 10000,
    "errorCount" : 0,
    "errorPct" : 0.0,
    "meanResTime" : 49.601099999999995,
    "medianResTime" : 44.0,
    "minResTime" : 3.0,
    "maxResTime" : 416.0,
    "pct1ResTime" : 58.0,
    "pct2ResTime" : 68.0,
    "pct3ResTime" : 287.96999999999935,
    "throughput" : 1355.1971811898632,
    "receivedKBytesPerSec" : 238.21825450603063,
    "sentKBytesPerSec" : 321.59464358314136
  }
}