{
  "Microservice-based client" : {
    "transaction" : "Microservice-based client",
    "sampleCount" : 100000,
    "errorCount" : 45565,
    "errorPct" : 45.565,
    "meanResTime" : 3171.369420000018,
    "medianResTime" : 715.0,
    "minResTime" : 3.0,
    "maxResTime" : 145401.0,
    "pct1ResTime" : 1695.9000000000015,
    "pct2ResTime" : 2137.0,
    "pct3ResTime" : 3099.880000000019,
    "throughput" : 670.4974420522586,
    "receivedKBytesPerSec" : 4789.120408978296,
    "sentKBytesPerSec" : 46.798488646383
  },
  "Microservice-based client with caching" : {
    "transaction" : "Microservice-based client with caching",
    "sampleCount" : 100000,
    "errorCount" : 42872,
    "errorPct" : 42.872,
    "meanResTime" : 2086.603109999987,
    "medianResTime" : 695.0,
    "minResTime" : 1.0,
    "maxResTime" : 34513.0,
    "pct1ResTime" : 1397.0,
    "pct2ResTime" : 1628.9500000000007,
    "pct3ResTime" : 2092.980000000003,
    "throughput" : 1031.193606599639,
    "receivedKBytesPerSec" : 7623.421065351895,
    "sentKBytesPerSec" : 109.88100992523847
  },
  "Total" : {
    "transaction" : "Total",
    "sampleCount" : 300000,
    "errorCount" : 131973,
    "errorPct" : 43.991,
    "meanResTime" : 2748.738736666694,
    "medianResTime" : 695.0,
    "minResTime" : 1.0,
    "maxResTime" : 145401.0,
    "pct1ResTime" : 1397.0,
    "pct2ResTime" : 1628.9500000000007,
    "pct3ResTime" : 2092.980000000003,
    "throughput" : 839.7903883190756,
    "receivedKBytesPerSec" : 6136.008241405445,
    "sentKBytesPerSec" : 68.96984957867016
  },
  "Monolithic-based client" : {
    "transaction" : "Monolithic-based client",
    "sampleCount" : 100000,
    "errorCount" : 43536,
    "errorPct" : 43.536,
    "meanResTime" : 2988.2436799999937,
    "medianResTime" : 3408.0,
    "minResTime" : 2.0,
    "maxResTime" : 31786.0,
    "pct1ResTime" : 5513.0,
    "pct2ResTime" : 6018.0,
    "pct3ResTime" : 6611.0,
    "throughput" : 900.009000090001,
    "receivedKBytesPerSec" : 6645.967537800378,
    "sentKBytesPerSec" : 63.026364638646385
  }
}