{
  "Microservice-based client" : {
    "transaction" : "Microservice-based client",
    "sampleCount" : 100000,
    "errorCount" : 43505,
    "errorPct" : 43.505,
    "meanResTime" : 3004.8236499999816,
    "medianResTime" : 1394.5,
    "minResTime" : 2.0,
    "maxResTime" : 96311.0,
    "pct1ResTime" : 11884.700000000004,
    "pct2ResTime" : 15005.700000000004,
    "pct3ResTime" : 23838.800000000032,
    "throughput" : 598.2077695225105,
    "receivedKBytesPerSec" : 4406.573598857199,
    "sentKBytesPerSec" : 41.931712433299836
  },
  "Microservice-based client with caching" : {
    "transaction" : "Microservice-based client with caching",
    "sampleCount" : 100000,
    "errorCount" : 42719,
    "errorPct" : 42.719,
    "meanResTime" : 1741.9698899999885,
    "medianResTime" : 475.0,
    "minResTime" : 1.0,
    "maxResTime" : 64134.0,
    "pct1ResTime" : 1030.0,
    "pct2ResTime" : 1204.0,
    "pct3ResTime" : 2743.980000000003,
    "throughput" : 1035.2824250455524,
    "receivedKBytesPerSec" : 7667.510324111339,
    "sentKBytesPerSec" : 110.6121523877495
  },
  "Total" : {
    "transaction" : "Total",
    "sampleCount" : 300000,
    "errorCount" : 129739,
    "errorPct" : 43.246334,
    "meanResTime" : 1970.174999999887,
    "medianResTime" : 475.0,
    "minResTime" : 1.0,
    "maxResTime" : 96311.0,
    "pct1ResTime" : 1030.0,
    "pct2ResTime" : 1204.0,
    "pct3ResTime" : 2743.980000000003,
    "throughput" : 817.0958235508805,
    "receivedKBytesPerSec" : 6035.255836213312,
    "sentKBytesPerSec" : 67.27223326247297
  },
  "Monolithic-based client" : {
    "transaction" : "Monolithic-based client",
    "sampleCount" : 100000,
    "errorCount" : 43515,
    "errorPct" : 43.515,
    "meanResTime" : 1163.731459999981,
    "medianResTime" : 2442.5,
    "minResTime" : 3.0,
    "maxResTime" : 34109.0,
    "pct1ResTime" : 5347.0,
    "pct2ResTime" : 7277.0,
    "pct3ResTime" : 12164.960000000006,
    "throughput" : 967.2021742704877,
    "receivedKBytesPerSec" : 7143.9378846895515,
    "sentKBytesPerSec" : 67.7569988411709
  }
}