{
  "Microservice-based client" : {
    "transaction" : "Microservice-based client",
    "sampleCount" : 50000,
    "errorCount" : 21758,
    "errorPct" : 43.516,
    "meanResTime" : 4029.275960000019,
    "medianResTime" : 3.0,
    "minResTime" : 2.0,
    "maxResTime" : 56227.0,
    "pct1ResTime" : 4.0,
    "pct2ResTime" : 4.0,
    "pct3ResTime" : 30628.94000000001,
    "throughput" : 877.8706369829342,
    "receivedKBytesPerSec" : 6466.58553450251,
    "sentKBytesPerSec" : 61.52830693868951
  },
  "Microservice-based client with caching" : {
    "transaction" : "Microservice-based client with caching",
    "sampleCount" : 50000,
    "errorCount" : 21266,
    "errorPct" : 42.532,
    "meanResTime" : 3195.98932000002,
    "medianResTime" : 5039.5,
    "minResTime" : 2.0,
    "maxResTime" : 30746.0,
    "pct1ResTime" : 10020.0,
    "pct2ResTime" : 12840.95,
    "pct3ResTime" : 15716.0,
    "throughput" : 926.5092836230219,
    "receivedKBytesPerSec" : 6877.076213206,
    "sentKBytesPerSec" : 99.31372443992514
  },
  "Total" : {
    "transaction" : "Total",
    "sampleCount" : 150000,
    "errorCount" : 64785,
    "errorPct" : 43.19,
    "meanResTime" : 2492.5762799999634,
    "medianResTime" : 5039.5,
    "minResTime" : 2.0,
    "maxResTime" : 56227.0,
    "pct1ResTime" : 10020.0,
    "pct2ResTime" : 12840.95,
    "pct3ResTime" : 15716.0,
    "throughput" : 935.1446045273467,
    "receivedKBytesPerSec" : 6912.075494272629,
    "sentKBytesPerSec" : 77.09499544701471
  },
  "Monolithic-based client" : {
    "transaction" : "Monolithic-based client",
    "sampleCount" : 50000,
    "errorCount" : 21761,
    "errorPct" : 43.522,
    "meanResTime" : 252.46356000000222,
    "medianResTime" : 3.0,
    "minResTime" : 3.0,
    "maxResTime" : 6376.0,
    "pct1ResTime" : 4.0,
    "pct2ResTime" : 4.0,
    "pct3ResTime" : 12.0,
    "throughput" : 1010.5705681427735,
    "receivedKBytesPerSec" : 7463.639769646756,
    "sentKBytesPerSec" : 70.78638259317461
  }
}