{
  "Microservice-based client - 5K" : {
    "transaction" : "Microservice-based client - 5K",
    "sampleCount" : 5000,
    "errorCount" : 0,
    "errorPct" : 0.0,
    "meanResTime" : 32558.665800000028,
    "medianResTime" : 32713.5,
    "minResTime" : 58.0,
    "maxResTime" : 117536.0,
    "pct1ResTime" : 38544.100000000006,
    "pct2ResTime" : 44803.299999999996,
    "pct3ResTime" : 59391.67999999999,
    "throughput" : 42.09427433680471,
    "receivedKBytesPerSec" : 5579.522324369533,
    "sentKBytesPerSec" : 5.2206766023185525
  },
  "Microservice-based client - 3K" : {
    "transaction" : "Microservice-based client - 3K",
    "sampleCount" : 3000,
    "errorCount" : 0,
    "errorPct" : 0.0,
    "meanResTime" : 18639.122333333347,
    "medianResTime" : 19557.0,
    "minResTime" : 65.0,
    "maxResTime" : 77010.0,
    "pct1ResTime" : 21390.2,
    "pct2ResTime" : 23587.85,
    "pct3ResTime" : 31325.11999999998,
    "throughput" : 38.55149194273819,
    "receivedKBytesPerSec" : 5110.586071526672,
    "sentKBytesPerSec" : 4.781288551491943
  },
  "Microservice-based client - 4K" : {
    "transaction" : "Microservice-based client - 4K",
    "sampleCount" : 4000,
    "errorCount" : 0,
    "errorPct" : 0.0,
    "meanResTime" : 26411.629999999965,
    "medianResTime" : 26170.0,
    "minResTime" : 76.0,
    "maxResTime" : 89292.0,
    "pct1ResTime" : 30298.2,
    "pct2ResTime" : 35218.2,
    "pct3ResTime" : 48810.209999999985,
    "throughput" : 44.38526409232135,
    "receivedKBytesPerSec" : 5883.983800678956,
    "sentKBytesPerSec" : 5.504813027075011
  },
  "Total" : {
    "transaction" : "Total",
    "sampleCount" : 15000,
    "errorCount" : 0,
    "errorPct" : 0.0,
    "meanResTime" : 23771.74780000005,
    "medianResTime" : 24937.5,
    "minResTime" : 55.0,
    "maxResTime" : 117536.0,
    "pct1ResTime" : 34586.0,
    "pct2ResTime" : 37317.04999999998,
    "pct3ResTime" : 52961.65999999999,
    "throughput" : 44.136599834046386,
    "receivedKBytesPerSec" : 5850.648964334685,
    "sentKBytesPerSec" : 5.473972830980363
  },
  "Microservice-based client - 1K" : {
    "transaction" : "Microservice-based client - 1K",
    "sampleCount" : 1000,
    "errorCount" : 0,
    "errorPct" : 0.0,
    "meanResTime" : 5940.400999999998,
    "medianResTime" : 5947.5,
    "minResTime" : 129.0,
    "maxResTime" : 11579.0,
    "pct1ResTime" : 6714.5,
    "pct2ResTime" : 6900.849999999999,
    "pct3ResTime" : 8584.62,
    "throughput" : 85.73388203017834,
    "receivedKBytesPerSec" : 11361.609104402434,
    "sentKBytesPerSec" : 10.633010759602195
  },
  "Microservice-based client - 2K" : {
    "transaction" : "Microservice-based client - 2K",
    "sampleCount" : 2000,
    "errorCount" : 0,
    "errorPct" : 0.0,
    "meanResTime" : 13139.300000000005,
    "medianResTime" : 13261.0,
    "minResTime" : 55.0,
    "maxResTime" : 40123.0,
    "pct1ResTime" : 14470.9,
    "pct2ResTime" : 14869.75,
    "pct3ResTime" : 20649.08,
    "throughput" : 48.23461315840247,
    "receivedKBytesPerSec" : 6394.539752292651,
    "sentKBytesPerSec" : 5.982222530387807
  }
}