{
  "Microservice-based client with caching (1K)" : {
    "transaction" : "Microservice-based client with caching (1K)",
    "sampleCount" : 1000,
    "errorCount" : 0,
    "errorPct" : 0.0,
    "meanResTime" : 428.8749999999995,
    "medianResTime" : 465.0,
    "minResTime" : 28.0,
    "maxResTime" : 1188.0,
    "pct1ResTime" : 778.0,
    "pct2ResTime" : 791.0,
    "pct3ResTime" : 897.9000000000001,
    "throughput" : 398.0891719745223,
    "receivedKBytesPerSec" : 10295.503458399682,
    "sentKBytesPerSec" : 74.25296078821655
  },
  "Microservice-based client with caching (2K)" : {
    "transaction" : "Microservice-based client with caching (2K)",
    "sampleCount" : 2000,
    "errorCount" : 0,
    "errorPct" : 0.0,
    "meanResTime" : 110.66549999999994,
    "medianResTime" : 91.0,
    "minResTime" : 25.0,
    "maxResTime" : 1365.0,
    "pct1ResTime" : 162.0,
    "pct2ResTime" : 184.0,
    "pct3ResTime" : 1117.99,
    "throughput" : 622.0839813374805,
    "receivedKBytesPerSec" : 16088.525466562987,
    "sentKBytesPerSec" : 116.03324261275273
  },
  "Total" : {
    "transaction" : "Total",
    "sampleCount" : 15000,
    "errorCount" : 0,
    "errorPct" : 0.0,
    "meanResTime" : 3086.0552000000157,
    "medianResTime" : 3479.5,
    "minResTime" : 25.0,
    "maxResTime" : 14005.0,
    "pct1ResTime" : 6560.699999999999,
    "pct2ResTime" : 7307.949999999999,
    "pct3ResTime" : 8550.939999999999,
    "throughput" : 633.820671004817,
    "receivedKBytesPerSec" : 16392.063310762274,
    "sentKBytesPerSec" : 118.22241031437505
  },
  "Microservice-based client with caching (5K)" : {
    "transaction" : "Microservice-based client with caching (5K)",
    "sampleCount" : 5000,
    "errorCount" : 0,
    "errorPct" : 0.0,
    "meanResTime" : 5970.533999999998,
    "medianResTime" : 5854.0,
    "minResTime" : 3587.0,
    "maxResTime" : 14005.0,
    "pct1ResTime" : 7564.800000000001,
    "pct2ResTime" : 8098.95,
    "pct3ResTime" : 10080.869999999997,
    "throughput" : 329.1205897840969,
    "receivedKBytesPerSec" : 8511.816971926013,
    "sentKBytesPerSec" : 61.388703758557135
  },
  "Microservice-based client with caching (3K)" : {
    "transaction" : "Microservice-based client with caching (3K)",
    "sampleCount" : 3000,
    "errorCount" : 0,
    "errorPct" : 0.0,
    "meanResTime" : 500.81966666666676,
    "medianResTime" : 503.0,
    "minResTime" : 30.0,
    "maxResTime" : 6575.0,
    "pct1ResTime" : 879.9000000000001,
    "pct2ResTime" : 1021.8999999999996,
    "pct3ResTime" : 1626.8699999999972,
    "throughput" : 375.3284123608157,
    "receivedKBytesPerSec" : 9706.857758351056,
    "sentKBytesPerSec" : 70.00754566495684
  },
  "Microservice-based client with caching (4K)" : {
    "transaction" : "Microservice-based client with caching (4K)",
    "sampleCount" : 4000,
    "errorCount" : 0,
    "errorPct" : 0.0,
    "meanResTime" : 3571.373249999996,
    "medianResTime" : 3864.0,
    "minResTime" : 700.0,
    "maxResTime" : 11552.0,
    "pct1ResTime" : 5003.0,
    "pct2ResTime" : 5477.649999999999,
    "pct3ResTime" : 8009.689999999993,
    "throughput" : 321.64683177870694,
    "receivedKBytesPerSec" : 8318.528365229977,
    "sentKBytesPerSec" : 59.99467272434867
  }
}