{
  "Microservice-based client" : {
    "transaction" : "Microservice-based client",
    "sampleCount" : 100,
    "errorCount" : 0,
    "errorPct" : 0.0,
    "meanResTime" : 20.13,
    "medianResTime" : 21.5,
    "minResTime" : 3.0,
    "maxResTime" : 42.0,
    "pct1ResTime" : 30.0,
    "pct2ResTime" : 32.0,
    "pct3ResTime" : 41.929999999999964,
    "throughput" : 442.4778761061947,
    "receivedKBytesPerSec" : 540.4193169247787,
    "sentKBytesPerSec" : 54.87762721238938
  },
  "Microservice-based client with caching" : {
    "transaction" : "Microservice-based client with caching",
    "sampleCount" : 100,
    "errorCount" : 0,
    "errorPct" : 0.0,
    "meanResTime" : 17.250000000000004,
    "medianResTime" : 24.0,
    "minResTime" : 2.0,
    "maxResTime" : 36.0,
    "pct1ResTime" : 30.0,
    "pct2ResTime" : 33.94999999999999,
    "pct3ResTime" : 35.989999999999995,
    "throughput" : 621.1180124223602,
    "receivedKBytesPerSec" : 6922.069099378882,
    "sentKBytesPerSec" : 115.85306677018633
  },
  "Total" : {
    "transaction" : "Total",
    "sampleCount" : 300,
    "errorCount" : 0,
    "errorPct" : 0.0,
    "meanResTime" : 33.10000000000001,
    "medianResTime" : 27.0,
    "minResTime" : 2.0,
    "maxResTime" : 109.0,
    "pct1ResTime" : 77.90000000000003,
    "pct2ResTime" : 94.94999999999999,
    "pct3ResTime" : 100.99000000000001,
    "throughput" : 573.6137667304015,
    "receivedKBytesPerSec" : 2606.4061006214147,
    "sentKBytesPerSec" : 83.0918379541109
  },
  "Monolithic-based client" : {
    "transaction" : "Monolithic-based client",
    "sampleCount" : 100,
    "errorCount" : 0,
    "errorPct" : 0.0,
    "meanResTime" : 61.92,
    "medianResTime" : 54.0,
    "minResTime" : 23.0,
    "maxResTime" : 109.0,
    "pct1ResTime" : 95.9,
    "pct2ResTime" : 98.0,
    "pct3ResTime" : 108.95999999999998,
    "throughput" : 819.672131147541,
    "receivedKBytesPerSec" : 1037.3975409836066,
    "sentKBytesPerSec" : 101.65855532786885
  }
}