{
  "Microservice-based client" : {
    "transaction" : "Microservice-based client",
    "sampleCount" : 100,
    "errorCount" : 0,
    "errorPct" : 0.0,
    "meanResTime" : 36.87000000000002,
    "medianResTime" : 40.5,
    "minResTime" : 4.0,
    "maxResTime" : 85.0,
    "pct1ResTime" : 61.0,
    "pct2ResTime" : 64.94999999999999,
    "pct3ResTime" : 84.92999999999996,
    "throughput" : 518.1347150259066,
    "receivedKBytesPerSec" : 67.80278497409326,
    "sentKBytesPerSec" : 122.95579663212435
  },
  "Microservice-based client with caching" : {
    "transaction" : "Microservice-based client with caching",
    "sampleCount" : 100,
    "errorCount" : 0,
    "errorPct" : 0.0,
    "meanResTime" : 22.209999999999994,
    "medianResTime" : 23.0,
    "minResTime" : 2.0,
    "maxResTime" : 47.0,
    "pct1ResTime" : 33.0,
    "pct2ResTime" : 34.94999999999999,
    "pct3ResTime" : 46.93999999999997,
    "throughput" : 571.4285714285714,
    "receivedKBytesPerSec" : 32.924107142857146,
    "sentKBytesPerSec" : 167.96875
  },
  "Total" : {
    "transaction" : "Total",
    "sampleCount" : 300,
    "errorCount" : 0,
    "errorPct" : 0.0,
    "meanResTime" : 47.92000000000003,
    "medianResTime" : 38.5,
    "minResTime" : 2.0,
    "maxResTime" : 157.0,
    "pct1ResTime" : 130.0,
    "pct2ResTime" : 146.89999999999998,
    "pct3ResTime" : 155.99,
    "throughput" : 553.5055350553506,
    "receivedKBytesPerSec" : 67.20623846863468,
    "sentKBytesPerSec" : 141.79975784132841
  },
  "Monolithic-based client" : {
    "transaction" : "Monolithic-based client",
    "sampleCount" : 100,
    "errorCount" : 0,
    "errorPct" : 0.0,
    "meanResTime" : 84.68,
    "medianResTime" : 57.5,
    "minResTime" : 30.0,
    "maxResTime" : 157.0,
    "pct1ResTime" : 150.0,
    "pct2ResTime" : 153.95,
    "pct3ResTime" : 156.99,
    "throughput" : 621.1180124223602,
    "receivedKBytesPerSec" : 109.18090062111801,
    "sentKBytesPerSec" : 147.39421583850933
  }
}