{
  "Microservice-based client" : {
    "transaction" : "Microservice-based client",
    "sampleCount" : 100,
    "errorCount" : 0,
    "errorPct" : 0.0,
    "meanResTime" : 18.459999999999997,
    "medianResTime" : 9.5,
    "minResTime" : 5.0,
    "maxResTime" : 45.0,
    "pct1ResTime" : 40.0,
    "pct2ResTime" : 42.0,
    "pct3ResTime" : 45.0,
    "throughput" : 537.6344086021505,
    "receivedKBytesPerSec" : 70.35450268817205,
    "sentKBytesPerSec" : 127.58316532258064
  },
  "Microservice-based client with caching" : {
    "transaction" : "Microservice-based client with caching",
    "sampleCount" : 100,
    "errorCount" : 0,
    "errorPct" : 0.0,
    "meanResTime" : 22.100000000000005,
    "medianResTime" : 24.0,
    "minResTime" : 2.0,
    "maxResTime" : 48.0,
    "pct1ResTime" : 43.0,
    "pct2ResTime" : 44.0,
    "pct3ResTime" : 47.97999999999999,
    "throughput" : 598.8023952095808,
    "receivedKBytesPerSec" : 34.50130988023952,
    "sentKBytesPerSec" : 176.01515718562874
  },
  "Total" : {
    "transaction" : "Total",
    "sampleCount" : 300,
    "errorCount" : 0,
    "errorPct" : 0.0,
    "meanResTime" : 44.93,
    "medianResTime" : 35.0,
    "minResTime" : 2.0,
    "maxResTime" : 131.0,
    "pct1ResTime" : 101.90000000000003,
    "pct2ResTime" : 109.89999999999998,
    "pct3ResTime" : 122.98000000000002,
    "throughput" : 585.9375,
    "receivedKBytesPerSec" : 71.14410400390625,
    "sentKBytesPerSec" : 150.10833740234375
  },
  "Monolithic-based client" : {
    "transaction" : "Monolithic-based client",
    "sampleCount" : 100,
    "errorCount" : 0,
    "errorPct" : 0.0,
    "meanResTime" : 94.23000000000002,
    "medianResTime" : 96.0,
    "minResTime" : 43.0,
    "maxResTime" : 131.0,
    "pct1ResTime" : 114.9,
    "pct2ResTime" : 118.94999999999999,
    "pct3ResTime" : 130.91999999999996,
    "throughput" : 729.92700729927,
    "receivedKBytesPerSec" : 128.3074817518248,
    "sentKBytesPerSec" : 173.2151003649635
  }
}