{
  "Microservice-based client" : {
    "transaction" : "Microservice-based client",
    "sampleCount" : 100,
    "errorCount" : 0,
    "errorPct" : 0.0,
    "meanResTime" : 6.159999999999998,
    "medianResTime" : 6.0,
    "minResTime" : 4.0,
    "maxResTime" : 10.0,
    "pct1ResTime" : 9.0,
    "pct2ResTime" : 9.0,
    "pct3ResTime" : 10.0,
    "throughput" : 485.4368932038835,
    "receivedKBytesPerSec" : 63.52396844660195,
    "sentKBytesPerSec" : 115.19645024271846
  },
  "Microservice-based client with caching" : {
    "transaction" : "Microservice-based client with caching",
    "sampleCount" : 100,
    "errorCount" : 0,
    "errorPct" : 0.0,
    "meanResTime" : 25.0,
    "medianResTime" : 27.0,
    "minResTime" : 2.0,
    "maxResTime" : 43.0,
    "pct1ResTime" : 38.0,
    "pct2ResTime" : 39.94999999999999,
    "pct3ResTime" : 42.989999999999995,
    "throughput" : 602.4096385542169,
    "receivedKBytesPerSec" : 34.70914909638554,
    "sentKBytesPerSec" : 177.0754894578313
  },
  "Total" : {
    "transaction" : "Total",
    "sampleCount" : 300,
    "errorCount" : 0,
    "errorPct" : 0.0,
    "meanResTime" : 39.39666666666666,
    "medianResTime" : 27.0,
    "minResTime" : 2.0,
    "maxResTime" : 136.0,
    "pct1ResTime" : 102.0,
    "pct2ResTime" : 120.94999999999999,
    "pct3ResTime" : 132.98000000000002,
    "throughput" : 552.4861878453039,
    "receivedKBytesPerSec" : 67.08247007366482,
    "sentKBytesPerSec" : 141.5386164825046
  },
  "Monolithic-based client" : {
    "transaction" : "Monolithic-based client",
    "sampleCount" : 100,
    "errorCount" : 0,
    "errorPct" : 0.0,
    "meanResTime" : 87.02999999999999,
    "medianResTime" : 78.5,
    "minResTime" : 53.0,
    "maxResTime" : 136.0,
    "pct1ResTime" : 123.0,
    "pct2ResTime" : 128.95,
    "pct3ResTime" : 135.96999999999997,
    "throughput" : 719.4244604316547,
    "receivedKBytesPerSec" : 126.46133093525178,
    "sentKBytesPerSec" : 170.72279676258992
  }
}