{
  "Microservice-based client" : {
    "transaction" : "Microservice-based client",
    "sampleCount" : 100,
    "errorCount" : 0,
    "errorPct" : 0.0,
    "meanResTime" : 215.31999999999996,
    "medianResTime" : 217.5,
    "minResTime" : 131.0,
    "maxResTime" : 244.0,
    "pct1ResTime" : 230.9,
    "pct2ResTime" : 235.0,
    "pct3ResTime" : 243.93999999999997,
    "throughput" : 271.73913043478257,
    "receivedKBytesPerSec" : 35.82498301630435,
    "sentKBytesPerSec" : 165.32566236413044
  },
  "Microservice-based client with caching" : {
    "transaction" : "Microservice-based client with caching",
    "sampleCount" : 100,
    "errorCount" : 0,
    "errorPct" : 0.0,
    "meanResTime" : 4.120000000000001,
    "medianResTime" : 3.0,
    "minResTime" : 1.0,
    "maxResTime" : 20.0,
    "pct1ResTime" : 8.900000000000006,
    "pct2ResTime" : 11.0,
    "pct3ResTime" : 19.97999999999999,
    "throughput" : 746.2686567164179,
    "receivedKBytesPerSec" : 42.99790111940298,
    "sentKBytesPerSec" : 219.36217350746267
  },
  "Total" : {
    "transaction" : "Total",
    "sampleCount" : 300,
    "errorCount" : 0,
    "errorPct" : 0.0,
    "meanResTime" : 171.45000000000005,
    "medianResTime" : 217.5,
    "minResTime" : 1.0,
    "maxResTime" : 352.0,
    "pct1ResTime" : 312.0,
    "pct2ResTime" : 320.95,
    "pct3ResTime" : 348.96000000000004,
    "throughput" : 343.24942791762015,
    "receivedKBytesPerSec" : 41.90056493135011,
    "sentKBytesPerSec" : 172.85379719679634
  },
  "Monolithic-based client" : {
    "transaction" : "Monolithic-based client",
    "sampleCount" : 100,
    "errorCount" : 0,
    "errorPct" : 0.0,
    "meanResTime" : 294.91000000000014,
    "medianResTime" : 301.5,
    "minResTime" : 244.0,
    "maxResTime" : 352.0,
    "pct1ResTime" : 325.0,
    "pct2ResTime" : 332.9,
    "pct3ResTime" : 351.98,
    "throughput" : 278.5515320334262,
    "receivedKBytesPerSec" : 49.23615947075209,
    "sentKBytesPerSec" : 169.4703168523677
  }
}