{
  "Microservice-based client" : {
    "transaction" : "Microservice-based client",
    "sampleCount" : 100,
    "errorCount" : 0,
    "errorPct" : 0.0,
    "meanResTime" : 34.68999999999999,
    "medianResTime" : 36.0,
    "minResTime" : 6.0,
    "maxResTime" : 76.0,
    "pct1ResTime" : 56.80000000000001,
    "pct2ResTime" : 60.89999999999998,
    "pct3ResTime" : 75.91999999999996,
    "throughput" : 555.5555555555555,
    "receivedKBytesPerSec" : 72.69965277777779,
    "sentKBytesPerSec" : 131.8359375
  },
  "Microservice-based client with caching" : {
    "transaction" : "Microservice-based client with caching",
    "sampleCount" : 100,
    "errorCount" : 0,
    "errorPct" : 0.0,
    "meanResTime" : 27.650000000000006,
    "medianResTime" : 29.0,
    "minResTime" : 2.0,
    "maxResTime" : 50.0,
    "pct1ResTime" : 40.900000000000006,
    "pct2ResTime" : 46.89999999999998,
    "pct3ResTime" : 49.989999999999995,
    "throughput" : 649.3506493506493,
    "receivedKBytesPerSec" : 37.413758116883116,
    "sentKBytesPerSec" : 190.87357954545456
  },
  "Total" : {
    "transaction" : "Total",
    "sampleCount" : 300,
    "errorCount" : 0,
    "errorPct" : 0.0,
    "meanResTime" : 50.063333333333304,
    "medianResTime" : 40.0,
    "minResTime" : 2.0,
    "maxResTime" : 138.0,
    "pct1ResTime" : 111.7000000000001,
    "pct2ResTime" : 124.89999999999998,
    "pct3ResTime" : 130.0,
    "throughput" : 608.5192697768763,
    "receivedKBytesPerSec" : 73.88596602434077,
    "sentKBytesPerSec" : 155.8934457403651
  },
  "Monolithic-based client" : {
    "transaction" : "Monolithic-based client",
    "sampleCount" : 100,
    "errorCount" : 0,
    "errorPct" : 0.0,
    "meanResTime" : 87.84999999999997,
    "medianResTime" : 76.0,
    "minResTime" : 49.0,
    "maxResTime" : 138.0,
    "pct1ResTime" : 128.0,
    "pct2ResTime" : 130.0,
    "pct3ResTime" : 137.93999999999997,
    "throughput" : 719.4244604316547,
    "receivedKBytesPerSec" : 126.46133093525178,
    "sentKBytesPerSec" : 170.72279676258992
  }
}