{
  "Microservice-based client" : {
    "transaction" : "Microservice-based client",
    "sampleCount" : 100,
    "errorCount" : 0,
    "errorPct" : 0.0,
    "meanResTime" : 258.59,
    "medianResTime" : 261.0,
    "minResTime" : 180.0,
    "maxResTime" : 294.0,
    "pct1ResTime" : 278.0,
    "pct2ResTime" : 281.95,
    "pct3ResTime" : 293.96,
    "throughput" : 242.13075060532688,
    "receivedKBytesPerSec" : 31.921534503631964,
    "sentKBytesPerSec" : 147.31197033898306
  },
  "Microservice-based client with caching" : {
    "transaction" : "Microservice-based client with caching",
    "sampleCount" : 100,
    "errorCount" : 0,
    "errorPct" : 0.0,
    "meanResTime" : 10.690000000000003,
    "medianResTime" : 12.0,
    "minResTime" : 1.0,
    "maxResTime" : 30.0,
    "pct1ResTime" : 17.0,
    "pct2ResTime" : 22.899999999999977,
    "pct3ResTime" : 29.95999999999998,
    "throughput" : 763.3587786259543,
    "receivedKBytesPerSec" : 43.9825858778626,
    "sentKBytesPerSec" : 224.38573473282443
  },
  "Total" : {
    "transaction" : "Total",
    "sampleCount" : 300,
    "errorCount" : 0,
    "errorPct" : 0.0,
    "meanResTime" : 183.84000000000026,
    "medianResTime" : 259.0,
    "minResTime" : 1.0,
    "maxResTime" : 312.0,
    "pct1ResTime" : 293.90000000000003,
    "pct2ResTime" : 298.95,
    "pct3ResTime" : 311.0,
    "throughput" : 338.2187147688839,
    "receivedKBytesPerSec" : 41.28646420518602,
    "sentKBytesPerSec" : 170.3204270011274
  },
  "Monolithic-based client" : {
    "transaction" : "Monolithic-based client",
    "sampleCount" : 100,
    "errorCount" : 0,
    "errorPct" : 0.0,
    "meanResTime" : 282.2400000000002,
    "medianResTime" : 283.5,
    "minResTime" : 235.0,
    "maxResTime" : 312.0,
    "pct1ResTime" : 300.9,
    "pct2ResTime" : 310.95,
    "pct3ResTime" : 312.0,
    "throughput" : 314.4654088050314,
    "receivedKBytesPerSec" : 55.5842177672956,
    "sentKBytesPerSec" : 191.32026336477986
  }
}