{
  "Microservice-based client" : {
    "transaction" : "Microservice-based client",
    "sampleCount" : 100,
    "errorCount" : 0,
    "errorPct" : 0.0,
    "meanResTime" : 14.949999999999994,
    "medianResTime" : 13.0,
    "minResTime" : 5.0,
    "maxResTime" : 38.0,
    "pct1ResTime" : 26.0,
    "pct2ResTime" : 28.94999999999999,
    "pct3ResTime" : 37.969999999999985,
    "throughput" : 456.62100456621005,
    "receivedKBytesPerSec" : 59.75313926940639,
    "sentKBytesPerSec" : 108.35830479452055
  },
  "Microservice-based client with caching" : {
    "transaction" : "Microservice-based client with caching",
    "sampleCount" : 100,
    "errorCount" : 0,
    "errorPct" : 0.0,
    "meanResTime" : 249.73999999999998,
    "medianResTime" : 263.0,
    "minResTime" : 71.0,
    "maxResTime" : 444.0,
    "pct1ResTime" : 409.70000000000005,
    "pct2ResTime" : 428.95,
    "pct3ResTime" : 443.88999999999993,
    "throughput" : 185.87360594795538,
    "receivedKBytesPerSec" : 56825.22798559479,
    "sentKBytesPerSec" : 54.273640799256505
  },
  "Total" : {
    "transaction" : "Total",
    "sampleCount" : 300,
    "errorCount" : 0,
    "errorPct" : 0.0,
    "meanResTime" : 112.47999999999995,
    "medianResTime" : 72.0,
    "minResTime" : 5.0,
    "maxResTime" : 444.0,
    "pct1ResTime" : 314.0,
    "pct2ResTime" : 388.79999999999995,
    "pct3ResTime" : 432.0,
    "throughput" : 329.6703296703297,
    "receivedKBytesPerSec" : 33629.271119505494,
    "sentKBytesPerSec" : 84.24192994505495
  },
  "Monolithic-based client" : {
    "transaction" : "Monolithic-based client",
    "sampleCount" : 100,
    "errorCount" : 0,
    "errorPct" : 0.0,
    "meanResTime" : 72.74999999999999,
    "medianResTime" : 72.5,
    "minResTime" : 36.0,
    "maxResTime" : 112.0,
    "pct1ResTime" : 102.0,
    "pct2ResTime" : 104.89999999999998,
    "pct3ResTime" : 111.96999999999998,
    "throughput" : 877.1929824561403,
    "receivedKBytesPerSec" : 154.1940789473684,
    "sentKBytesPerSec" : 208.16200657894737
  }
}