{
  "Microservice-based client" : {
    "transaction" : "Microservice-based client",
    "sampleCount" : 100,
    "errorCount" : 0,
    "errorPct" : 0.0,
    "meanResTime" : 226.35000000000002,
    "medianResTime" : 227.5,
    "minResTime" : 203.0,
    "maxResTime" : 254.0,
    "pct1ResTime" : 241.0,
    "pct2ResTime" : 246.89999999999998,
    "pct3ResTime" : 253.95999999999998,
    "throughput" : 281.69014084507046,
    "receivedKBytesPerSec" : 37.136883802816904,
    "sentKBytesPerSec" : 171.37984154929578
  },
  "Microservice-based client with caching" : {
    "transaction" : "Microservice-based client with caching",
    "sampleCount" : 100,
    "errorCount" : 0,
    "errorPct" : 0.0,
    "meanResTime" : 12.229999999999997,
    "medianResTime" : 6.0,
    "minResTime" : 1.0,
    "maxResTime" : 38.0,
    "pct1ResTime" : 29.0,
    "pct2ResTime" : 32.0,
    "pct3ResTime" : 37.969999999999985,
    "throughput" : 740.7407407407406,
    "receivedKBytesPerSec" : 42.679398148148145,
    "sentKBytesPerSec" : 217.7372685185185
  },
  "Total" : {
    "transaction" : "Total",
    "sampleCount" : 300,
    "errorCount" : 0,
    "errorPct" : 0.0,
    "meanResTime" : 164.78333333333327,
    "medianResTime" : 227.5,
    "minResTime" : 1.0,
    "maxResTime" : 296.0,
    "pct1ResTime" : 262.0,
    "pct2ResTime" : 273.95,
    "pct3ResTime" : 287.96000000000004,
    "throughput" : 359.2814371257485,
    "receivedKBytesPerSec" : 43.85759730538923,
    "sentKBytesPerSec" : 180.92720808383234
  },
  "Monolithic-based client" : {
    "transaction" : "Monolithic-based client",
    "sampleCount" : 100,
    "errorCount" : 0,
    "errorPct" : 0.0,
    "meanResTime" : 255.77000000000012,
    "medianResTime" : 254.0,
    "minResTime" : 230.0,
    "maxResTime" : 296.0,
    "pct1ResTime" : 279.0,
    "pct2ResTime" : 282.0,
    "pct3ResTime" : 296.0,
    "throughput" : 303.03030303030306,
    "receivedKBytesPerSec" : 53.562973484848484,
    "sentKBytesPerSec" : 184.36316287878788
  }
}