{
  "Microservice-based client" : {
    "transaction" : "Microservice-based client",
    "sampleCount" : 100,
    "errorCount" : 0,
    "errorPct" : 0.0,
    "meanResTime" : 15.970000000000004,
    "medianResTime" : 15.0,
    "minResTime" : 6.0,
    "maxResTime" : 37.0,
    "pct1ResTime" : 26.0,
    "pct2ResTime" : 31.899999999999977,
    "pct3ResTime" : 36.969999999999985,
    "throughput" : 456.62100456621005,
    "receivedKBytesPerSec" : 59.75313926940639,
    "sentKBytesPerSec" : 108.35830479452055
  },
  "Microservice-based client with caching" : {
    "transaction" : "Microservice-based client with caching",
    "sampleCount" : 100,
    "errorCount" : 0,
    "errorPct" : 0.0,
    "meanResTime" : 14.249999999999998,
    "medianResTime" : 13.5,
    "minResTime" : 3.0,
    "maxResTime" : 30.0,
    "pct1ResTime" : 26.0,
    "pct2ResTime" : 27.0,
    "pct3ResTime" : 29.989999999999995,
    "throughput" : 561.7977528089888,
    "receivedKBytesPerSec" : 32.36920646067416,
    "sentKBytesPerSec" : 165.13781601123597
  },
  "Total" : {
    "transaction" : "Total",
    "sampleCount" : 300,
    "errorCount" : 0,
    "errorPct" : 0.0,
    "meanResTime" : 42.74666666666669,
    "medianResTime" : 21.0,
    "minResTime" : 3.0,
    "maxResTime" : 132.0,
    "pct1ResTime" : 105.0,
    "pct2ResTime" : 109.0,
    "pct3ResTime" : 121.99000000000001,
    "throughput" : 541.5162454873647,
    "receivedKBytesPerSec" : 65.75050767148014,
    "sentKBytesPerSec" : 138.72828294223825
  },
  "Monolithic-based client" : {
    "transaction" : "Monolithic-based client",
    "sampleCount" : 100,
    "errorCount" : 0,
    "errorPct" : 0.0,
    "meanResTime" : 98.02,
    "medianResTime" : 99.0,
    "minResTime" : 58.0,
    "maxResTime" : 132.0,
    "pct1ResTime" : 115.0,
    "pct2ResTime" : 119.94999999999999,
    "pct3ResTime" : 131.93999999999997,
    "throughput" : 719.4244604316547,
    "receivedKBytesPerSec" : 126.46133093525178,
    "sentKBytesPerSec" : 170.72279676258992
  }
}