{
  "Microservice-based client" : {
    "transaction" : "Microservice-based client",
    "sampleCount" : 100,
    "errorCount" : 0,
    "errorPct" : 0.0,
    "meanResTime" : 12.199999999999998,
    "medianResTime" : 9.0,
    "minResTime" : 6.0,
    "maxResTime" : 31.0,
    "pct1ResTime" : 22.0,
    "pct2ResTime" : 26.94999999999999,
    "pct3ResTime" : 30.97999999999999,
    "throughput" : 469.4835680751174,
    "receivedKBytesPerSec" : 61.436326291079816,
    "sentKBytesPerSec" : 111.4106514084507
  },
  "Microservice-based client with caching" : {
    "transaction" : "Microservice-based client with caching",
    "sampleCount" : 100,
    "errorCount" : 0,
    "errorPct" : 0.0,
    "meanResTime" : 999.8300000000002,
    "medianResTime" : 1042.5,
    "minResTime" : 72.0,
    "maxResTime" : 1841.0,
    "pct1ResTime" : 1722.4000000000003,
    "pct2ResTime" : 1801.6999999999998,
    "pct3ResTime" : 1840.97,
    "throughput" : 50.9683995922528,
    "receivedKBytesPerSec" : 56491.45283830275,
    "sentKBytesPerSec" : 14.882374490316005
  },
  "Total" : {
    "transaction" : "Total",
    "sampleCount" : 300,
    "errorCount" : 0,
    "errorPct" : 0.0,
    "meanResTime" : 366.87666666666644,
    "medianResTime" : 89.0,
    "minResTime" : 6.0,
    "maxResTime" : 1841.0,
    "pct1ResTime" : 1351.9,
    "pct2ResTime" : 1615.0499999999995,
    "pct3ResTime" : 1814.98,
    "throughput" : 128.92135797163732,
    "receivedKBytesPerSec" : 47643.70199022347,
    "sentKBytesPerSec" : 32.943771486893
  },
  "Monolithic-based client" : {
    "transaction" : "Monolithic-based client",
    "sampleCount" : 100,
    "errorCount" : 0,
    "errorPct" : 0.0,
    "meanResTime" : 88.60000000000001,
    "medianResTime" : 90.0,
    "minResTime" : 41.0,
    "maxResTime" : 115.0,
    "pct1ResTime" : 102.9,
    "pct2ResTime" : 106.94999999999999,
    "pct3ResTime" : 114.96999999999998,
    "throughput" : 869.5652173913044,
    "receivedKBytesPerSec" : 152.85326086956522,
    "sentKBytesPerSec" : 206.35190217391303
  }
}