{
  "Microservice-based client" : {
    "transaction" : "Microservice-based client",
    "sampleCount" : 100,
    "errorCount" : 0,
    "errorPct" : 0.0,
    "meanResTime" : 22.669999999999995,
    "medianResTime" : 16.0,
    "minResTime" : 3.0,
    "maxResTime" : 60.0,
    "pct1ResTime" : 50.900000000000006,
    "pct2ResTime" : 55.0,
    "pct3ResTime" : 60.0,
    "throughput" : 431.03448275862064,
    "receivedKBytesPerSec" : 4823.848329741379,
    "sentKBytesPerSec" : 53.45837823275862
  },
  "Microservice-based client with caching" : {
    "transaction" : "Microservice-based client with caching",
    "sampleCount" : 100,
    "errorCount" : 0,
    "errorPct" : 0.0,
    "meanResTime" : 36.64999999999999,
    "medianResTime" : 40.0,
    "minResTime" : 3.0,
    "maxResTime" : 68.0,
    "pct1ResTime" : 60.0,
    "pct2ResTime" : 62.0,
    "pct3ResTime" : 67.96999999999998,
    "throughput" : 581.3953488372093,
    "receivedKBytesPerSec" : 6479.37863372093,
    "sentKBytesPerSec" : 108.44385901162792
  },
  "Total" : {
    "transaction" : "Total",
    "sampleCount" : 300,
    "errorCount" : 0,
    "errorPct" : 0.0,
    "meanResTime" : 48.70333333333337,
    "medianResTime" : 47.0,
    "minResTime" : 3.0,
    "maxResTime" : 115.0,
    "pct1ResTime" : 94.0,
    "pct2ResTime" : 100.94999999999999,
    "pct3ResTime" : 107.0,
    "throughput" : 551.4705882352941,
    "receivedKBytesPerSec" : 6170.639935661764,
    "sentKBytesPerSec" : 79.88424862132352
  },
  "Monolithic-based client" : {
    "transaction" : "Monolithic-based client",
    "sampleCount" : 100,
    "errorCount" : 0,
    "errorPct" : 0.0,
    "meanResTime" : 86.79,
    "medianResTime" : 87.0,
    "minResTime" : 56.0,
    "maxResTime" : 115.0,
    "pct1ResTime" : 103.9,
    "pct2ResTime" : 106.94999999999999,
    "pct3ResTime" : 114.94999999999997,
    "throughput" : 763.3587786259543,
    "receivedKBytesPerSec" : 8574.36784351145,
    "sentKBytesPerSec" : 94.67437977099236
  }
}