{
  "Microservice-based client" : {
    "transaction" : "Microservice-based client",
    "sampleCount" : 1000,
    "errorCount" : 0,
    "errorPct" : 0.0,
    "meanResTime" : 49.669000000000004,
    "medianResTime" : 51.0,
    "minResTime" : 20.0,
    "maxResTime" : 85.0,
    "pct1ResTime" : 63.0,
    "pct2ResTime" : 66.0,
    "pct3ResTime" : 74.0,
    "throughput" : 880.2816901408452,
    "receivedKBytesPerSec" : 115.19311179577466,
    "sentKBytesPerSec" : 208.8949713908451
  },
  "Microservice-based client with caching" : {
    "transaction" : "Microservice-based client with caching",
    "sampleCount" : 1000,
    "errorCount" : 0,
    "errorPct" : 0.0,
    "meanResTime" : 26.12600000000001,
    "medianResTime" : 26.0,
    "minResTime" : 2.0,
    "maxResTime" : 57.0,
    "pct1ResTime" : 40.0,
    "pct2ResTime" : 43.0,
    "pct3ResTime" : 52.0,
    "throughput" : 1162.7906976744187,
    "receivedKBytesPerSec" : 66.9967296511628,
    "sentKBytesPerSec" : 341.796875
  },
  "Total" : {
    "transaction" : "Total",
    "sampleCount" : 3000,
    "errorCount" : 0,
    "errorPct" : 0.0,
    "meanResTime" : 75.35633333333338,
    "medianResTime" : 41.0,
    "minResTime" : 2.0,
    "maxResTime" : 423.0,
    "pct1ResTime" : 274.8000000000002,
    "pct2ResTime" : 390.0,
    "pct3ResTime" : 415.0,
    "throughput" : 907.715582450832,
    "receivedKBytesPerSec" : 110.21416414523449,
    "sentKBytesPerSec" : 232.5430219364599
  },
  "Monolithic-based client" : {
    "transaction" : "Monolithic-based client",
    "sampleCount" : 1000,
    "errorCount" : 0,
    "errorPct" : 0.0,
    "meanResTime" : 150.27400000000011,
    "medianResTime" : 46.0,
    "minResTime" : 3.0,
    "maxResTime" : 423.0,
    "pct1ResTime" : 400.9,
    "pct2ResTime" : 411.0,
    "pct3ResTime" : 419.0,
    "throughput" : 766.2835249042146,
    "receivedKBytesPerSec" : 134.69827586206898,
    "sentKBytesPerSec" : 181.8426724137931
  }
}