{
  "Microservice-based client" : {
    "transaction" : "Microservice-based client",
    "sampleCount" : 1000,
    "errorCount" : 0,
    "errorPct" : 0.0,
    "meanResTime" : 34.82300000000001,
    "medianResTime" : 35.0,
    "minResTime" : 5.0,
    "maxResTime" : 79.0,
    "pct1ResTime" : 57.0,
    "pct2ResTime" : 61.0,
    "pct3ResTime" : 70.0,
    "throughput" : 854.7008547008546,
    "receivedKBytesPerSec" : 111.84561965811966,
    "sentKBytesPerSec" : 202.82451923076925
  },
  "Microservice-based client with caching" : {
    "transaction" : "Microservice-based client with caching",
    "sampleCount" : 1000,
    "errorCount" : 0,
    "errorPct" : 0.0,
    "meanResTime" : 9032.393,
    "medianResTime" : 8569.0,
    "minResTime" : 65.0,
    "maxResTime" : 19118.0,
    "pct1ResTime" : 16861.2,
    "pct2ResTime" : 18189.249999999996,
    "pct3ResTime" : 18966.69,
    "throughput" : 50.0175061271445,
    "receivedKBytesPerSec" : 61774.45543440204,
    "sentKBytesPerSec" : 14.604721027359577
  },
  "Total" : {
    "transaction" : "Total",
    "sampleCount" : 3000,
    "errorCount" : 0,
    "errorPct" : 0.0,
    "meanResTime" : 3048.699666666666,
    "medianResTime" : 51.0,
    "minResTime" : 3.0,
    "maxResTime" : 19118.0,
    "pct1ResTime" : 12695.700000000003,
    "pct2ResTime" : 15646.8,
    "pct3ResTime" : 18583.92,
    "throughput" : 133.13215585337713,
    "receivedKBytesPerSec" : 54822.19437849472,
    "sentKBytesPerSec" : 34.01977289873081
  },
  "Monolithic-based client" : {
    "transaction" : "Monolithic-based client",
    "sampleCount" : 1000,
    "errorCount" : 0,
    "errorPct" : 0.0,
    "meanResTime" : 78.88300000000012,
    "medianResTime" : 11.0,
    "minResTime" : 3.0,
    "maxResTime" : 348.0,
    "pct1ResTime" : 309.9,
    "pct2ResTime" : 331.0,
    "pct3ResTime" : 345.0,
    "throughput" : 733.1378299120234,
    "receivedKBytesPerSec" : 128.87188416422288,
    "sentKBytesPerSec" : 173.97704362170086
  }
}