{
  "Microservice-based client" : {
    "transaction" : "Microservice-based client",
    "sampleCount" : 1000,
    "errorCount" : 0,
    "errorPct" : 0.0,
    "meanResTime" : 319.9880000000002,
    "medianResTime" : 362.0,
    "minResTime" : 8.0,
    "maxResTime" : 828.0,
    "pct1ResTime" : 563.0,
    "pct2ResTime" : 626.0,
    "pct3ResTime" : 710.98,
    "throughput" : 734.7538574577517,
    "receivedKBytesPerSec" : 96.14943056576047,
    "sentKBytesPerSec" : 174.3605345334313
  },
  "Microservice-based client with caching" : {
    "transaction" : "Microservice-based client with caching",
    "sampleCount" : 1000,
    "errorCount" : 267,
    "errorPct" : 26.7,
    "meanResTime" : 598.5960000000003,
    "medianResTime" : 558.0,
    "minResTime" : 173.0,
    "maxResTime" : 1381.0,
    "pct1ResTime" : 1026.9,
    "pct2ResTime" : 1121.0,
    "pct3ResTime" : 1222.91,
    "throughput" : 694.9270326615705,
    "receivedKBytesPerSec" : 147.91087560806116,
    "sentKBytesPerSec" : 202.91326441973592
  },
  "Total" : {
    "transaction" : "Total",
    "sampleCount" : 3000,
    "errorCount" : 267,
    "errorPct" : 8.9,
    "meanResTime" : 1282.9650000000045,
    "medianResTime" : 587.5,
    "minResTime" : 8.0,
    "maxResTime" : 3750.0,
    "pct1ResTime" : 3257.8,
    "pct2ResTime" : 3442.8499999999995,
    "pct3ResTime" : 3703.99,
    "throughput" : 455.3042950371832,
    "receivedKBytesPerSec" : 78.8411557140689,
    "sentKBytesPerSec" : 116.34566132948854
  },
  "Monolithic-based client" : {
    "transaction" : "Monolithic-based client",
    "sampleCount" : 1000,
    "errorCount" : 0,
    "errorPct" : 0.0,
    "meanResTime" : 2930.311,
    "medianResTime" : 2925.0,
    "minResTime" : 1945.0,
    "maxResTime" : 3750.0,
    "pct1ResTime" : 3655.0,
    "pct2ResTime" : 3686.95,
    "pct3ResTime" : 3721.99,
    "throughput" : 265.9574468085106,
    "receivedKBytesPerSec" : 46.750332446808514,
    "sentKBytesPerSec" : 63.11294880319149
  }
}