{
  "Microservice-based client" : {
    "transaction" : "Microservice-based client",
    "sampleCount" : 1000,
    "errorCount" : 0,
    "errorPct" : 0.0,
    "meanResTime" : 47.77099999999997,
    "medianResTime" : 49.0,
    "minResTime" : 11.0,
    "maxResTime" : 77.0,
    "pct1ResTime" : 61.0,
    "pct2ResTime" : 64.0,
    "pct3ResTime" : 69.0,
    "throughput" : 861.3264427217916,
    "receivedKBytesPerSec" : 112.71263996554694,
    "sentKBytesPerSec" : 204.39680232558138
  },
  "Microservice-based client with caching" : {
    "transaction" : "Microservice-based client with caching",
    "sampleCount" : 1000,
    "errorCount" : 0,
    "errorPct" : 0.0,
    "meanResTime" : 73.94500000000001,
    "medianResTime" : 65.0,
    "minResTime" : 2.0,
    "maxResTime" : 184.0,
    "pct1ResTime" : 130.0,
    "pct2ResTime" : 150.94999999999993,
    "pct3ResTime" : 169.99,
    "throughput" : 1019.367991845056,
    "receivedKBytesPerSec" : 58.73311671763507,
    "sentKBytesPerSec" : 299.6384429153925
  },
  "Total" : {
    "transaction" : "Total",
    "sampleCount" : 3000,
    "errorCount" : 0,
    "errorPct" : 0.0,
    "meanResTime" : 77.79166666666664,
    "medianResTime" : 52.0,
    "minResTime" : 2.0,
    "maxResTime" : 331.0,
    "pct1ResTime" : 183.50000000000045,
    "pct2ResTime" : 275.0,
    "pct3ResTime" : 311.0,
    "throughput" : 868.0555555555555,
    "receivedKBytesPerSec" : 105.39867259837963,
    "sentKBytesPerSec" : 222.3827220775463
  },
  "Monolithic-based client" : {
    "transaction" : "Monolithic-based client",
    "sampleCount" : 1000,
    "errorCount" : 0,
    "errorPct" : 0.0,
    "meanResTime" : 111.65900000000018,
    "medianResTime" : 49.0,
    "minResTime" : 3.0,
    "maxResTime" : 331.0,
    "pct1ResTime" : 288.0,
    "pct2ResTime" : 303.0,
    "pct3ResTime" : 324.99,
    "throughput" : 763.9419404125287,
    "receivedKBytesPerSec" : 134.28666921313982,
    "sentKBytesPerSec" : 181.28700343773875
  }
}