{
  "Microservice-based client" : {
    "transaction" : "Microservice-based client",
    "sampleCount" : 1000,
    "errorCount" : 0,
    "errorPct" : 0.0,
    "meanResTime" : 53.62899999999998,
    "medianResTime" : 54.0,
    "minResTime" : 11.0,
    "maxResTime" : 125.0,
    "pct1ResTime" : 71.89999999999998,
    "pct2ResTime" : 77.89999999999986,
    "pct3ResTime" : 93.0,
    "throughput" : 1013.1712259371834,
    "receivedKBytesPerSec" : 132.58295339412362,
    "sentKBytesPerSec" : 240.4302811550152
  },
  "Microservice-based client with caching" : {
    "transaction" : "Microservice-based client with caching",
    "sampleCount" : 1000,
    "errorCount" : 0,
    "errorPct" : 0.0,
    "meanResTime" : 89.52699999999989,
    "medianResTime" : 82.0,
    "minResTime" : 1.0,
    "maxResTime" : 201.0,
    "pct1ResTime" : 146.0,
    "pct2ResTime" : 174.0,
    "pct3ResTime" : 190.0,
    "throughput" : 942.5070688030161,
    "receivedKBytesPerSec" : 54.30460650329878,
    "sentKBytesPerSec" : 277.04553487276155
  },
  "Total" : {
    "transaction" : "Total",
    "sampleCount" : 3000,
    "errorCount" : 0,
    "errorPct" : 0.0,
    "meanResTime" : 70.94,
    "medianResTime" : 58.0,
    "minResTime" : 1.0,
    "maxResTime" : 261.0,
    "pct1ResTime" : 138.0,
    "pct2ResTime" : 182.0,
    "pct3ResTime" : 229.98999999999978,
    "throughput" : 925.925925925926,
    "receivedKBytesPerSec" : 112.42525077160494,
    "sentKBytesPerSec" : 237.20823688271602
  },
  "Monolithic-based client" : {
    "transaction" : "Monolithic-based client",
    "sampleCount" : 1000,
    "errorCount" : 0,
    "errorPct" : 0.0,
    "meanResTime" : 69.66400000000023,
    "medianResTime" : 44.5,
    "minResTime" : 3.0,
    "maxResTime" : 261.0,
    "pct1ResTime" : 191.0,
    "pct2ResTime" : 221.0,
    "pct3ResTime" : 248.99,
    "throughput" : 841.7508417508418,
    "receivedKBytesPerSec" : 147.96401515151516,
    "sentKBytesPerSec" : 199.75142045454547
  }
}