{
  "Microservice-based client" : {
    "transaction" : "Microservice-based client",
    "sampleCount" : 1000,
    "errorCount" : 0,
    "errorPct" : 0.0,
    "meanResTime" : 37.807,
    "medianResTime" : 38.0,
    "minResTime" : 4.0,
    "maxResTime" : 78.0,
    "pct1ResTime" : 58.0,
    "pct2ResTime" : 63.0,
    "pct3ResTime" : 68.99000000000001,
    "throughput" : 888.8888888888888,
    "receivedKBytesPerSec" : 116.31944444444444,
    "sentKBytesPerSec" : 210.9375
  },
  "Microservice-based client with caching" : {
    "transaction" : "Microservice-based client with caching",
    "sampleCount" : 1000,
    "errorCount" : 0,
    "errorPct" : 0.0,
    "meanResTime" : 52.19800000000002,
    "medianResTime" : 50.5,
    "minResTime" : 2.0,
    "maxResTime" : 106.0,
    "pct1ResTime" : 88.89999999999998,
    "pct2ResTime" : 94.0,
    "pct3ResTime" : 102.99000000000001,
    "throughput" : 1069.51871657754,
    "receivedKBytesPerSec" : 61.62266042780748,
    "sentKBytesPerSec" : 314.38001336898395
  },
  "Total" : {
    "transaction" : "Total",
    "sampleCount" : 3000,
    "errorCount" : 0,
    "errorPct" : 0.0,
    "meanResTime" : 43.552666666666774,
    "medianResTime" : 36.0,
    "minResTime" : 2.0,
    "maxResTime" : 225.0,
    "pct1ResTime" : 84.0,
    "pct2ResTime" : 134.94999999999982,
    "pct3ResTime" : 194.0,
    "throughput" : 858.3690987124464,
    "receivedKBytesPerSec" : 104.22255007153076,
    "sentKBytesPerSec" : 219.90119814020028
  },
  "Monolithic-based client" : {
    "transaction" : "Monolithic-based client",
    "sampleCount" : 1000,
    "errorCount" : 0,
    "errorPct" : 0.0,
    "meanResTime" : 40.65300000000004,
    "medianResTime" : 10.5,
    "minResTime" : 3.0,
    "maxResTime" : 225.0,
    "pct1ResTime" : 160.89999999999998,
    "pct2ResTime" : 189.0,
    "pct3ResTime" : 200.99,
    "throughput" : 698.3240223463687,
    "receivedKBytesPerSec" : 122.75226955307264,
    "sentKBytesPerSec" : 165.71556389664806
  }
}