{
  "Microservice-based client" : {
    "transaction" : "Microservice-based client",
    "sampleCount" : 1000,
    "errorCount" : 0,
    "errorPct" : 0.0,
    "meanResTime" : 48.54300000000003,
    "medianResTime" : 49.0,
    "minResTime" : 8.0,
    "maxResTime" : 86.0,
    "pct1ResTime" : 65.0,
    "pct2ResTime" : 69.0,
    "pct3ResTime" : 75.99000000000001,
    "throughput" : 868.8097306689834,
    "receivedKBytesPerSec" : 113.6918983492615,
    "sentKBytesPerSec" : 206.1726216333623
  },
  "Microservice-based client with caching" : {
    "transaction" : "Microservice-based client with caching",
    "sampleCount" : 1000,
    "errorCount" : 0,
    "errorPct" : 0.0,
    "meanResTime" : 25.544999999999987,
    "medianResTime" : 25.0,
    "minResTime" : 2.0,
    "maxResTime" : 58.0,
    "pct1ResTime" : 39.0,
    "pct2ResTime" : 44.0,
    "pct3ResTime" : 54.0,
    "throughput" : 1084.5986984815618,
    "receivedKBytesPerSec" : 62.49152657266811,
    "sentKBytesPerSec" : 318.81270336225595
  },
  "Total" : {
    "transaction" : "Total",
    "sampleCount" : 3000,
    "errorCount" : 0,
    "errorPct" : 0.0,
    "meanResTime" : 39.891666666666815,
    "medianResTime" : 39.0,
    "minResTime" : 2.0,
    "maxResTime" : 202.0,
    "pct1ResTime" : 61.0,
    "pct2ResTime" : 69.0,
    "pct3ResTime" : 119.0,
    "throughput" : 860.5851979345955,
    "receivedKBytesPerSec" : 104.49162722317843,
    "sentKBytesPerSec" : 220.4689292885829
  },
  "Monolithic-based client" : {
    "transaction" : "Monolithic-based client",
    "sampleCount" : 1000,
    "errorCount" : 0,
    "errorPct" : 0.0,
    "meanResTime" : 45.587000000000025,
    "medianResTime" : 41.0,
    "minResTime" : 4.0,
    "maxResTime" : 202.0,
    "pct1ResTime" : 69.89999999999998,
    "pct2ResTime" : 105.0,
    "pct3ResTime" : 134.99,
    "throughput" : 709.2198581560284,
    "receivedKBytesPerSec" : 124.66755319148938,
    "sentKBytesPerSec" : 168.30119680851064
  }
}