{
  "Microservice-based client" : {
    "transaction" : "Microservice-based client",
    "sampleCount" : 1000,
    "errorCount" : 0,
    "errorPct" : 0.0,
    "meanResTime" : 43.371000000000016,
    "medianResTime" : 42.0,
    "minResTime" : 5.0,
    "maxResTime" : 116.0,
    "pct1ResTime" : 65.0,
    "pct2ResTime" : 74.94999999999993,
    "pct3ResTime" : 94.99000000000001,
    "throughput" : 836.8200836820083,
    "receivedKBytesPerSec" : 109.5057531380753,
    "sentKBytesPerSec" : 198.58132845188283
  },
  "Microservice-based client with caching" : {
    "transaction" : "Microservice-based client with caching",
    "sampleCount" : 1000,
    "errorCount" : 0,
    "errorPct" : 0.0,
    "meanResTime" : 52.19600000000003,
    "medianResTime" : 41.0,
    "minResTime" : 2.0,
    "maxResTime" : 162.0,
    "pct1ResTime" : 112.0,
    "pct2ResTime" : 129.0,
    "pct3ResTime" : 147.99,
    "throughput" : 981.3542688910696,
    "receivedKBytesPerSec" : 56.54287291462219,
    "sentKBytesPerSec" : 288.4644872423945
  },
  "Total" : {
    "transaction" : "Total",
    "sampleCount" : 3000,
    "errorCount" : 0,
    "errorPct" : 0.0,
    "meanResTime" : 62.92266666666673,
    "medianResTime" : 43.0,
    "minResTime" : 2.0,
    "maxResTime" : 341.0,
    "pct1ResTime" : 138.0,
    "pct2ResTime" : 236.0,
    "pct3ResTime" : 288.9899999999998,
    "throughput" : 839.8656215005599,
    "receivedKBytesPerSec" : 101.9758713605823,
    "sentKBytesPerSec" : 215.1608867581187
  },
  "Monolithic-based client" : {
    "transaction" : "Monolithic-based client",
    "sampleCount" : 1000,
    "errorCount" : 0,
    "errorPct" : 0.0,
    "meanResTime" : 93.20100000000014,
    "medianResTime" : 45.0,
    "minResTime" : 3.0,
    "maxResTime" : 341.0,
    "pct1ResTime" : 252.89999999999998,
    "pct2ResTime" : 270.94999999999993,
    "pct3ResTime" : 321.99,
    "throughput" : 738.0073800738007,
    "receivedKBytesPerSec" : 129.72785977859778,
    "sentKBytesPerSec" : 175.132610701107
  }
}