{
  "Microservice-based client" : {
    "transaction" : "Microservice-based client",
    "sampleCount" : 1000,
    "errorCount" : 0,
    "errorPct" : 0.0,
    "meanResTime" : 44.37799999999997,
    "medianResTime" : 47.0,
    "minResTime" : 4.0,
    "maxResTime" : 84.0,
    "pct1ResTime" : 60.0,
    "pct2ResTime" : 63.0,
    "pct3ResTime" : 68.0,
    "throughput" : 892.8571428571429,
    "receivedKBytesPerSec" : 116.83872767857142,
    "sentKBytesPerSec" : 211.8791852678571
  },
  "Microservice-based client with caching" : {
    "transaction" : "Microservice-based client with caching",
    "sampleCount" : 1000,
    "errorCount" : 0,
    "errorPct" : 0.0,
    "meanResTime" : 52.88999999999997,
    "medianResTime" : 53.0,
    "minResTime" : 10.0,
    "maxResTime" : 104.0,
    "pct1ResTime" : 78.0,
    "pct2ResTime" : 83.0,
    "pct3ResTime" : 92.0,
    "throughput" : 1030.9278350515463,
    "receivedKBytesPerSec" : 59.399162371134025,
    "sentKBytesPerSec" : 303.03640463917526
  },
  "Total" : {
    "transaction" : "Total",
    "sampleCount" : 3000,
    "errorCount" : 0,
    "errorPct" : 0.0,
    "meanResTime" : 58.11466666666667,
    "medianResTime" : 47.0,
    "minResTime" : 3.0,
    "maxResTime" : 273.0,
    "pct1ResTime" : 133.0,
    "pct2ResTime" : 188.0,
    "pct3ResTime" : 230.0,
    "throughput" : 896.8609865470852,
    "receivedKBytesPerSec" : 108.89620702541106,
    "sentKBytesPerSec" : 229.76223841554557
  },
  "Monolithic-based client" : {
    "transaction" : "Monolithic-based client",
    "sampleCount" : 1000,
    "errorCount" : 0,
    "errorPct" : 0.0,
    "meanResTime" : 77.0760000000001,
    "medianResTime" : 39.0,
    "minResTime" : 3.0,
    "maxResTime" : 273.0,
    "pct1ResTime" : 196.0,
    "pct2ResTime" : 210.0,
    "pct3ResTime" : 249.99,
    "throughput" : 799.3605115907274,
    "receivedKBytesPerSec" : 140.51258992805757,
    "sentKBytesPerSec" : 189.69199640287772
  }
}