{
  "Microservice-based client" : {
    "transaction" : "Microservice-based client",
    "sampleCount" : 10000,
    "errorCount" : 1409,
    "errorPct" : 14.09,
    "meanResTime" : 100578.52130000023,
    "medianResTime" : 95312.0,
    "minResTime" : 512.0,
    "maxResTime" : 222441.0,
    "pct1ResTime" : 195601.7,
    "pct2ResTime" : 208304.9,
    "pct3ResTime" : 218652.91999999998,
    "throughput" : 43.808731080104266,
    "receivedKBytesPerSec" : 41669.05478298935,
    "sentKBytesPerSec" : 5.476091385013033
  },
  "Microservice-based client with caching" : {
    "transaction" : "Microservice-based client with caching",
    "sampleCount" : 10000,
    "errorCount" : 6220,
    "errorPct" : 62.2,
    "meanResTime" : 836573.3132000008,
    "medianResTime" : 788257.5,
    "minResTime" : 59.0,
    "maxResTime" : 1615003.0,
    "pct1ResTime" : 1594431.8,
    "pct2ResTime" : 1607215.7,
    "pct3ResTime" : 1612085.58,
    "throughput" : 6.188758367974908,
    "receivedKBytesPerSec" : 2591.421996401198,
    "sentKBytesPerSec" : 0.4386282493302216
  },
  "Total" : {
    "transaction" : "Total",
    "sampleCount" : 30000,
    "errorCount" : 9362,
    "errorPct" : 31.206667,
    "meanResTime" : 349909.78966666624,
    "medianResTime" : 174985.5,
    "minResTime" : 59.0,
    "maxResTime" : 1615003.0,
    "pct1ResTime" : 1492459.7,
    "pct2ResTime" : 1594431.9,
    "pct3ResTime" : 1609689.91,
    "throughput" : 14.456270744748519,
    "receivedKBytesPerSec" : 11011.372806076446,
    "sentKBytesPerSec" : 1.4418323034043552
  },
  "Monolithic-based client" : {
    "transaction" : "Monolithic-based client",
    "sampleCount" : 10000,
    "errorCount" : 1733,
    "errorPct" : 17.33,
    "meanResTime" : 112577.53449999951,
    "medianResTime" : 119560.5,
    "minResTime" : 492.0,
    "maxResTime" : 218843.0,
    "pct1ResTime" : 193273.8,
    "pct2ResTime" : 206061.9,
    "pct3ResTime" : 215958.02999999997,
    "throughput" : 43.26737942463039,
    "receivedKBytesPerSec" : 39599.054830011926,
    "sentKBytesPerSec" : 4.471142821292743
  }
}