{
  "Total" : {
    "transaction" : "Total",
    "sampleCount" : 100,
    "errorCount" : 0,
    "errorPct" : 0.0,
    "meanResTime" : 15062.7,
    "medianResTime" : 15757.5,
    "minResTime" : 11174.0,
    "maxResTime" : 16521.0,
    "pct1ResTime" : 16248.1,
    "pct2ResTime" : 16289.3,
    "pct3ResTime" : 16520.92,
    "throughput" : 6.047777441790142,
    "receivedKBytesPerSec" : 66846.4974863925,
    "sentKBytesPerSec" : 1.1339582703356517
  },
  "HTTP Request" : {
    "transaction" : "HTTP Request",
    "sampleCount" : 100,
    "errorCount" : 0,
    "errorPct" : 0.0,
    "meanResTime" : 15062.7,
    "medianResTime" : 15757.5,
    "minResTime" : 11174.0,
    "maxResTime" : 16521.0,
    "pct1ResTime" : 16248.1,
    "pct2ResTime" : 16289.3,
    "pct3ResTime" : 16520.92,
    "throughput" : 6.047777441790142,
    "receivedKBytesPerSec" : 66846.4974863925,
    "sentKBytesPerSec" : 1.1339582703356517
  }
}