{
  "Microservice-based client" : {
    "transaction" : "Microservice-based client",
    "sampleCount" : 7000,
    "errorCount" : 0,
    "errorPct" : 0.0,
    "meanResTime" : 36786.262428571434,
    "medianResTime" : 36086.0,
    "minResTime" : 111.0,
    "maxResTime" : 163159.0,
    "pct1ResTime" : 46186.9,
    "pct2ResTime" : 54573.899999999994,
    "pct3ResTime" : 73016.19999999998,
    "throughput" : 42.72591326639607,
    "receivedKBytesPerSec" : 4700.109973925748,
    "sentKBytesPerSec" : 5.299014633625293
  },
  "Microservice-based client with caching" : {
    "transaction" : "Microservice-based client with caching",
    "sampleCount" : 7000,
    "errorCount" : 0,
    "errorPct" : 0.0,
    "meanResTime" : 2011.8371428571447,
    "medianResTime" : 2292.0,
    "minResTime" : 2.0,
    "maxResTime" : 5195.0,
    "pct1ResTime" : 3223.0,
    "pct2ResTime" : 3413.95,
    "pct3ResTime" : 3924.9199999999983,
    "throughput" : 937.4581491897683,
    "receivedKBytesPerSec" : 10447.531639212535,
    "sentKBytesPerSec" : 174.85791649926344
  },
  "Total" : {
    "transaction" : "Total",
    "sampleCount" : 21000,
    "errorCount" : 0,
    "errorPct" : 0.0,
    "meanResTime" : 21520.89890476186,
    "medianResTime" : 25943.5,
    "minResTime" : 2.0,
    "maxResTime" : 163159.0,
    "pct1ResTime" : 39128.9,
    "pct2ResTime" : 43337.00000000003,
    "pct3ResTime" : 60945.690000000046,
    "throughput" : 90.04721046605864,
    "receivedKBytesPerSec" : 6932.703654429358,
    "sentKBytesPerSec" : 13.04394813066279
  },
  "Monolithic-based client" : {
    "transaction" : "Monolithic-based client",
    "sampleCount" : 7000,
    "errorCount" : 0,
    "errorPct" : 0.0,
    "meanResTime" : 25764.59714285703,
    "medianResTime" : 25798.0,
    "minResTime" : 171.0,
    "maxResTime" : 61830.0,
    "pct1ResTime" : 31069.800000000003,
    "pct2ResTime" : 33901.35,
    "pct3ResTime" : 44449.78,
    "throughput" : 113.07283505904017,
    "receivedKBytesPerSec" : 12417.473236063774,
    "sentKBytesPerSec" : 14.023681691892678
  }
}