{
  "Microservice-based client" : {
    "transaction" : "Microservice-based client",
    "sampleCount" : 100,
    "errorCount" : 0,
    "errorPct" : 0.0,
    "meanResTime" : 82.38999999999999,
    "medianResTime" : 83.0,
    "minResTime" : 8.0,
    "maxResTime" : 331.0,
    "pct1ResTime" : 116.80000000000001,
    "pct2ResTime" : 133.84999999999997,
    "pct3ResTime" : 330.0199999999995,
    "throughput" : 191.57088122605364,
    "receivedKBytesPerSec" : 21218.725679477968,
    "sentKBytesPerSec" : 23.946360153256705
  },
  "Microservice-based client with caching" : {
    "transaction" : "Microservice-based client with caching",
    "sampleCount" : 100,
    "errorCount" : 0,
    "errorPct" : 0.0,
    "meanResTime" : 10.040000000000003,
    "medianResTime" : 9.5,
    "minResTime" : 3.0,
    "maxResTime" : 27.0,
    "pct1ResTime" : 17.0,
    "pct2ResTime" : 18.0,
    "pct3ResTime" : 26.969999999999985,
    "throughput" : 354.6099290780142,
    "receivedKBytesPerSec" : 39214.52515514185,
    "sentKBytesPerSec" : 66.48936170212767
  },
  "Total" : {
    "transaction" : "Total",
    "sampleCount" : 300,
    "errorCount" : 0,
    "errorPct" : 0.0,
    "meanResTime" : 117.97666666666672,
    "medianResTime" : 83.0,
    "minResTime" : 3.0,
    "maxResTime" : 429.0,
    "pct1ResTime" : 350.80000000000007,
    "pct2ResTime" : 392.0,
    "pct3ResTime" : 426.99,
    "throughput" : 241.3515687851971,
    "receivedKBytesPerSec" : 26718.689504977872,
    "sentKBytesPerSec" : 35.197103781174576
  },
  "Monolithic-based client" : {
    "transaction" : "Monolithic-based client",
    "sampleCount" : 100,
    "errorCount" : 0,
    "errorPct" : 0.0,
    "meanResTime" : 261.49999999999994,
    "medianResTime" : 260.5,
    "minResTime" : 95.0,
    "maxResTime" : 429.0,
    "pct1ResTime" : 405.9000000000001,
    "pct2ResTime" : 416.84999999999997,
    "pct3ResTime" : 428.99,
    "throughput" : 232.5581395348837,
    "receivedKBytesPerSec" : 25759.674781976744,
    "sentKBytesPerSec" : 29.069767441860467
  }
}