{
  "Total" : {
    "transaction" : "Total",
    "sampleCount" : 100,
    "errorCount" : 0,
    "errorPct" : 0.0,
    "meanResTime" : 33893.58,
    "medianResTime" : 33196.0,
    "minResTime" : 5309.0,
    "maxResTime" : 60863.0,
    "pct1ResTime" : 57843.0,
    "pct2ResTime" : 60334.3,
    "pct3ResTime" : 60862.11,
    "throughput" : 1.6427374576995104,
    "receivedKBytesPerSec" : 18175.14295666048,
    "sentKBytesPerSec" : 0.2053421822124388
  },
  "HTTP Request" : {
    "transaction" : "HTTP Request",
    "sampleCount" : 100,
    "errorCount" : 0,
    "errorPct" : 0.0,
    "meanResTime" : 33893.58,
    "medianResTime" : 33196.0,
    "minResTime" : 5309.0,
    "maxResTime" : 60863.0,
    "pct1ResTime" : 57843.0,
    "pct2ResTime" : 60334.3,
    "pct3ResTime" : 60862.11,
    "throughput" : 1.6427374576995104,
    "receivedKBytesPerSec" : 18175.14295666048,
    "sentKBytesPerSec" : 0.2053421822124388
  }
}