{
  "Total" : {
    "transaction" : "Total",
    "sampleCount" : 100,
    "errorCount" : 0,
    "errorPct" : 0.0,
    "meanResTime" : 37904.34999999998,
    "medianResTime" : 38975.0,
    "minResTime" : 7752.0,
    "maxResTime" : 65980.0,
    "pct1ResTime" : 63244.9,
    "pct2ResTime" : 65577.8,
    "pct3ResTime" : 65979.66,
    "throughput" : 1.515427047341941,
    "receivedKBytesPerSec" : 16766.58865769155,
    "sentKBytesPerSec" : 0.1894283809177426
  },
  "HTTP Request" : {
    "transaction" : "HTTP Request",
    "sampleCount" : 100,
    "errorCount" : 0,
    "errorPct" : 0.0,
    "meanResTime" : 37904.34999999998,
    "medianResTime" : 38975.0,
    "minResTime" : 7752.0,
    "maxResTime" : 65980.0,
    "pct1ResTime" : 63244.9,
    "pct2ResTime" : 65577.8,
    "pct3ResTime" : 65979.66,
    "throughput" : 1.515427047341941,
    "receivedKBytesPerSec" : 16766.58865769155,
    "sentKBytesPerSec" : 0.1894283809177426
  }
}