{
  "Microservice-based client" : {
    "transaction" : "Microservice-based client",
    "sampleCount" : 100,
    "errorCount" : 0,
    "errorPct" : 0.0,
    "meanResTime" : 51.45,
    "medianResTime" : 46.0,
    "minResTime" : 14.0,
    "maxResTime" : 172.0,
    "pct1ResTime" : 83.60000000000002,
    "pct2ResTime" : 102.0,
    "pct3ResTime" : 171.47999999999973,
    "throughput" : 296.7359050445104,
    "receivedKBytesPerSec" : 32867.917748516316,
    "sentKBytesPerSec" : 37.0919881305638
  },
  "Microservice-based client with caching" : {
    "transaction" : "Microservice-based client with caching",
    "sampleCount" : 100,
    "errorCount" : 0,
    "errorPct" : 0.0,
    "meanResTime" : 11.489999999999998,
    "medianResTime" : 8.0,
    "minResTime" : 3.0,
    "maxResTime" : 39.0,
    "pct1ResTime" : 27.900000000000006,
    "pct2ResTime" : 32.94999999999999,
    "pct3ResTime" : 38.95999999999998,
    "throughput" : 317.46031746031747,
    "receivedKBytesPerSec" : 35106.336805555555,
    "sentKBytesPerSec" : 59.523809523809526
  },
  "Total" : {
    "transaction" : "Total",
    "sampleCount" : 300,
    "errorCount" : 0,
    "errorPct" : 0.0,
    "meanResTime" : 93.84666666666666,
    "medianResTime" : 46.0,
    "minResTime" : 3.0,
    "maxResTime" : 392.0,
    "pct1ResTime" : 271.90000000000003,
    "pct2ResTime" : 315.0,
    "pct3ResTime" : 369.0,
    "throughput" : 278.0352177942539,
    "receivedKBytesPerSec" : 30780.022735171457,
    "sentKBytesPerSec" : 40.54680259499537
  },
  "Monolithic-based client" : {
    "transaction" : "Monolithic-based client",
    "sampleCount" : 100,
    "errorCount" : 0,
    "errorPct" : 0.0,
    "meanResTime" : 218.5999999999999,
    "medianResTime" : 230.0,
    "minResTime" : 60.0,
    "maxResTime" : 392.0,
    "pct1ResTime" : 347.9000000000001,
    "pct2ResTime" : 366.9,
    "pct3ResTime" : 391.77999999999986,
    "throughput" : 252.52525252525254,
    "receivedKBytesPerSec" : 27971.364030934343,
    "sentKBytesPerSec" : 31.565656565656564
  }
}