{
  "Microservice-based client" : {
    "transaction" : "Microservice-based client",
    "sampleCount" : 10000,
    "errorCount" : 0,
    "errorPct" : 0.0,
    "meanResTime" : 104.9747000000003,
    "medianResTime" : 78.0,
    "minResTime" : 11.0,
    "maxResTime" : 1291.0,
    "pct1ResTime" : 152.0,
    "pct2ResTime" : 302.0,
    "pct3ResTime" : 545.9799999999996,
    "throughput" : 2647.6039184537995,
    "receivedKBytesPerSec" : 346.46379401641514,
    "sentKBytesPerSec" : 1926.2352727032035
  },
  "Total" : {
    "transaction" : "Total",
    "sampleCount" : 10000,
    "errorCount" : 0,
    "errorPct" : 0.0,
    "meanResTime" : 104.9747000000003,
    "medianResTime" : 78.0,
    "minResTime" : 11.0,
    "maxResTime" : 1291.0,
    "pct1ResTime" : 152.0,
    "pct2ResTime" : 302.0,
    "pct3ResTime" : 545.9799999999996,
    "throughput" : 2647.6039184537995,
    "receivedKBytesPerSec" : 346.46379401641514,
    "sentKBytesPerSec" : 1926.2352727032035
  }
}