{
  "Microservice-based client" : {
    "transaction" : "Microservice-based client",
    "sampleCount" : 10000,
    "errorCount" : 0,
    "errorPct" : 0.0,
    "meanResTime" : 53.618000000000094,
    "medianResTime" : 50.0,
    "minResTime" : 4.0,
    "maxResTime" : 290.0,
    "pct1ResTime" : 67.0,
    "pct2ResTime" : 75.0,
    "pct3ResTime" : 182.0,
    "throughput" : 3286.230693394676,
    "receivedKBytesPerSec" : 430.03409464344395,
    "sentKBytesPerSec" : 779.8379477489319
  },
  "Total" : {
    "transaction" : "Total",
    "sampleCount" : 10000,
    "errorCount" : 0,
    "errorPct" : 0.0,
    "meanResTime" : 53.618000000000094,
    "medianResTime" : 50.0,
    "minResTime" : 4.0,
    "maxResTime" : 290.0,
    "pct1ResTime" : 67.0,
    "pct2ResTime" : 75.0,
    "pct3ResTime" : 182.0,
    "throughput" : 3286.230693394676,
    "receivedKBytesPerSec" : 430.03409464344395,
    "sentKBytesPerSec" : 779.8379477489319
  }
}