{
  "Microservice-based client" : {
    "transaction" : "Microservice-based client",
    "sampleCount" : 10000,
    "errorCount" : 10000,
    "errorPct" : 100.0,
    "meanResTime" : 380.47409999999843,
    "medianResTime" : 90.0,
    "minResTime" : 2.0,
    "maxResTime" : 7307.0,
    "pct1ResTime" : 1147.0,
    "pct2ResTime" : 1359.0,
    "pct3ResTime" : 3037.0,
    "throughput" : 1025.0102501025012,
    "receivedKBytesPerSec" : 239.23579079540795,
    "sentKBytesPerSec" : 4227.166295100451
  },
  "Total" : {
    "transaction" : "Total",
    "sampleCount" : 10000,
    "errorCount" : 10000,
    "errorPct" : 100.0,
    "meanResTime" : 380.47409999999843,
    "medianResTime" : 90.0,
    "minResTime" : 2.0,
    "maxResTime" : 7307.0,
    "pct1ResTime" : 1147.0,
    "pct2ResTime" : 1359.0,
    "pct3ResTime" : 3037.0,
    "throughput" : 1025.0102501025012,
    "receivedKBytesPerSec" : 239.23579079540795,
    "sentKBytesPerSec" : 4227.166295100451
  }
}