{
  "Microservice-based client" : {
    "transaction" : "Microservice-based client",
    "sampleCount" : 10000,
    "errorCount" : 0,
    "errorPct" : 0.0,
    "meanResTime" : 135.90760000000063,
    "medianResTime" : 89.0,
    "minResTime" : 4.0,
    "maxResTime" : 2180.0,
    "pct1ResTime" : 319.0,
    "pct2ResTime" : 352.9499999999989,
    "pct3ResTime" : 604.9899999999998,
    "throughput" : 2483.2381425378694,
    "receivedKBytesPerSec" : 324.9549913086665,
    "sentKBytesPerSec" : 1806.6527501862429
  },
  "Total" : {
    "transaction" : "Total",
    "sampleCount" : 10000,
    "errorCount" : 0,
    "errorPct" : 0.0,
    "meanResTime" : 135.90760000000063,
    "medianResTime" : 89.0,
    "minResTime" : 4.0,
    "maxResTime" : 2180.0,
    "pct1ResTime" : 319.0,
    "pct2ResTime" : 352.9499999999989,
    "pct3ResTime" : 604.9899999999998,
    "throughput" : 2483.2381425378694,
    "receivedKBytesPerSec" : 324.9549913086665,
    "sentKBytesPerSec" : 1806.6527501862429
  }
}