{
  "Microservice-based client" : {
    "transaction" : "Microservice-based client",
    "sampleCount" : 10000,
    "errorCount" : 10000,
    "errorPct" : 100.0,
    "meanResTime" : 1011.6608999999983,
    "medianResTime" : 724.0,
    "minResTime" : 22.0,
    "maxResTime" : 5876.0,
    "pct1ResTime" : 2500.0,
    "pct2ResTime" : 3164.899999999998,
    "pct3ResTime" : 4275.9299999999985,
    "throughput" : 843.668269636379,
    "receivedKBytesPerSec" : 213.3887517927951,
    "sentKBytesPerSec" : 392.99781700835234
  },
  "Total" : {
    "transaction" : "Total",
    "sampleCount" : 10000,
    "errorCount" : 10000,
    "errorPct" : 100.0,
    "meanResTime" : 1011.6608999999983,
    "medianResTime" : 724.0,
    "minResTime" : 22.0,
    "maxResTime" : 5876.0,
    "pct1ResTime" : 2500.0,
    "pct2ResTime" : 3164.899999999998,
    "pct3ResTime" : 4275.9299999999985,
    "throughput" : 843.668269636379,
    "receivedKBytesPerSec" : 213.3887517927951,
    "sentKBytesPerSec" : 392.99781700835234
  }
}