{
  "Microservice-based client" : {
    "transaction" : "Microservice-based client",
    "sampleCount" : 30000,
    "errorCount" : 2766,
    "errorPct" : 9.22,
    "meanResTime" : 236.2833333333341,
    "medianResTime" : 157.0,
    "minResTime" : 3.0,
    "maxResTime" : 6561.0,
    "pct1ResTime" : 565.0,
    "pct2ResTime" : 927.9000000000015,
    "pct3ResTime" : 1236.9900000000016,
    "throughput" : 1886.1993083935868,
    "receivedKBytesPerSec" : 640.3267201744735,
    "sentKBytesPerSec" : 797.6202697657969
  },
  "Total" : {
    "transaction" : "Total",
    "sampleCount" : 30000,
    "errorCount" : 2766,
    "errorPct" : 9.22,
    "meanResTime" : 236.2833333333341,
    "medianResTime" : 157.0,
    "minResTime" : 3.0,
    "maxResTime" : 6561.0,
    "pct1ResTime" : 565.0,
    "pct2ResTime" : 927.9000000000015,
    "pct3ResTime" : 1236.9900000000016,
    "throughput" : 1886.1993083935868,
    "receivedKBytesPerSec" : 640.3267201744735,
    "sentKBytesPerSec" : 797.6202697657969
  }
}