{
  "Microservice-based client" : {
    "transaction" : "Microservice-based client",
    "sampleCount" : 10000,
    "errorCount" : 0,
    "errorPct" : 0.0,
    "meanResTime" : 518.4911999999998,
    "medianResTime" : 351.0,
    "minResTime" : 11.0,
    "maxResTime" : 2756.0,
    "pct1ResTime" : 1265.8999999999996,
    "pct2ResTime" : 1658.0,
    "pct3ResTime" : 2367.9799999999996,
    "throughput" : 1598.976654940838,
    "receivedKBytesPerSec" : 209.24108570514872,
    "sentKBytesPerSec" : 468.4501918771986
  },
  "Total" : {
    "transaction" : "Total",
    "sampleCount" : 10000,
    "errorCount" : 0,
    "errorPct" : 0.0,
    "meanResTime" : 518.4911999999998,
    "medianResTime" : 351.0,
    "minResTime" : 11.0,
    "maxResTime" : 2756.0,
    "pct1ResTime" : 1265.8999999999996,
    "pct2ResTime" : 1658.0,
    "pct3ResTime" : 2367.9799999999996,
    "throughput" : 1598.976654940838,
    "receivedKBytesPerSec" : 209.24108570514872,
    "sentKBytesPerSec" : 468.4501918771986
  }
}