{
  "Microservice-based client" : {
    "transaction" : "Microservice-based client",
    "sampleCount" : 10000,
    "errorCount" : 0,
    "errorPct" : 0.0,
    "meanResTime" : 54.44779999999998,
    "medianResTime" : 52.0,
    "minResTime" : 9.0,
    "maxResTime" : 292.0,
    "pct1ResTime" : 68.0,
    "pct2ResTime" : 75.0,
    "pct3ResTime" : 118.0,
    "throughput" : 3421.1426616489907,
    "receivedKBytesPerSec" : 447.6885904892234,
    "sentKBytesPerSec" : 811.853190215532
  },
  "Total" : {
    "transaction" : "Total",
    "sampleCount" : 10000,
    "errorCount" : 0,
    "errorPct" : 0.0,
    "meanResTime" : 54.44779999999998,
    "medianResTime" : 52.0,
    "minResTime" : 9.0,
    "maxResTime" : 292.0,
    "pct1ResTime" : 68.0,
    "pct2ResTime" : 75.0,
    "pct3ResTime" : 118.0,
    "throughput" : 3421.1426616489907,
    "receivedKBytesPerSec" : 447.6885904892234,
    "sentKBytesPerSec" : 811.853190215532
  }
}