{
  "Microservice-based client" : {
    "transaction" : "Microservice-based client",
    "sampleCount" : 10000,
    "errorCount" : 0,
    "errorPct" : 0.0,
    "meanResTime" : 701.0806999999984,
    "medianResTime" : 345.0,
    "minResTime" : 11.0,
    "maxResTime" : 4149.0,
    "pct1ResTime" : 1909.8999999999996,
    "pct2ResTime" : 2223.949999999999,
    "pct3ResTime" : 2969.949999999999,
    "throughput" : 1219.6609342602756,
    "receivedKBytesPerSec" : 159.60406756921577,
    "sentKBytesPerSec" : 412.11199536528846
  },
  "Total" : {
    "transaction" : "Total",
    "sampleCount" : 10000,
    "errorCount" : 0,
    "errorPct" : 0.0,
    "meanResTime" : 701.0806999999984,
    "medianResTime" : 345.0,
    "minResTime" : 11.0,
    "maxResTime" : 4149.0,
    "pct1ResTime" : 1909.8999999999996,
    "pct2ResTime" : 2223.949999999999,
    "pct3ResTime" : 2969.949999999999,
    "throughput" : 1219.6609342602756,
    "receivedKBytesPerSec" : 159.60406756921577,
    "sentKBytesPerSec" : 412.11199536528846
  }
}