{
  "Microservice-based client" : {
    "transaction" : "Microservice-based client",
    "sampleCount" : 10000,
    "errorCount" : 0,
    "errorPct" : 0.0,
    "meanResTime" : 469.1064999999997,
    "medianResTime" : 481.0,
    "minResTime" : 6.0,
    "maxResTime" : 2450.0,
    "pct1ResTime" : 753.0,
    "pct2ResTime" : 1098.0,
    "pct3ResTime" : 1396.9799999999996,
    "throughput" : 1638.5384237260364,
    "receivedKBytesPerSec" : 214.4181140422743,
    "sentKBytesPerSec" : 763.2644805833197
  },
  "Total" : {
    "transaction" : "Total",
    "sampleCount" : 10000,
    "errorCount" : 0,
    "errorPct" : 0.0,
    "meanResTime" : 469.1064999999997,
    "medianResTime" : 481.0,
    "minResTime" : 6.0,
    "maxResTime" : 2450.0,
    "pct1ResTime" : 753.0,
    "pct2ResTime" : 1098.0,
    "pct3ResTime" : 1396.9799999999996,
    "throughput" : 1638.5384237260364,
    "receivedKBytesPerSec" : 214.4181140422743,
    "sentKBytesPerSec" : 763.2644805833197
  }
}