{
  "Microservice-based client" : {
    "transaction" : "Microservice-based client",
    "sampleCount" : 100,
    "errorCount" : 0,
    "errorPct" : 0.0,
    "meanResTime" : 3001.7400000000007,
    "medianResTime" : 3229.0,
    "minResTime" : 580.0,
    "maxResTime" : 3442.0,
    "pct1ResTime" : 3394.6,
    "pct2ResTime" : 3421.8,
    "pct3ResTime" : 3441.9,
    "throughput" : 28.62049227246709,
    "receivedKBytesPerSec" : 31730.42682545077,
    "sentKBytesPerSec" : 3.5496118345735543
  },
  "Microservice-based client with caching" : {
    "transaction" : "Microservice-based client with caching",
    "sampleCount" : 100,
    "errorCount" : 0,
    "errorPct" : 0.0,
    "meanResTime" : 897.1300000000003,
    "medianResTime" : 843.0,
    "minResTime" : 31.0,
    "maxResTime" : 1764.0,
    "pct1ResTime" : 1634.3000000000002,
    "pct2ResTime" : 1702.1499999999999,
    "pct3ResTime" : 1763.9099999999999,
    "throughput" : 53.50454788657036,
    "receivedKBytesPerSec" : 59147.39666934189,
    "sentKBytesPerSec" : 9.979852193686463
  },
  "Total" : {
    "transaction" : "Total",
    "sampleCount" : 300,
    "errorCount" : 0,
    "errorPct" : 0.0,
    "meanResTime" : 1903.396666666668,
    "medianResTime" : 2011.0,
    "minResTime" : 31.0,
    "maxResTime" : 3442.0,
    "pct1ResTime" : 3333.000000000001,
    "pct2ResTime" : 3381.95,
    "pct3ResTime" : 3430.91,
    "throughput" : 39.8406374501992,
    "receivedKBytesPerSec" : 44100.226437998004,
    "sentKBytesPerSec" : 5.771186088977424
  },
  "Monolithic-based client" : {
    "transaction" : "Monolithic-based client",
    "sampleCount" : 100,
    "errorCount" : 0,
    "errorPct" : 0.0,
    "meanResTime" : 1811.3200000000002,
    "medianResTime" : 2038.0,
    "minResTime" : 542.0,
    "maxResTime" : 2139.0,
    "pct1ResTime" : 2100.0,
    "pct2ResTime" : 2114.8,
    "pct3ResTime" : 2138.97,
    "throughput" : 46.317739694302915,
    "receivedKBytesPerSec" : 51256.187760537294,
    "sentKBytesPerSec" : 5.744485294117648
  }
}