{
  "Microservice-based client" : {
    "transaction" : "Microservice-based client",
    "sampleCount" : 100,
    "errorCount" : 0,
    "errorPct" : 0.0,
    "meanResTime" : 31.36,
    "medianResTime" : 36.0,
    "minResTime" : 3.0,
    "maxResTime" : 55.0,
    "pct1ResTime" : 49.900000000000006,
    "pct2ResTime" : 52.0,
    "pct3ResTime" : 54.97999999999999,
    "throughput" : 450.45045045045043,
    "receivedKBytesPerSec" : 5041.310353322072,
    "sentKBytesPerSec" : 55.866413288288285
  },
  "Microservice-based client with caching" : {
    "transaction" : "Microservice-based client with caching",
    "sampleCount" : 100,
    "errorCount" : 0,
    "errorPct" : 0.0,
    "meanResTime" : 19.53,
    "medianResTime" : 20.0,
    "minResTime" : 2.0,
    "maxResTime" : 41.0,
    "pct1ResTime" : 32.80000000000001,
    "pct2ResTime" : 37.89999999999998,
    "pct3ResTime" : 40.989999999999995,
    "throughput" : 636.9426751592356,
    "receivedKBytesPerSec" : 7098.427547770701,
    "sentKBytesPerSec" : 118.8047372611465
  },
  "Total" : {
    "transaction" : "Total",
    "sampleCount" : 300,
    "errorCount" : 0,
    "errorPct" : 0.0,
    "meanResTime" : 62.459999999999965,
    "medianResTime" : 37.0,
    "minResTime" : 2.0,
    "maxResTime" : 214.0,
    "pct1ResTime" : 163.0,
    "pct2ResTime" : 192.89999999999998,
    "pct3ResTime" : 213.97000000000003,
    "throughput" : 491.8032786885246,
    "receivedKBytesPerSec" : 5503.059362192623,
    "sentKBytesPerSec" : 71.24103483606558
  },
  "Monolithic-based client" : {
    "transaction" : "Monolithic-based client",
    "sampleCount" : 100,
    "errorCount" : 0,
    "errorPct" : 0.0,
    "meanResTime" : 136.48999999999998,
    "medianResTime" : 135.0,
    "minResTime" : 63.0,
    "maxResTime" : 214.0,
    "pct1ResTime" : 199.9,
    "pct2ResTime" : 208.89999999999998,
    "pct3ResTime" : 214.0,
    "throughput" : 444.4444444444444,
    "receivedKBytesPerSec" : 4992.1875,
    "sentKBytesPerSec" : 55.12152777777778
  }
}