{
  "Microservice-based client" : {
    "transaction" : "Microservice-based client",
    "sampleCount" : 3000,
    "errorCount" : 0,
    "errorPct" : 0.0,
    "meanResTime" : 38329.479999999974,
    "medianResTime" : 39705.5,
    "minResTime" : 329.0,
    "maxResTime" : 109046.0,
    "pct1ResTime" : 42065.0,
    "pct2ResTime" : 44908.049999999996,
    "pct3ResTime" : 61950.81999999989,
    "throughput" : 27.127226693191066,
    "receivedKBytesPerSec" : 7015.84127605344,
    "sentKBytesPerSec" : 3.364411904331314
  },
  "Microservice-based client with caching" : {
    "transaction" : "Microservice-based client with caching",
    "sampleCount" : 3000,
    "errorCount" : 0,
    "errorPct" : 0.0,
    "meanResTime" : 7179.923333333339,
    "medianResTime" : 7259.0,
    "minResTime" : 92.0,
    "maxResTime" : 14368.0,
    "pct1ResTime" : 12731.2,
    "pct2ResTime" : 13323.0,
    "pct3ResTime" : 13883.939999999999,
    "throughput" : 192.76489108783653,
    "receivedKBytesPerSec" : 49694.93952001542,
    "sentKBytesPerSec" : 35.95517011501639
  },
  "Total" : {
    "transaction" : "Total",
    "sampleCount" : 9000,
    "errorCount" : 0,
    "errorPct" : 0.0,
    "meanResTime" : 23831.675666666782,
    "medianResTime" : 27405.0,
    "minResTime" : 92.0,
    "maxResTime" : 109046.0,
    "pct1ResTime" : 40935.600000000006,
    "pct2ResTime" : 41674.0,
    "pct3ResTime" : 49104.60999999997,
    "throughput" : 50.40774262926786,
    "receivedKBytesPerSec" : 13014.572760250974,
    "sentKBytesPerSec" : 7.301902822273501
  },
  "Monolithic-based client" : {
    "transaction" : "Monolithic-based client",
    "sampleCount" : 3000,
    "errorCount" : 0,
    "errorPct" : 0.0,
    "meanResTime" : 25985.623666666706,
    "medianResTime" : 27732.0,
    "minResTime" : 179.0,
    "maxResTime" : 49690.0,
    "pct1ResTime" : 30098.0,
    "pct2ResTime" : 30691.85,
    "pct3ResTime" : 35275.89999999995,
    "throughput" : 57.27048851726705,
    "receivedKBytesPerSec" : 14783.22448957677,
    "sentKBytesPerSec" : 7.102882853215737
  }
}