{
  "Total" : {
    "transaction" : "Total",
    "sampleCount" : 100,
    "errorCount" : 0,
    "errorPct" : 0.0,
    "meanResTime" : 33786.6,
    "medianResTime" : 32593.0,
    "minResTime" : 4934.0,
    "maxResTime" : 61386.0,
    "pct1ResTime" : 58587.600000000006,
    "pct2ResTime" : 61236.09999999999,
    "pct3ResTime" : 61385.97,
    "throughput" : 1.6286379700656342,
    "receivedKBytesPerSec" : 18030.924574594672,
    "sentKBytesPerSec" : 0.3053696193873064
  },
  "HTTP Request" : {
    "transaction" : "HTTP Request",
    "sampleCount" : 100,
    "errorCount" : 0,
    "errorPct" : 0.0,
    "meanResTime" : 33786.6,
    "medianResTime" : 32593.0,
    "minResTime" : 4934.0,
    "maxResTime" : 61386.0,
    "pct1ResTime" : 58587.600000000006,
    "pct2ResTime" : 61236.09999999999,
    "pct3ResTime" : 61385.97,
    "throughput" : 1.6286379700656342,
    "receivedKBytesPerSec" : 18030.924574594672,
    "sentKBytesPerSec" : 0.3053696193873064
  }
}