{
  "Total" : {
    "transaction" : "Total",
    "sampleCount" : 100,
    "errorCount" : 0,
    "errorPct" : 0.0,
    "meanResTime" : 18895.22000000001,
    "medianResTime" : 19237.5,
    "minResTime" : 13922.0,
    "maxResTime" : 19606.0,
    "pct1ResTime" : 19494.5,
    "pct2ResTime" : 19523.9,
    "pct3ResTime" : 19606.0,
    "throughput" : 5.097879282218597,
    "receivedKBytesPerSec" : 56347.20819420371,
    "sentKBytesPerSec" : 0.955852365415987
  },
  "HTTP Request" : {
    "transaction" : "HTTP Request",
    "sampleCount" : 100,
    "errorCount" : 0,
    "errorPct" : 0.0,
    "meanResTime" : 18895.22000000001,
    "medianResTime" : 19237.5,
    "minResTime" : 13922.0,
    "maxResTime" : 19606.0,
    "pct1ResTime" : 19494.5,
    "pct2ResTime" : 19523.9,
    "pct3ResTime" : 19606.0,
    "throughput" : 5.097879282218597,
    "receivedKBytesPerSec" : 56347.20819420371,
    "sentKBytesPerSec" : 0.955852365415987
  }
}