{
  "Total" : {
    "transaction" : "Total",
    "sampleCount" : 7,
    "errorCount" : 0,
    "errorPct" : 0.0,
    "meanResTime" : 18392.428571428572,
    "medianResTime" : 18411.0,
    "minResTime" : 17870.0,
    "maxResTime" : 18859.0,
    "pct1ResTime" : 18859.0,
    "pct2ResTime" : 18859.0,
    "pct3ResTime" : 18859.0,
    "throughput" : 0.3709788542053103,
    "receivedKBytesPerSec" : 4100.4546354139065,
    "sentKBytesPerSec" : 0.06955853516349568
  },
  "HTTP Request" : {
    "transaction" : "HTTP Request",
    "sampleCount" : 7,
    "errorCount" : 0,
    "errorPct" : 0.0,
    "meanResTime" : 18392.428571428572,
    "medianResTime" : 18411.0,
    "minResTime" : 17870.0,
    "maxResTime" : 18859.0,
    "pct1ResTime" : 18859.0,
    "pct2ResTime" : 18859.0,
    "pct3ResTime" : 18859.0,
    "throughput" : 0.3709788542053103,
    "receivedKBytesPerSec" : 4100.4546354139065,
    "sentKBytesPerSec" : 0.06955853516349568
  }
}