{
  "Microservice-based client" : {
    "transaction" : "Microservice-based client",
    "sampleCount" : 100,
    "errorCount" : 0,
    "errorPct" : 0.0,
    "meanResTime" : 18.310000000000002,
    "medianResTime" : 11.0,
    "minResTime" : 3.0,
    "maxResTime" : 54.0,
    "pct1ResTime" : 38.900000000000006,
    "pct2ResTime" : 40.94999999999999,
    "pct3ResTime" : 53.909999999999954,
    "throughput" : 510.2040816326531,
    "receivedKBytesPerSec" : 120.07732780612244,
    "sentKBytesPerSec" : 63.277264030612244
  },
  "Microservice-based client with caching" : {
    "transaction" : "Microservice-based client with caching",
    "sampleCount" : 100,
    "errorCount" : 0,
    "errorPct" : 0.0,
    "meanResTime" : 2.85,
    "medianResTime" : 2.0,
    "minResTime" : 1.0,
    "maxResTime" : 9.0,
    "pct1ResTime" : 5.0,
    "pct2ResTime" : 6.0,
    "pct3ResTime" : 9.0,
    "throughput" : 884.9557522123894,
    "receivedKBytesPerSec" : 176.29977876106193,
    "sentKBytesPerSec" : 165.0649889380531
  },
  "Total" : {
    "transaction" : "Total",
    "sampleCount" : 300,
    "errorCount" : 0,
    "errorPct" : 0.0,
    "meanResTime" : 33.39666666666667,
    "medianResTime" : 11.0,
    "minResTime" : 1.0,
    "maxResTime" : 122.0,
    "pct1ResTime" : 89.90000000000003,
    "pct2ResTime" : 95.0,
    "pct3ResTime" : 104.99000000000001,
    "throughput" : 668.1514476614699,
    "receivedKBytesPerSec" : 159.20796213808464,
    "sentKBytesPerSec" : 96.78626113585746
  },
  "Monolithic-based client" : {
    "transaction" : "Monolithic-based client",
    "sampleCount" : 100,
    "errorCount" : 0,
    "errorPct" : 0.0,
    "meanResTime" : 79.02999999999999,
    "medianResTime" : 76.0,
    "minResTime" : 48.0,
    "maxResTime" : 122.0,
    "pct1ResTime" : 98.0,
    "pct2ResTime" : 103.94999999999999,
    "pct3ResTime" : 121.97999999999999,
    "throughput" : 800.0,
    "receivedKBytesPerSec" : 224.21875,
    "sentKBytesPerSec" : 99.21875
  }
}