{
  "Microservice-based client" : {
    "transaction" : "Microservice-based client",
    "sampleCount" : 100,
    "errorCount" : 0,
    "errorPct" : 0.0,
    "meanResTime" : 387.37999999999994,
    "medianResTime" : 401.5,
    "minResTime" : 56.0,
    "maxResTime" : 641.0,
    "pct1ResTime" : 600.9,
    "pct2ResTime" : 617.8,
    "pct3ResTime" : 640.8799999999999,
    "throughput" : 135.68521031207598,
    "receivedKBytesPerSec" : 35039.152603459974,
    "sentKBytesPerSec" : 16.82814620081411
  },
  "Microservice-based client with caching" : {
    "transaction" : "Microservice-based client with caching",
    "sampleCount" : 100,
    "errorCount" : 0,
    "errorPct" : 0.0,
    "meanResTime" : 476.1299999999998,
    "medianResTime" : 578.0,
    "minResTime" : 12.0,
    "maxResTime" : 960.0,
    "pct1ResTime" : 842.1000000000001,
    "pct2ResTime" : 906.7499999999998,
    "pct3ResTime" : 959.7199999999998,
    "throughput" : 104.05827263267429,
    "receivedKBytesPerSec" : 26827.845546631113,
    "sentKBytesPerSec" : 19.409306711758585
  },
  "Total" : {
    "transaction" : "Total",
    "sampleCount" : 300,
    "errorCount" : 0,
    "errorPct" : 0.0,
    "meanResTime" : 693.1700000000005,
    "medianResTime" : 609.5,
    "minResTime" : 12.0,
    "maxResTime" : 1459.0,
    "pct1ResTime" : 1376.0,
    "pct2ResTime" : 1422.0,
    "pct3ResTime" : 1450.9,
    "throughput" : 94.04388714733543,
    "receivedKBytesPerSec" : 24269.091949941223,
    "sentKBytesPerSec" : 13.62289380877743
  },
  "Monolithic-based client" : {
    "transaction" : "Monolithic-based client",
    "sampleCount" : 100,
    "errorCount" : 0,
    "errorPct" : 0.0,
    "meanResTime" : 1215.9999999999993,
    "medianResTime" : 1275.5,
    "minResTime" : 261.0,
    "maxResTime" : 1459.0,
    "pct1ResTime" : 1430.9,
    "pct2ResTime" : 1439.0,
    "pct3ResTime" : 1458.93,
    "throughput" : 67.56756756756756,
    "receivedKBytesPerSec" : 17441.208298141893,
    "sentKBytesPerSec" : 8.379961993243244
  }
}