{
  "Microservice-based client" : {
    "transaction" : "Microservice-based client",
    "sampleCount" : 10,
    "errorCount" : 10,
    "errorPct" : 100.0,
    "meanResTime" : 17.400000000000002,
    "medianResTime" : 19.5,
    "minResTime" : 6.0,
    "maxResTime" : 25.0,
    "pct1ResTime" : 25.0,
    "pct2ResTime" : 25.0,
    "pct3ResTime" : 25.0,
    "throughput" : 263.1578947368421,
    "receivedKBytesPerSec" : 66.56044407894737,
    "sentKBytesPerSec" : 51.39802631578947
  },
  "Microservice-based client with caching" : {
    "transaction" : "Microservice-based client with caching",
    "sampleCount" : 10,
    "errorCount" : 0,
    "errorPct" : 0.0,
    "meanResTime" : 148.60000000000002,
    "medianResTime" : 152.5,
    "minResTime" : 44.0,
    "maxResTime" : 249.0,
    "pct1ResTime" : 247.10000000000002,
    "pct2ResTime" : 249.0,
    "pct3ResTime" : 249.0,
    "throughput" : 38.91050583657588,
    "receivedKBytesPerSec" : 43014.19625486381,
    "sentKBytesPerSec" : 11.361563715953308
  },
  "Total" : {
    "transaction" : "Total",
    "sampleCount" : 30,
    "errorCount" : 10,
    "errorPct" : 33.333332,
    "meanResTime" : 114.5,
    "medianResTime" : 152.5,
    "minResTime" : 6.0,
    "maxResTime" : 249.0,
    "pct1ResTime" : 207.20000000000005,
    "pct2ResTime" : 238.54999999999998,
    "pct3ResTime" : 249.0,
    "throughput" : 60.97560975609756,
    "receivedKBytesPerSec" : 22477.51127413618,
    "sentKBytesPerSec" : 14.727832825203253
  },
  "Monolithic-based client" : {
    "transaction" : "Monolithic-based client",
    "sampleCount" : 10,
    "errorCount" : 0,
    "errorPct" : 0.0,
    "meanResTime" : 177.5,
    "medianResTime" : 177.0,
    "minResTime" : 177.0,
    "maxResTime" : 182.0,
    "pct1ResTime" : 181.5,
    "pct2ResTime" : 182.0,
    "pct3ResTime" : 182.0,
    "throughput" : 54.94505494505494,
    "receivedKBytesPerSec" : 9.65831043956044,
    "sentKBytesPerSec" : 13.038719093406593
  }
}