{
  "Microservice-based client" : {
    "transaction" : "Microservice-based client",
    "sampleCount" : 10,
    "errorCount" : 0,
    "errorPct" : 0.0,
    "meanResTime" : 12.4,
    "medianResTime" : 11.0,
    "minResTime" : 8.0,
    "maxResTime" : 30.0,
    "pct1ResTime" : 28.200000000000006,
    "pct2ResTime" : 30.0,
    "pct3ResTime" : 30.0,
    "throughput" : 294.11764705882354,
    "receivedKBytesPerSec" : 38.48805147058823,
    "sentKBytesPerSec" : 69.7954963235294
  },
  "Microservice-based client with caching" : {
    "transaction" : "Microservice-based client with caching",
    "sampleCount" : 10,
    "errorCount" : 0,
    "errorPct" : 0.0,
    "meanResTime" : 100.7,
    "medianResTime" : 109.5,
    "minResTime" : 27.0,
    "maxResTime" : 160.0,
    "pct1ResTime" : 158.8,
    "pct2ResTime" : 160.0,
    "pct3ResTime" : 160.0,
    "throughput" : 57.47126436781609,
    "receivedKBytesPerSec" : 63587.91307471265,
    "sentKBytesPerSec" : 16.781160201149426
  },
  "Total" : {
    "transaction" : "Total",
    "sampleCount" : 30,
    "errorCount" : 0,
    "errorPct" : 0.0,
    "meanResTime" : 55.099999999999994,
    "medianResTime" : 51.5,
    "minResTime" : 8.0,
    "maxResTime" : 160.0,
    "pct1ResTime" : 144.60000000000002,
    "pct2ResTime" : 153.39999999999998,
    "pct3ResTime" : 160.0,
    "throughput" : 107.14285714285714,
    "receivedKBytesPerSec" : 39526.29743303571,
    "sentKBytesPerSec" : 27.378627232142854
  },
  "Monolithic-based client" : {
    "transaction" : "Monolithic-based client",
    "sampleCount" : 10,
    "errorCount" : 0,
    "errorPct" : 0.0,
    "meanResTime" : 52.2,
    "medianResTime" : 52.5,
    "minResTime" : 51.0,
    "maxResTime" : 53.0,
    "pct1ResTime" : 53.0,
    "pct2ResTime" : 53.0,
    "pct3ResTime" : 53.0,
    "throughput" : 188.67924528301887,
    "receivedKBytesPerSec" : 33.16627358490566,
    "sentKBytesPerSec" : 44.77446933962264
  }
}