{
  "Microservice-based client" : {
    "transaction" : "Microservice-based client",
    "sampleCount" : 5000,
    "errorCount" : 0,
    "errorPct" : 0.0,
    "meanResTime" : 26320.03660000002,
    "medianResTime" : 25589.0,
    "minResTime" : 85.0,
    "maxResTime" : 100150.0,
    "pct1ResTime" : 31685.0,
    "pct2ResTime" : 37408.85,
    "pct3ResTime" : 50383.37999999999,
    "throughput" : 48.82717134430968,
    "receivedKBytesPerSec" : 5372.002107045028,
    "sentKBytesPerSec" : 6.055713633522783
  },
  "Microservice-based client with caching" : {
    "transaction" : "Microservice-based client with caching",
    "sampleCount" : 5000,
    "errorCount" : 0,
    "errorPct" : 0.0,
    "meanResTime" : 6197.530799999992,
    "medianResTime" : 6735.0,
    "minResTime" : 10.0,
    "maxResTime" : 11730.0,
    "pct1ResTime" : 10664.500000000004,
    "pct2ResTime" : 11222.8,
    "pct3ResTime" : 11627.99,
    "throughput" : 346.74063800277395,
    "receivedKBytesPerSec" : 38018.89194694868,
    "sentKBytesPerSec" : 64.67525572122052
  },
  "Total" : {
    "transaction" : "Total",
    "sampleCount" : 15000,
    "errorCount" : 0,
    "errorPct" : 0.0,
    "meanResTime" : 17017.80260000003,
    "medianResTime" : 18518.0,
    "minResTime" : 10.0,
    "maxResTime" : 100150.0,
    "pct1ResTime" : 27063.0,
    "pct2ResTime" : 29283.399999999987,
    "pct3ResTime" : 41994.899999999994,
    "throughput" : 94.17496452743003,
    "receivedKBytesPerSec" : 10343.404655009637,
    "sentKBytesPerSec" : 13.641881254787227
  },
  "Monolithic-based client" : {
    "transaction" : "Monolithic-based client",
    "sampleCount" : 5000,
    "errorCount" : 0,
    "errorPct" : 0.0,
    "meanResTime" : 18535.84040000009,
    "medianResTime" : 18654.5,
    "minResTime" : 270.0,
    "maxResTime" : 42375.0,
    "pct1ResTime" : 21963.9,
    "pct2ResTime" : 23175.85,
    "pct3ResTime" : 29786.789999999994,
    "throughput" : 117.78563015312132,
    "receivedKBytesPerSec" : 12936.174911660777,
    "sentKBytesPerSec" : 14.608178739693756
  }
}