{
  "Client requested application" : {
    "transaction" : "Client requested application",
    "sampleCount" : 100,
    "errorCount" : 0,
    "errorPct" : 0.0,
    "meanResTime" : 38551.81,
    "medianResTime" : 39070.0,
    "minResTime" : 6242.0,
    "maxResTime" : 76106.0,
    "pct1ResTime" : 68466.30000000002,
    "pct2ResTime" : 70133.34999999999,
    "pct3ResTime" : 76104.02,
    "throughput" : 1.313680670502614,
    "receivedKBytesPerSec" : 14534.479550507738,
    "sentKBytesPerSec" : 0.16421008381282678
  },
  "Client requested api gateway (non-cached)" : {
    "transaction" : "Client requested api gateway (non-cached)",
    "sampleCount" : 100,
    "errorCount" : 0,
    "errorPct" : 0.0,
    "meanResTime" : 92948.38000000003,
    "medianResTime" : 96208.5,
    "minResTime" : 18734.0,
    "maxResTime" : 125582.0,
    "pct1ResTime" : 122509.2,
    "pct2ResTime" : 124035.94999999998,
    "pct3ResTime" : 125581.14,
    "throughput" : 0.7962607594735124,
    "receivedKBytesPerSec" : 8816.282153071676,
    "sentKBytesPerSec" : 0.09953259493418905
  },
  "Total" : {
    "transaction" : "Total",
    "sampleCount" : 300,
    "errorCount" : 0,
    "errorPct" : 0.0,
    "meanResTime" : 49616.57666666667,
    "medianResTime" : 33634.0,
    "minResTime" : 6242.0,
    "maxResTime" : 125582.0,
    "pct1ResTime" : 109815.00000000001,
    "pct2ResTime" : 118989.19999999998,
    "pct3ResTime" : 125277.65000000001,
    "throughput" : 2.38876325763608,
    "receivedKBytesPerSec" : 26426.97483070885,
    "sentKBytesPerSec" : 0.3483613084052617
  },
  "HTTP Request" : {
    "transaction" : "HTTP Request",
    "sampleCount" : 100,
    "errorCount" : 0,
    "errorPct" : 0.0,
    "meanResTime" : 17349.539999999997,
    "medianResTime" : 17794.5,
    "minResTime" : 6986.0,
    "maxResTime" : 19012.0,
    "pct1ResTime" : 18313.1,
    "pct2ResTime" : 18659.85,
    "pct3ResTime" : 19009.98,
    "throughput" : 5.253204454717378,
    "receivedKBytesPerSec" : 58064.02794376444,
    "sentKBytesPerSec" : 0.9849758352595083
  }
}