{
  "Client requested application" : {
    "transaction" : "Client requested application",
    "sampleCount" : 100,
    "errorCount" : 0,
    "errorPct" : 0.0,
    "meanResTime" : 38710.420000000006,
    "medianResTime" : 38783.5,
    "minResTime" : 5164.0,
    "maxResTime" : 73881.0,
    "pct1ResTime" : 67335.8,
    "pct2ResTime" : 69920.4,
    "pct3ResTime" : 73870.98,
    "throughput" : 1.3519725279182326,
    "receivedKBytesPerSec" : 14958.138230318662,
    "sentKBytesPerSec" : 0.1689965659897791
  },
  "Client requested api gateway (non-cached)" : {
    "transaction" : "Client requested api gateway (non-cached)",
    "sampleCount" : 100,
    "errorCount" : 0,
    "errorPct" : 0.0,
    "meanResTime" : 101288.70999999999,
    "medianResTime" : 101574.5,
    "minResTime" : 55398.0,
    "maxResTime" : 129232.0,
    "pct1ResTime" : 126819.1,
    "pct2ResTime" : 128485.54999999999,
    "pct3ResTime" : 129231.49,
    "throughput" : 0.7736165801505458,
    "receivedKBytesPerSec" : 8565.221392746764,
    "sentKBytesPerSec" : 0.09670207251881822
  },
  "Total" : {
    "transaction" : "Total",
    "sampleCount" : 300,
    "errorCount" : 0,
    "errorPct" : 0.0,
    "meanResTime" : 51949.133333333346,
    "medianResTime" : 38783.5,
    "minResTime" : 862.0,
    "maxResTime" : 129232.0,
    "pct1ResTime" : 114113.00000000001,
    "pct2ResTime" : 123664.99999999999,
    "pct3ResTime" : 129164.58,
    "throughput" : 2.3208317861121426,
    "receivedKBytesPerSec" : 25675.104446496123,
    "sentKBytesPerSec" : 0.33845463547468746
  },
  "HTTP Request" : {
    "transaction" : "HTTP Request",
    "sampleCount" : 100,
    "errorCount" : 0,
    "errorPct" : 0.0,
    "meanResTime" : 15848.27,
    "medianResTime" : 16510.5,
    "minResTime" : 862.0,
    "maxResTime" : 17565.0,
    "pct1ResTime" : 17410.2,
    "pct2ResTime" : 17444.7,
    "pct3ResTime" : 17565.0,
    "throughput" : 5.691843588138198,
    "receivedKBytesPerSec" : 62912.33627056179,
    "sentKBytesPerSec" : 1.0672206727759121
  }
}