{
  "Microservice-based client with caching" : {
    "transaction" : "Microservice-based client with caching",
    "sampleCount" : 50000,
    "errorCount" : 0,
    "errorPct" : 0.0,
    "meanResTime" : 1845.7729199999883,
    "medianResTime" : 120.0,
    "minResTime" : 1.0,
    "maxResTime" : 34656.0,
    "pct1ResTime" : 324.0,
    "pct2ResTime" : 27447.40000000001,
    "pct3ResTime" : 33261.990000000005,
    "throughput" : 1229.7097884899165,
    "receivedKBytesPerSec" : 70.85241945400885,
    "sentKBytesPerSec" : 361.4674280619774
  },
  "Total" : {
    "transaction" : "Total",
    "sampleCount" : 50000,
    "errorCount" : 0,
    "errorPct" : 0.0,
    "meanResTime" : 1845.7729199999883,
    "medianResTime" : 120.0,
    "minResTime" : 1.0,
    "maxResTime" : 34656.0,
    "pct1ResTime" : 324.0,
    "pct2ResTime" : 27447.40000000001,
    "pct3ResTime" : 33261.990000000005,
    "throughput" : 1229.7097884899165,
    "receivedKBytesPerSec" : 70.85241945400885,
    "sentKBytesPerSec" : 361.4674280619774
  }
}