{
  "Microservice-based client" : {
    "transaction" : "Microservice-based client",
    "sampleCount" : 7000,
    "errorCount" : 11,
    "errorPct" : 0.15714286,
    "meanResTime" : 35224.30871428564,
    "medianResTime" : 37337.5,
    "minResTime" : 1049.0,
    "maxResTime" : 140160.0,
    "pct1ResTime" : 42691.3,
    "pct2ResTime" : 48602.45,
    "pct3ResTime" : 63203.23999999998,
    "throughput" : 49.53297480894424,
    "receivedKBytesPerSec" : 5486.7165870785275,
    "sentKBytesPerSec" : 6.135351341370648
  },
  "Microservice-based client with caching" : {
    "transaction" : "Microservice-based client with caching",
    "sampleCount" : 7000,
    "errorCount" : 0,
    "errorPct" : 0.0,
    "meanResTime" : 1673.680857142855,
    "medianResTime" : 1837.0,
    "minResTime" : 25.0,
    "maxResTime" : 3950.0,
    "pct1ResTime" : 2888.0,
    "pct2ResTime" : 2985.95,
    "pct3ResTime" : 3653.769999999995,
    "throughput" : 1055.8069381598793,
    "receivedKBytesPerSec" : 11766.473416289593,
    "sentKBytesPerSec" : 196.9327394419306
  },
  "Total" : {
    "transaction" : "Total",
    "sampleCount" : 21000,
    "errorCount" : 11,
    "errorPct" : 0.052380953,
    "meanResTime" : 22117.15933333331,
    "medianResTime" : 28719.0,
    "minResTime" : 25.0,
    "maxResTime" : 140160.0,
    "pct1ResTime" : 39933.600000000006,
    "pct2ResTime" : 41994.75,
    "pct3ResTime" : 54996.91000000002,
    "throughput" : 96.71447124816933,
    "receivedKBytesPerSec" : 7501.96476006032,
    "sentKBytesPerSec" : 14.00460534307156
  },
  "Monolithic-based client" : {
    "transaction" : "Monolithic-based client",
    "sampleCount" : 7000,
    "errorCount" : 0,
    "errorPct" : 0.0,
    "meanResTime" : 29453.48842857143,
    "medianResTime" : 30061.0,
    "minResTime" : 236.0,
    "maxResTime" : 68946.0,
    "pct1ResTime" : 35247.700000000004,
    "pct2ResTime" : 37980.7,
    "pct3ResTime" : 49480.62999999999,
    "throughput" : 101.18385105737124,
    "receivedKBytesPerSec" : 11210.261623494891,
    "sentKBytesPerSec" : 12.549169027623192
  }
}