{
  "Microservice-based client" : {
    "transaction" : "Microservice-based client",
    "sampleCount" : 7000,
    "errorCount" : 0,
    "errorPct" : 0.0,
    "meanResTime" : 36528.40357142856,
    "medianResTime" : 35449.5,
    "minResTime" : 255.0,
    "maxResTime" : 120805.0,
    "pct1ResTime" : 45707.4,
    "pct2ResTime" : 52928.95,
    "pct3ResTime" : 68245.63999999997,
    "throughput" : 57.931194292949776,
    "receivedKBytesPerSec" : 6429.4598242641705,
    "sentKBytesPerSec" : 7.184825854692013
  },
  "Microservice-based client with caching" : {
    "transaction" : "Microservice-based client with caching",
    "sampleCount" : 7000,
    "errorCount" : 0,
    "errorPct" : 0.0,
    "meanResTime" : 1191.0887142857123,
    "medianResTime" : 944.0,
    "minResTime" : 7.0,
    "maxResTime" : 3687.0,
    "pct1ResTime" : 2471.0,
    "pct2ResTime" : 2725.95,
    "pct3ResTime" : 3090.9699999999993,
    "throughput" : 1007.1942446043165,
    "receivedKBytesPerSec" : 11224.70773381295,
    "sentKBytesPerSec" : 187.86533273381295
  },
  "Total" : {
    "transaction" : "Total",
    "sampleCount" : 21000,
    "errorCount" : 0,
    "errorPct" : 0.0,
    "meanResTime" : 22039.778333333317,
    "medianResTime" : 28596.0,
    "minResTime" : 7.0,
    "maxResTime" : 120805.0,
    "pct1ResTime" : 38217.9,
    "pct2ResTime" : 43340.75,
    "pct3ResTime" : 58558.3700000001,
    "throughput" : 108.04859099492171,
    "receivedKBytesPerSec" : 8388.785787277086,
    "sentKBytesPerSec" : 15.65156998461594
  },
  "Monolithic-based client" : {
    "transaction" : "Monolithic-based client",
    "sampleCount" : 7000,
    "errorCount" : 0,
    "errorPct" : 0.0,
    "meanResTime" : 28399.842714285674,
    "medianResTime" : 28778.5,
    "minResTime" : 145.0,
    "maxResTime" : 63407.0,
    "pct1ResTime" : 34201.3,
    "pct2ResTime" : 36784.45,
    "pct3ResTime" : 48701.249999999985,
    "throughput" : 105.15405068425243,
    "receivedKBytesPerSec" : 11649.816003883188,
    "sentKBytesPerSec" : 13.041566832910213
  }
}