{
  "Microservice-based client" : {
    "transaction" : "Microservice-based client",
    "sampleCount" : 7000,
    "errorCount" : 1,
    "errorPct" : 0.014285714,
    "meanResTime" : 36678.55699999996,
    "medianResTime" : 36114.5,
    "minResTime" : 335.0,
    "maxResTime" : 138080.0,
    "pct1ResTime" : 44071.900000000016,
    "pct2ResTime" : 51415.1,
    "pct3ResTime" : 72543.65999999973,
    "throughput" : 49.2278263804889,
    "receivedKBytesPerSec" : 5462.799030200832,
    "sentKBytesPerSec" : 6.105404248361417
  },
  "Microservice-based client with caching" : {
    "transaction" : "Microservice-based client with caching",
    "sampleCount" : 7000,
    "errorCount" : 0,
    "errorPct" : 0.0,
    "meanResTime" : 1875.4408571428596,
    "medianResTime" : 1525.0,
    "minResTime" : 2.0,
    "maxResTime" : 5084.0,
    "pct1ResTime" : 3623.0,
    "pct2ResTime" : 3866.0,
    "pct3ResTime" : 4272.939999999999,
    "throughput" : 934.2052582410249,
    "receivedKBytesPerSec" : 10411.279694381423,
    "sentKBytesPerSec" : 174.25117609769117
  },
  "Total" : {
    "transaction" : "Total",
    "sampleCount" : 21000,
    "errorCount" : 1,
    "errorPct" : 0.004761905,
    "meanResTime" : 22403.239857142853,
    "medianResTime" : 29205.5,
    "minResTime" : 2.0,
    "maxResTime" : 138080.0,
    "pct1ResTime" : 38809.50000000001,
    "pct2ResTime" : 42605.250000000015,
    "pct3ResTime" : 58269.990000000005,
    "throughput" : 97.40666354346888,
    "receivedKBytesPerSec" : 7562.080472797739,
    "sentKBytesPerSec" : 14.110014738555876
  },
  "Monolithic-based client" : {
    "transaction" : "Monolithic-based client",
    "sampleCount" : 7000,
    "errorCount" : 0,
    "errorPct" : 0.0,
    "meanResTime" : 28655.721714285726,
    "medianResTime" : 29606.0,
    "minResTime" : 108.0,
    "maxResTime" : 62554.0,
    "pct1ResTime" : 34487.0,
    "pct2ResTime" : 37478.7,
    "pct3ResTime" : 48909.33999999998,
    "throughput" : 106.22315968375848,
    "receivedKBytesPerSec" : 11768.26054359702,
    "sentKBytesPerSec" : 13.17416140609114
  }
}