{
  "Microservice-based client" : {
    "transaction" : "Microservice-based client",
    "sampleCount" : 7000,
    "errorCount" : 3,
    "errorPct" : 0.042857144,
    "meanResTime" : 38063.47942857155,
    "medianResTime" : 37249.5,
    "minResTime" : 226.0,
    "maxResTime" : 191149.0,
    "pct1ResTime" : 46737.20000000001,
    "pct2ResTime" : 56487.2,
    "pct3ResTime" : 77260.89,
    "throughput" : 36.361936325054934,
    "receivedKBytesPerSec" : 3998.5561196570684,
    "sentKBytesPerSec" : 4.509732337189431
  },
  "Microservice-based client with caching" : {
    "transaction" : "Microservice-based client with caching",
    "sampleCount" : 7000,
    "errorCount" : 0,
    "errorPct" : 0.0,
    "meanResTime" : 1837.0835714285759,
    "medianResTime" : 1794.0,
    "minResTime" : 4.0,
    "maxResTime" : 5035.0,
    "pct1ResTime" : 3456.0,
    "pct2ResTime" : 3748.0,
    "pct3ResTime" : 4217.919999999998,
    "throughput" : 937.5837128315028,
    "receivedKBytesPerSec" : 10448.930987141708,
    "sentKBytesPerSec" : 174.88133706134477
  },
  "Total" : {
    "transaction" : "Total",
    "sampleCount" : 21000,
    "errorCount" : 3,
    "errorPct" : 0.014285714,
    "meanResTime" : 21457.874142857174,
    "medianResTime" : 25148.5,
    "minResTime" : 4.0,
    "maxResTime" : 191149.0,
    "pct1ResTime" : 39805.8,
    "pct2ResTime" : 43725.65000000004,
    "pct3ResTime" : 62272.570000000065,
    "throughput" : 82.00434232517455,
    "receivedKBytesPerSec" : 6312.375136338321,
    "sentKBytesPerSec" : 11.878884223536026
  },
  "Monolithic-based client" : {
    "transaction" : "Monolithic-based client",
    "sampleCount" : 7000,
    "errorCount" : 0,
    "errorPct" : 0.0,
    "meanResTime" : 24473.059428571436,
    "medianResTime" : 24814.5,
    "minResTime" : 81.0,
    "maxResTime" : 54249.0,
    "pct1ResTime" : 28808.7,
    "pct2ResTime" : 30906.85,
    "pct3ResTime" : 40084.75999999997,
    "throughput" : 124.77495944813819,
    "receivedKBytesPerSec" : 13702.581337676691,
    "sentKBytesPerSec" : 15.4750193846812
  }
}