{
  "Microservice-based client" : {
    "transaction" : "Microservice-based client",
    "sampleCount" : 100,
    "errorCount" : 0,
    "errorPct" : 0.0,
    "meanResTime" : 133.08999999999997,
    "medianResTime" : 117.5,
    "minResTime" : 58.0,
    "maxResTime" : 1018.0,
    "pct1ResTime" : 153.40000000000003,
    "pct2ResTime" : 264.19999999999936,
    "pct3ResTime" : 1011.3999999999967,
    "throughput" : 85.68980291345329,
    "receivedKBytesPerSec" : 9415.5068417952,
    "sentKBytesPerSec" : 10.627543916023992
  },
  "Microservice-based client with caching" : {
    "transaction" : "Microservice-based client with caching",
    "sampleCount" : 100,
    "errorCount" : 0,
    "errorPct" : 0.0,
    "meanResTime" : 95.84999999999998,
    "medianResTime" : 104.5,
    "minResTime" : 4.0,
    "maxResTime" : 175.0,
    "pct1ResTime" : 163.50000000000003,
    "pct2ResTime" : 166.95,
    "pct3ResTime" : 175.0,
    "throughput" : 354.6099290780142,
    "receivedKBytesPerSec" : 38881.73204787234,
    "sentKBytesPerSec" : 66.14306294326242
  },
  "Total" : {
    "transaction" : "Total",
    "sampleCount" : 300,
    "errorCount" : 0,
    "errorPct" : 0.0,
    "meanResTime" : 137.78666666666666,
    "medianResTime" : 121.0,
    "minResTime" : 4.0,
    "maxResTime" : 1018.0,
    "pct1ResTime" : 219.90000000000003,
    "pct2ResTime" : 228.95,
    "pct3ResTime" : 332.39000000000055,
    "throughput" : 175.7469244288225,
    "receivedKBytesPerSec" : 19294.292572861745,
    "sentKBytesPerSec" : 25.45813195664909
  },
  "Monolithic-based client" : {
    "transaction" : "Monolithic-based client",
    "sampleCount" : 100,
    "errorCount" : 0,
    "errorPct" : 0.0,
    "meanResTime" : 184.41999999999993,
    "medianResTime" : 191.0,
    "minResTime" : 61.0,
    "maxResTime" : 232.0,
    "pct1ResTime" : 228.9,
    "pct2ResTime" : 230.95,
    "pct3ResTime" : 232.0,
    "throughput" : 423.728813559322,
    "receivedKBytesPerSec" : 46537.34110169492,
    "sentKBytesPerSec" : 52.55230402542373
  }
}