{
  "Microservice-based client" : {
    "transaction" : "Microservice-based client",
    "sampleCount" : 100,
    "errorCount" : 0,
    "errorPct" : 0.0,
    "meanResTime" : 150.68000000000004,
    "medianResTime" : 168.5,
    "minResTime" : 54.0,
    "maxResTime" : 273.0,
    "pct1ResTime" : 192.0,
    "pct2ResTime" : 200.69999999999993,
    "pct3ResTime" : 272.3399999999997,
    "throughput" : 340.1360544217687,
    "receivedKBytesPerSec" : 37368.340109481294,
    "sentKBytesPerSec" : 42.184842687074834
  },
  "Microservice-based client with caching" : {
    "transaction" : "Microservice-based client with caching",
    "sampleCount" : 100,
    "errorCount" : 100,
    "errorPct" : 100.0,
    "meanResTime" : 71.86000000000001,
    "medianResTime" : 82.0,
    "minResTime" : 7.0,
    "maxResTime" : 124.0,
    "pct1ResTime" : 116.0,
    "pct2ResTime" : 120.0,
    "pct3ResTime" : 123.99,
    "throughput" : 362.3188405797101,
    "receivedKBytesPerSec" : 81.73403532608695,
    "sentKBytesPerSec" : 67.58095561594202
  },
  "Total" : {
    "transaction" : "Total",
    "sampleCount" : 300,
    "errorCount" : 100,
    "errorPct" : 33.333332,
    "meanResTime" : 148.36666666666682,
    "medianResTime" : 160.5,
    "minResTime" : 7.0,
    "maxResTime" : 386.0,
    "pct1ResTime" : 243.90000000000003,
    "pct2ResTime" : 268.0,
    "pct3ResTime" : 300.9100000000001,
    "throughput" : 298.804780876494,
    "receivedKBytesPerSec" : 21904.046898344124,
    "sentKBytesPerSec" : 43.283895667330675
  },
  "Monolithic-based client" : {
    "transaction" : "Monolithic-based client",
    "sampleCount" : 100,
    "errorCount" : 0,
    "errorPct" : 0.0,
    "meanResTime" : 222.56000000000012,
    "medianResTime" : 223.5,
    "minResTime" : 106.0,
    "maxResTime" : 386.0,
    "pct1ResTime" : 281.70000000000005,
    "pct2ResTime" : 289.95,
    "pct3ResTime" : 385.27999999999963,
    "throughput" : 238.09523809523807,
    "receivedKBytesPerSec" : 26149.553571428572,
    "sentKBytesPerSec" : 29.529389880952383
  }
}