{
  "Microservice-based client" : {
    "transaction" : "Microservice-based client",
    "sampleCount" : 100,
    "errorCount" : 0,
    "errorPct" : 0.0,
    "meanResTime" : 9.190000000000001,
    "medianResTime" : 8.0,
    "minResTime" : 4.0,
    "maxResTime" : 23.0,
    "pct1ResTime" : 15.0,
    "pct2ResTime" : 18.0,
    "pct3ResTime" : 22.969999999999985,
    "throughput" : 552.4861878453039,
    "receivedKBytesPerSec" : 675.630179558011,
    "sentKBytesPerSec" : 68.5212361878453
  },
  "Microservice-based client with caching" : {
    "transaction" : "Microservice-based client with caching",
    "sampleCount" : 100,
    "errorCount" : 0,
    "errorPct" : 0.0,
    "meanResTime" : 18.09,
    "medianResTime" : 20.0,
    "minResTime" : 2.0,
    "maxResTime" : 38.0,
    "pct1ResTime" : 28.0,
    "pct2ResTime" : 31.899999999999977,
    "pct3ResTime" : 37.969999999999985,
    "throughput" : 769.2307692307693,
    "receivedKBytesPerSec" : 912.7103365384615,
    "sentKBytesPerSec" : 143.4795673076923
  },
  "Total" : {
    "transaction" : "Total",
    "sampleCount" : 300,
    "errorCount" : 0,
    "errorPct" : 0.0,
    "meanResTime" : 31.37000000000002,
    "medianResTime" : 20.0,
    "minResTime" : 2.0,
    "maxResTime" : 96.0,
    "pct1ResTime" : 72.90000000000003,
    "pct2ResTime" : 81.94999999999999,
    "pct3ResTime" : 94.0,
    "throughput" : 691.2442396313364,
    "receivedKBytesPerSec" : 847.2332229262673,
    "sentKBytesPerSec" : 100.13140841013825
  },
  "Monolithic-based client" : {
    "transaction" : "Monolithic-based client",
    "sampleCount" : 100,
    "errorCount" : 0,
    "errorPct" : 0.0,
    "meanResTime" : 66.83,
    "medianResTime" : 67.0,
    "minResTime" : 42.0,
    "maxResTime" : 96.0,
    "pct1ResTime" : 84.9,
    "pct2ResTime" : 91.74999999999994,
    "pct3ResTime" : 95.97999999999999,
    "throughput" : 961.5384615384615,
    "receivedKBytesPerSec" : 1218.8251201923078,
    "sentKBytesPerSec" : 119.25330528846155
  }
}