{
  "Microservice-based client" : {
    "transaction" : "Microservice-based client",
    "sampleCount" : 100,
    "errorCount" : 0,
    "errorPct" : 0.0,
    "meanResTime" : 34450.69,
    "medianResTime" : 33786.0,
    "minResTime" : 6597.0,
    "maxResTime" : 61011.0,
    "pct1ResTime" : 58298.4,
    "pct2ResTime" : 60664.299999999996,
    "pct3ResTime" : 61010.6,
    "throughput" : 1.6360988858166587,
    "receivedKBytesPerSec" : 18113.051477167217,
    "sentKBytesPerSec" : 0.20451236072708234
  },
  "Microservice-based client with caching" : {
    "transaction" : "Microservice-based client with caching",
    "sampleCount" : 100,
    "errorCount" : 0,
    "errorPct" : 0.0,
    "meanResTime" : 21092.410000000003,
    "medianResTime" : 21360.5,
    "minResTime" : 16207.0,
    "maxResTime" : 21609.0,
    "pct1ResTime" : 21533.7,
    "pct2ResTime" : 21576.75,
    "pct3ResTime" : 21608.98,
    "throughput" : 4.61829769546945,
    "receivedKBytesPerSec" : 51046.36013196786,
    "sentKBytesPerSec" : 0.865930817900522
  },
  "Total" : {
    "transaction" : "Total",
    "sampleCount" : 300,
    "errorCount" : 0,
    "errorPct" : 0.0,
    "meanResTime" : 30192.063333333335,
    "medianResTime" : 21532.5,
    "minResTime" : 4055.0,
    "maxResTime" : 62892.0,
    "pct1ResTime" : 57416.900000000016,
    "pct2ResTime" : 59979.1,
    "pct3ResTime" : 62822.42,
    "throughput" : 2.0590112627916075,
    "receivedKBytesPerSec" : 22778.075014016293,
    "sentKBytesPerSec" : 0.3002724758237761
  },
  "Monolithic-based client" : {
    "transaction" : "Monolithic-based client",
    "sampleCount" : 100,
    "errorCount" : 0,
    "errorPct" : 0.0,
    "meanResTime" : 35033.09000000001,
    "medianResTime" : 34452.5,
    "minResTime" : 4055.0,
    "maxResTime" : 62892.0,
    "pct1ResTime" : 59706.0,
    "pct2ResTime" : 62479.54999999999,
    "pct3ResTime" : 62891.64,
    "throughput" : 1.5893955528712431,
    "receivedKBytesPerSec" : 17584.971507601284,
    "sentKBytesPerSec" : 0.1986744441089054
  }
}