{
  "Microservice-based client" : {
    "transaction" : "Microservice-based client",
    "sampleCount" : 100,
    "errorCount" : 0,
    "errorPct" : 0.0,
    "meanResTime" : 33883.2,
    "medianResTime" : 32569.5,
    "minResTime" : 4360.0,
    "maxResTime" : 61205.0,
    "pct1ResTime" : 58968.1,
    "pct2ResTime" : 60549.549999999996,
    "pct3ResTime" : 61204.37,
    "throughput" : 1.6302575806977502,
    "receivedKBytesPerSec" : 18048.875806850137,
    "sentKBytesPerSec" : 0.20378219758721877
  },
  "Microservice-based client with caching" : {
    "transaction" : "Microservice-based client with caching",
    "sampleCount" : 100,
    "errorCount" : 100,
    "errorPct" : 100.0,
    "meanResTime" : 792.1800000000001,
    "medianResTime" : 825.5,
    "minResTime" : 454.0,
    "maxResTime" : 1054.0,
    "pct1ResTime" : 1005.8,
    "pct2ResTime" : 1041.3999999999999,
    "pct3ResTime" : 1053.98,
    "throughput" : 82.98755186721992,
    "receivedKBytesPerSec" : 18.72082468879668,
    "sentKBytesPerSec" : 15.560165975103734
  },
  "Total" : {
    "transaction" : "Total",
    "sampleCount" : 300,
    "errorCount" : 100,
    "errorPct" : 33.333332,
    "meanResTime" : 25212.083333333347,
    "medianResTime" : 20274.0,
    "minResTime" : 454.0,
    "maxResTime" : 69483.0,
    "pct1ResTime" : 59330.00000000001,
    "pct2ResTime" : 64944.35,
    "pct3ResTime" : 69474.54,
    "throughput" : 2.2718151045413584,
    "receivedKBytesPerSec" : 16762.468500751118,
    "sentKBytesPerSec" : 0.3313063694122814
  },
  "Monolithic-based client" : {
    "transaction" : "Monolithic-based client",
    "sampleCount" : 100,
    "errorCount" : 0,
    "errorPct" : 0.0,
    "meanResTime" : 40960.87,
    "medianResTime" : 42169.0,
    "minResTime" : 8103.0,
    "maxResTime" : 69483.0,
    "pct1ResTime" : 66375.3,
    "pct2ResTime" : 69319.75,
    "pct3ResTime" : 69482.94,
    "throughput" : 1.4389110321308833,
    "receivedKBytesPerSec" : 15920.02032237003,
    "sentKBytesPerSec" : 0.17986387901636042
  }
}