{
  "Microservice-based client" : {
    "transaction" : "Microservice-based client",
    "sampleCount" : 50000,
    "errorCount" : 21768,
    "errorPct" : 43.536,
    "meanResTime" : 47.28118000000016,
    "medianResTime" : 47.0,
    "minResTime" : 3.0,
    "maxResTime" : 313.0,
    "pct1ResTime" : 60.0,
    "pct2ResTime" : 83.0,
    "pct3ResTime" : 131.0,
    "throughput" : 988.0641846494348,
    "receivedKBytesPerSec" : 1102.6266760038732,
    "sentKBytesPerSec" : 132.39241833649515
  },
  "Microservice-based client with caching" : {
    "transaction" : "Microservice-based client with caching",
    "sampleCount" : 50000,
    "errorCount" : 21768,
    "errorPct" : 43.536,
    "meanResTime" : 42.83530000000023,
    "medianResTime" : 44.0,
    "minResTime" : 3.0,
    "maxResTime" : 245.0,
    "pct1ResTime" : 65.0,
    "pct2ResTime" : 74.0,
    "pct3ResTime" : 107.0,
    "throughput" : 1082.29793497554,
    "receivedKBytesPerSec" : 1163.0275525996797,
    "sentKBytesPerSec" : 179.63253955798953
  },
  "Total" : {
    "transaction" : "Total",
    "sampleCount" : 150000,
    "errorCount" : 65304,
    "errorPct" : 43.536,
    "meanResTime" : 44.68548666666633,
    "medianResTime" : 44.0,
    "minResTime" : 3.0,
    "maxResTime" : 313.0,
    "pct1ResTime" : 65.0,
    "pct2ResTime" : 74.0,
    "pct3ResTime" : 107.0,
    "throughput" : 1042.4485030439496,
    "receivedKBytesPerSec" : 1157.7601386803992,
    "sentKBytesPerSec" : 150.7925106156006
  },
  "Monolithic-based client" : {
    "transaction" : "Monolithic-based client",
    "sampleCount" : 50000,
    "errorCount" : 21768,
    "errorPct" : 43.536,
    "meanResTime" : 43.93997999999983,
    "medianResTime" : 47.0,
    "minResTime" : 3.0,
    "maxResTime" : 268.0,
    "pct1ResTime" : 59.0,
    "pct2ResTime" : 79.0,
    "pct3ResTime" : 135.0,
    "throughput" : 1061.9093129446746,
    "receivedKBytesPerSec" : 1211.9688794201975,
    "sentKBytesPerSec" : 142.28705399808857
  }
}