{
  "Microservice-based client" : {
    "transaction" : "Microservice-based client",
    "sampleCount" : 10,
    "errorCount" : 0,
    "errorPct" : 0.0,
    "meanResTime" : 6176.6,
    "medianResTime" : 6268.0,
    "minResTime" : 5680.0,
    "maxResTime" : 6366.0,
    "pct1ResTime" : 6365.6,
    "pct2ResTime" : 6366.0,
    "pct3ResTime" : 6366.0,
    "throughput" : 1.5634771732332708,
    "receivedKBytesPerSec" : 17305.577491058866,
    "sentKBytesPerSec" : 0.19543464665415886
  },
  "Microservice-based client with caching" : {
    "transaction" : "Microservice-based client with caching",
    "sampleCount" : 10,
    "errorCount" : 0,
    "errorPct" : 0.0,
    "meanResTime" : 1934.3,
    "medianResTime" : 2026.0,
    "minResTime" : 1390.0,
    "maxResTime" : 2149.0,
    "pct1ResTime" : 2147.4,
    "pct2ResTime" : 2149.0,
    "pct3ResTime" : 2149.0,
    "throughput" : 4.608294930875576,
    "receivedKBytesPerSec" : 50935.79889112903,
    "sentKBytesPerSec" : 0.8640552995391705
  },
  "Total" : {
    "transaction" : "Total",
    "sampleCount" : 30,
    "errorCount" : 0,
    "errorPct" : 0.0,
    "meanResTime" : 4803.333333333333,
    "medianResTime" : 6132.0,
    "minResTime" : 1390.0,
    "maxResTime" : 6532.0,
    "pct1ResTime" : 6487.8,
    "pct2ResTime" : 6526.5,
    "pct3ResTime" : 6532.0,
    "throughput" : 1.9855715136673506,
    "receivedKBytesPerSec" : 21964.16192077156,
    "sentKBytesPerSec" : 0.28956251240982195
  },
  "Monolithic-based client" : {
    "transaction" : "Monolithic-based client",
    "sampleCount" : 10,
    "errorCount" : 0,
    "errorPct" : 0.0,
    "meanResTime" : 6299.099999999999,
    "medianResTime" : 6446.0,
    "minResTime" : 5426.0,
    "maxResTime" : 6532.0,
    "pct1ResTime" : 6531.0,
    "pct2ResTime" : 6532.0,
    "pct3ResTime" : 6532.0,
    "throughput" : 1.5304560759106214,
    "receivedKBytesPerSec" : 16932.86887578436,
    "sentKBytesPerSec" : 0.19130700948882767
  }
}