{
  "Microservice-based client" : {
    "transaction" : "Microservice-based client",
    "sampleCount" : 50000,
    "errorCount" : 20594,
    "errorPct" : 41.188,
    "meanResTime" : 979.4056199999865,
    "medianResTime" : 28.0,
    "minResTime" : 3.0,
    "maxResTime" : 15750.0,
    "pct1ResTime" : 1184.0,
    "pct2ResTime" : 1524.0,
    "pct3ResTime" : 2553.9600000000064,
    "throughput" : 1599.9488016383477,
    "receivedKBytesPerSec" : 1700.4548979432657,
    "sentKBytesPerSec" : 223.29466707065373
  },
  "Microservice-based client with caching" : {
    "transaction" : "Microservice-based client with caching",
    "sampleCount" : 50000,
    "errorCount" : 33109,
    "errorPct" : 66.218,
    "meanResTime" : 365.05766000000045,
    "medianResTime" : 1099.0,
    "minResTime" : 3.0,
    "maxResTime" : 2532.0,
    "pct1ResTime" : 1376.0,
    "pct2ResTime" : 1419.0,
    "pct3ResTime" : 2191.0,
    "throughput" : 1184.0484986265037,
    "receivedKBytesPerSec" : 1899.7208975679644,
    "sentKBytesPerSec" : 117.57673281797622
  },
  "Total" : {
    "transaction" : "Total",
    "sampleCount" : 150000,
    "errorCount" : 75471,
    "errorPct" : 50.314,
    "meanResTime" : 463.78007999999534,
    "medianResTime" : 1099.0,
    "minResTime" : 3.0,
    "maxResTime" : 15750.0,
    "pct1ResTime" : 1376.0,
    "pct2ResTime" : 1419.0,
    "pct3ResTime" : 2191.0,
    "throughput" : 1387.4115525135273,
    "receivedKBytesPerSec" : 1761.3456482969525,
    "sentKBytesPerSec" : 172.4348874028812
  },
  "Monolithic-based client" : {
    "transaction" : "Monolithic-based client",
    "sampleCount" : 50000,
    "errorCount" : 21768,
    "errorPct" : 43.536,
    "meanResTime" : 46.876959999999826,
    "medianResTime" : 4.0,
    "minResTime" : 3.0,
    "maxResTime" : 1220.0,
    "pct1ResTime" : 20.0,
    "pct2ResTime" : 24.0,
    "pct3ResTime" : 32.0,
    "throughput" : 1445.7970679235464,
    "receivedKBytesPerSec" : 1650.1042329323657,
    "sentKBytesPerSec" : 193.72483409478647
  }
}