{
  "Total" : {
    "transaction" : "Total",
    "sampleCount" : 30,
    "errorCount" : 0,
    "errorPct" : 0.0,
    "meanResTime" : 7502.066666666667,
    "medianResTime" : 7466.5,
    "minResTime" : 1113.0,
    "maxResTime" : 13322.0,
    "pct1ResTime" : 13222.9,
    "pct2ResTime" : 13293.95,
    "pct3ResTime" : 13322.0,
    "throughput" : 2.2515761032722907,
    "receivedKBytesPerSec" : 24908.310206793194,
    "sentKBytesPerSec" : 0.32835484839387574
  },
  "HTTP Request" : {
    "transaction" : "HTTP Request",
    "sampleCount" : 30,
    "errorCount" : 0,
    "errorPct" : 0.0,
    "meanResTime" : 7502.066666666667,
    "medianResTime" : 7466.5,
    "minResTime" : 1113.0,
    "maxResTime" : 13322.0,
    "pct1ResTime" : 13222.9,
    "pct2ResTime" : 13293.95,
    "pct3ResTime" : 13322.0,
    "throughput" : 2.2515761032722907,
    "receivedKBytesPerSec" : 24908.310206793194,
    "sentKBytesPerSec" : 0.32835484839387574
  }
}