{
  "Microservice-based client" : {
    "transaction" : "Microservice-based client",
    "sampleCount" : 10,
    "errorCount" : 0,
    "errorPct" : 0.0,
    "meanResTime" : 2555.4,
    "medianResTime" : 2962.0,
    "minResTime" : 1443.0,
    "maxResTime" : 3241.0,
    "pct1ResTime" : 3236.0,
    "pct2ResTime" : 3241.0,
    "pct3ResTime" : 3241.0,
    "throughput" : 3.076923076923077,
    "receivedKBytesPerSec" : 34066.824519230766,
    "sentKBytesPerSec" : 0.3816105769230769
  },
  "Microservice-based client with caching" : {
    "transaction" : "Microservice-based client with caching",
    "sampleCount" : 10,
    "errorCount" : 0,
    "errorPct" : 0.0,
    "meanResTime" : 1101.3999999999999,
    "medianResTime" : 1125.5,
    "minResTime" : 367.0,
    "maxResTime" : 1741.0,
    "pct1ResTime" : 1739.8,
    "pct2ResTime" : 1741.0,
    "pct3ResTime" : 1741.0,
    "throughput" : 5.743825387708214,
    "receivedKBytesPerSec" : 63488.9027498564,
    "sentKBytesPerSec" : 1.0713580557151061
  },
  "Total" : {
    "transaction" : "Total",
    "sampleCount" : 30,
    "errorCount" : 0,
    "errorPct" : 0.0,
    "meanResTime" : 2181.866666666667,
    "medianResTime" : 1932.5,
    "minResTime" : 367.0,
    "maxResTime" : 3479.0,
    "pct1ResTime" : 3417.4000000000005,
    "pct2ResTime" : 3465.8,
    "pct3ResTime" : 3479.0,
    "throughput" : 3.537318712415989,
    "receivedKBytesPerSec" : 39133.8545811962,
    "sentKBytesPerSec" : 0.5124045660889046
  },
  "Monolithic-based client" : {
    "transaction" : "Monolithic-based client",
    "sampleCount" : 10,
    "errorCount" : 0,
    "errorPct" : 0.0,
    "meanResTime" : 2888.8,
    "medianResTime" : 3144.0,
    "minResTime" : 1468.0,
    "maxResTime" : 3479.0,
    "pct1ResTime" : 3476.6,
    "pct2ResTime" : 3479.0,
    "pct3ResTime" : 3479.0,
    "throughput" : 2.874389192296637,
    "receivedKBytesPerSec" : 31803.064480633802,
    "sentKBytesPerSec" : 0.3564916283414774
  }
}