{
  "Microservice-based client" : {
    "transaction" : "Microservice-based client",
    "sampleCount" : 7,
    "errorCount" : 0,
    "errorPct" : 0.0,
    "meanResTime" : 30923.714285714283,
    "medianResTime" : 33023.0,
    "minResTime" : 20952.0,
    "maxResTime" : 39162.0,
    "pct1ResTime" : 39162.0,
    "pct2ResTime" : 39162.0,
    "pct3ResTime" : 39162.0,
    "throughput" : 0.1787447014963485,
    "receivedKBytesPerSec" : 19790.574199399292,
    "sentKBytesPerSec" : 0.022168532314488534
  },
  "Microservice-based client with caching" : {
    "transaction" : "Microservice-based client with caching",
    "sampleCount" : 10,
    "errorCount" : 0,
    "errorPct" : 0.0,
    "meanResTime" : 40712.700000000004,
    "medianResTime" : 43566.5,
    "minResTime" : 25117.0,
    "maxResTime" : 52128.0,
    "pct1ResTime" : 52106.7,
    "pct2ResTime" : 52128.0,
    "pct3ResTime" : 52128.0,
    "throughput" : 0.19178765271091847,
    "receivedKBytesPerSec" : 21198.150095714027,
    "sentKBytesPerSec" : 0.03577289225369671
  },
  "Total" : {
    "transaction" : "Total",
    "sampleCount" : 27,
    "errorCount" : 0,
    "errorPct" : 0.0,
    "meanResTime" : 34326.07407407407,
    "medianResTime" : 33428.0,
    "minResTime" : 20952.0,
    "maxResTime" : 52128.0,
    "pct1ResTime" : 50486.2,
    "pct2ResTime" : 52042.8,
    "pct3ResTime" : 52128.0,
    "throughput" : 0.21224079110789693,
    "receivedKBytesPerSec" : 23477.79128267624,
    "sentKBytesPerSec" : 0.031235813766566572
  },
  "Monolithic-based client" : {
    "transaction" : "Monolithic-based client",
    "sampleCount" : 10,
    "errorCount" : 0,
    "errorPct" : 0.0,
    "meanResTime" : 30321.1,
    "medianResTime" : 32714.5,
    "minResTime" : 21607.0,
    "maxResTime" : 35897.0,
    "pct1ResTime" : 35886.3,
    "pct2ResTime" : 35897.0,
    "pct3ResTime" : 35897.0,
    "throughput" : 0.2785437731539511,
    "receivedKBytesPerSec" : 30817.317882423187,
    "sentKBytesPerSec" : 0.03454595624077324
  }
}