{
  "Microservice-based client" : {
    "transaction" : "Microservice-based client",
    "sampleCount" : 1000,
    "errorCount" : 1000,
    "errorPct" : 100.0,
    "meanResTime" : 189.61100000000013,
    "medianResTime" : 188.0,
    "minResTime" : 42.0,
    "maxResTime" : 311.0,
    "pct1ResTime" : 234.0,
    "pct2ResTime" : 247.94999999999993,
    "pct3ResTime" : 265.99,
    "throughput" : 909.9181073703367,
    "receivedKBytesPerSec" : 230.1453025477707,
    "sentKBytesPerSec" : 553.5927547770701
  },
  "Microservice-based client with caching" : {
    "transaction" : "Microservice-based client with caching",
    "sampleCount" : 1000,
    "errorCount" : 0,
    "errorPct" : 0.0,
    "meanResTime" : 63.67299999999999,
    "medianResTime" : 59.0,
    "minResTime" : 12.0,
    "maxResTime" : 142.0,
    "pct1ResTime" : 105.0,
    "pct2ResTime" : 118.0,
    "pct3ResTime" : 132.0,
    "throughput" : 1170.9601873536299,
    "receivedKBytesPerSec" : 67.46743266978923,
    "sentKBytesPerSec" : 344.1982581967213
  },
  "Total" : {
    "transaction" : "Total",
    "sampleCount" : 3000,
    "errorCount" : 2000,
    "errorPct" : 66.666664,
    "meanResTime" : 174.21699999999987,
    "medianResTime" : 173.0,
    "minResTime" : 12.0,
    "maxResTime" : 1101.0,
    "pct1ResTime" : 297.0,
    "pct2ResTime" : 388.9499999999998,
    "pct3ResTime" : 548.0,
    "throughput" : 917.1507184347294,
    "receivedKBytesPerSec" : 171.66720804035464,
    "sentKBytesPerSec" : 461.85942754509324
  },
  "Monolithic-based client" : {
    "transaction" : "Monolithic-based client",
    "sampleCount" : 1000,
    "errorCount" : 1000,
    "errorPct" : 100.0,
    "meanResTime" : 269.3669999999995,
    "medianResTime" : 233.0,
    "minResTime" : 91.0,
    "maxResTime" : 1101.0,
    "pct1ResTime" : 463.0,
    "pct2ResTime" : 522.7499999999997,
    "pct3ResTime" : 601.99,
    "throughput" : 761.03500761035,
    "receivedKBytesPerSec" : 191.001950152207,
    "sentKBytesPerSec" : 463.0125095129376
  }
}