{
  "Microservice-based client" : {
    "transaction" : "Microservice-based client",
    "sampleCount" : 1000,
    "errorCount" : 0,
    "errorPct" : 0.0,
    "meanResTime" : 674.1510000000001,
    "medianResTime" : 673.5,
    "minResTime" : 219.0,
    "maxResTime" : 1337.0,
    "pct1ResTime" : 1015.6999999999999,
    "pct2ResTime" : 1201.9499999999998,
    "pct3ResTime" : 1247.91,
    "throughput" : 484.7309743092584,
    "receivedKBytesPerSec" : 63.90496243334949,
    "sentKBytesPerSec" : 294.9095673776054
  },
  "Microservice-based client with caching" : {
    "transaction" : "Microservice-based client with caching",
    "sampleCount" : 1000,
    "errorCount" : 0,
    "errorPct" : 0.0,
    "meanResTime" : 85.228,
    "medianResTime" : 88.0,
    "minResTime" : 4.0,
    "maxResTime" : 170.0,
    "pct1ResTime" : 139.0,
    "pct2ResTime" : 148.0,
    "pct3ResTime" : 160.99,
    "throughput" : 1157.4074074074074,
    "receivedKBytesPerSec" : 66.68655960648148,
    "sentKBytesPerSec" : 340.21448206018516
  },
  "Total" : {
    "transaction" : "Total",
    "sampleCount" : 3000,
    "errorCount" : 0,
    "errorPct" : 0.0,
    "meanResTime" : 404.0883333333327,
    "medianResTime" : 311.0,
    "minResTime" : 4.0,
    "maxResTime" : 1449.0,
    "pct1ResTime" : 851.0,
    "pct2ResTime" : 1036.199999999997,
    "pct3ResTime" : 1238.0,
    "throughput" : 574.8227629814141,
    "receivedKBytesPerSec" : 70.16879430925464,
    "sentKBytesPerSec" : 289.4696661237785
  },
  "Monolithic-based client" : {
    "transaction" : "Monolithic-based client",
    "sampleCount" : 1000,
    "errorCount" : 0,
    "errorPct" : 0.0,
    "meanResTime" : 452.8860000000003,
    "medianResTime" : 345.0,
    "minResTime" : 214.0,
    "maxResTime" : 1449.0,
    "pct1ResTime" : 758.9,
    "pct2ResTime" : 1041.9499999999998,
    "pct3ResTime" : 1253.98,
    "throughput" : 437.25404459991256,
    "receivedKBytesPerSec" : 77.28806843025798,
    "sentKBytesPerSec" : 266.0246775251421
  }
}