{
  "Total" : {
    "transaction" : "Total",
    "sampleCount" : 100,
    "errorCount" : 0,
    "errorPct" : 0.0,
    "meanResTime" : 34536.28,
    "medianResTime" : 33677.0,
    "minResTime" : 5690.0,
    "maxResTime" : 62706.0,
    "pct1ResTime" : 59694.4,
    "pct2ResTime" : 61589.5,
    "pct3ResTime" : 62705.7,
    "throughput" : 1.5930415943160274,
    "receivedKBytesPerSec" : 17625.3110787082,
    "sentKBytesPerSec" : 0.19913019928950343
  },
  "HTTP Request" : {
    "transaction" : "HTTP Request",
    "sampleCount" : 100,
    "errorCount" : 0,
    "errorPct" : 0.0,
    "meanResTime" : 34536.28,
    "medianResTime" : 33677.0,
    "minResTime" : 5690.0,
    "maxResTime" : 62706.0,
    "pct1ResTime" : 59694.4,
    "pct2ResTime" : 61589.5,
    "pct3ResTime" : 62705.7,
    "throughput" : 1.5930415943160274,
    "receivedKBytesPerSec" : 17625.3110787082,
    "sentKBytesPerSec" : 0.19913019928950343
  }
}