{
  "Microservice-based client" : {
    "transaction" : "Microservice-based client",
    "sampleCount" : 50000,
    "errorCount" : 0,
    "errorPct" : 0.0,
    "meanResTime" : 1512.1686400000194,
    "medianResTime" : 1175.0,
    "minResTime" : 3.0,
    "maxResTime" : 10381.0,
    "pct1ResTime" : 2501.0,
    "pct2ResTime" : 3083.0,
    "pct3ResTime" : 3855.9900000000016,
    "throughput" : 2124.0441801189463,
    "receivedKBytesPerSec" : 277.9510938827528,
    "sentKBytesPerSec" : 504.04564039932035
  },
  "Total" : {
    "transaction" : "Total",
    "sampleCount" : 50000,
    "errorCount" : 0,
    "errorPct" : 0.0,
    "meanResTime" : 1512.1686400000194,
    "medianResTime" : 1175.0,
    "minResTime" : 3.0,
    "maxResTime" : 10381.0,
    "pct1ResTime" : 2501.0,
    "pct2ResTime" : 3083.0,
    "pct3ResTime" : 3855.9900000000016,
    "throughput" : 2124.0441801189463,
    "receivedKBytesPerSec" : 277.9510938827528,
    "sentKBytesPerSec" : 504.04564039932035
  }
}