{
  "Microservice-based client" : {
    "transaction" : "Microservice-based client",
    "sampleCount" : 1000,
    "errorCount" : 0,
    "errorPct" : 0.0,
    "meanResTime" : 4024.152000000001,
    "medianResTime" : 4112.5,
    "minResTime" : 56.0,
    "maxResTime" : 9160.0,
    "pct1ResTime" : 4626.6,
    "pct2ResTime" : 4774.95,
    "pct3ResTime" : 6404.790000000001,
    "throughput" : 108.43634786380395,
    "receivedKBytesPerSec" : 12026.134006994145,
    "sentKBytesPerSec" : 13.448648612014749
  },
  "Microservice-based client with caching" : {
    "transaction" : "Microservice-based client with caching",
    "sampleCount" : 1000,
    "errorCount" : 0,
    "errorPct" : 0.0,
    "meanResTime" : 174.89499999999995,
    "medianResTime" : 168.5,
    "minResTime" : 2.0,
    "maxResTime" : 1035.0,
    "pct1ResTime" : 302.0,
    "pct2ResTime" : 320.94999999999993,
    "pct3ResTime" : 376.93000000000006,
    "throughput" : 650.6180871828236,
    "receivedKBytesPerSec" : 7250.833604424203,
    "sentKBytesPerSec" : 121.35552212101497
  },
  "Total" : {
    "transaction" : "Total",
    "sampleCount" : 3000,
    "errorCount" : 0,
    "errorPct" : 0.0,
    "meanResTime" : 2509.8893333333262,
    "medianResTime" : 3389.0,
    "minResTime" : 2.0,
    "maxResTime" : 9160.0,
    "pct1ResTime" : 4393.0,
    "pct2ResTime" : 4583.649999999999,
    "pct3ResTime" : 5385.779999999995,
    "throughput" : 163.0966619549853,
    "receivedKBytesPerSec" : 12657.231553087964,
    "sentKBytesPerSec" : 23.625655784494946
  },
  "Monolithic-based client" : {
    "transaction" : "Monolithic-based client",
    "sampleCount" : 1000,
    "errorCount" : 0,
    "errorPct" : 0.0,
    "meanResTime" : 3330.621,
    "medianResTime" : 3507.0,
    "minResTime" : 105.0,
    "maxResTime" : 7069.0,
    "pct1ResTime" : 4151.3,
    "pct2ResTime" : 4323.849999999999,
    "pct3ResTime" : 5317.610000000001,
    "throughput" : 131.07877834578582,
    "receivedKBytesPerSec" : 14519.278820946389,
    "sentKBytesPerSec" : 16.25684067374492
  }
}