{
  "Microservice-based client" : {
    "transaction" : "Microservice-based client",
    "sampleCount" : 1000,
    "errorCount" : 0,
    "errorPct" : 0.0,
    "meanResTime" : 4470.201000000001,
    "medianResTime" : 4699.0,
    "minResTime" : 49.0,
    "maxResTime" : 8263.0,
    "pct1ResTime" : 5269.7,
    "pct2ResTime" : 5729.849999999999,
    "pct3ResTime" : 6835.780000000001,
    "throughput" : 114.91611123879568,
    "receivedKBytesPerSec" : 12638.780394413641,
    "sentKBytesPerSec" : 14.252291139967824
  },
  "Microservice-based client with caching" : {
    "transaction" : "Microservice-based client with caching",
    "sampleCount" : 1000,
    "errorCount" : 0,
    "errorPct" : 0.0,
    "meanResTime" : 110.3470000000001,
    "medianResTime" : 113.0,
    "minResTime" : 10.0,
    "maxResTime" : 389.0,
    "pct1ResTime" : 159.0,
    "pct2ResTime" : 172.94999999999993,
    "pct3ResTime" : 194.97000000000003,
    "throughput" : 955.1098376313277,
    "receivedKBytesPerSec" : 10644.251432664758,
    "sentKBytesPerSec" : 178.15037010506208
  },
  "Total" : {
    "transaction" : "Total",
    "sampleCount" : 3000,
    "errorCount" : 0,
    "errorPct" : 0.0,
    "meanResTime" : 2503.0640000000044,
    "medianResTime" : 2960.5,
    "minResTime" : 10.0,
    "maxResTime" : 8263.0,
    "pct1ResTime" : 4921.0,
    "pct2ResTime" : 5134.95,
    "pct3ResTime" : 6226.619999999992,
    "throughput" : 180.33181053137773,
    "receivedKBytesPerSec" : 13882.27684642868,
    "sentKBytesPerSec" : 26.122283752103872
  },
  "Monolithic-based client" : {
    "transaction" : "Monolithic-based client",
    "sampleCount" : 1000,
    "errorCount" : 0,
    "errorPct" : 0.0,
    "meanResTime" : 2928.6440000000025,
    "medianResTime" : 3072.0,
    "minResTime" : 69.0,
    "maxResTime" : 6872.0,
    "pct1ResTime" : 3667.8,
    "pct2ResTime" : 3861.249999999999,
    "pct3ResTime" : 4531.4400000000005,
    "throughput" : 145.36996656490768,
    "receivedKBytesPerSec" : 15964.291230556768,
    "sentKBytesPerSec" : 18.02928296263992
  }
}