{
  "Microservice-based client" : {
    "transaction" : "Microservice-based client",
    "sampleCount" : 1000,
    "errorCount" : 0,
    "errorPct" : 0.0,
    "meanResTime" : 3846.216,
    "medianResTime" : 3881.5,
    "minResTime" : 63.0,
    "maxResTime" : 14289.0,
    "pct1ResTime" : 4462.7,
    "pct2ResTime" : 4722.65,
    "pct3ResTime" : 8392.040000000003,
    "throughput" : 66.37902422834384,
    "receivedKBytesPerSec" : 7361.096835587455,
    "sentKBytesPerSec" : 8.232554762694988
  },
  "Microservice-based client with caching" : {
    "transaction" : "Microservice-based client with caching",
    "sampleCount" : 1000,
    "errorCount" : 0,
    "errorPct" : 0.0,
    "meanResTime" : 128.11800000000002,
    "medianResTime" : 111.0,
    "minResTime" : 3.0,
    "maxResTime" : 1034.0,
    "pct1ResTime" : 223.0,
    "pct2ResTime" : 251.79999999999973,
    "pct3ResTime" : 288.98,
    "throughput" : 525.2100840336135,
    "receivedKBytesPerSec" : 5853.220194327731,
    "sentKBytesPerSec" : 97.96399028361346
  },
  "Total" : {
    "transaction" : "Total",
    "sampleCount" : 3000,
    "errorCount" : 0,
    "errorPct" : 0.0,
    "meanResTime" : 2307.2933333333335,
    "medianResTime" : 3011.5,
    "minResTime" : 3.0,
    "maxResTime" : 14289.0,
    "pct1ResTime" : 4128.9,
    "pct2ResTime" : 4344.799999999999,
    "pct3ResTime" : 5300.349999999986,
    "throughput" : 128.84384126438755,
    "receivedKBytesPerSec" : 9999.464912198291,
    "sentKBytesPerSec" : 18.663902787321767
  },
  "Monolithic-based client" : {
    "transaction" : "Monolithic-based client",
    "sampleCount" : 1000,
    "errorCount" : 0,
    "errorPct" : 0.0,
    "meanResTime" : 2947.5459999999985,
    "medianResTime" : 3139.0,
    "minResTime" : 70.0,
    "maxResTime" : 6257.0,
    "pct1ResTime" : 3828.9,
    "pct2ResTime" : 3952.95,
    "pct3ResTime" : 4446.7300000000005,
    "throughput" : 158.52885225110973,
    "receivedKBytesPerSec" : 17563.10810676918,
    "sentKBytesPerSec" : 19.66129319911224
  }
}