{
  "Microservice-based client" : {
    "transaction" : "Microservice-based client",
    "sampleCount" : 1000,
    "errorCount" : 0,
    "errorPct" : 0.0,
    "meanResTime" : 3275.676999999998,
    "medianResTime" : 3326.5,
    "minResTime" : 39.0,
    "maxResTime" : 6649.0,
    "pct1ResTime" : 3865.3999999999996,
    "pct2ResTime" : 4046.85,
    "pct3ResTime" : 4893.83,
    "throughput" : 141.86409419775856,
    "receivedKBytesPerSec" : 15743.503206350191,
    "sentKBytesPerSec" : 17.59447262022982
  },
  "Microservice-based client with caching" : {
    "transaction" : "Microservice-based client with caching",
    "sampleCount" : 1000,
    "errorCount" : 0,
    "errorPct" : 0.0,
    "meanResTime" : 1269.1209999999978,
    "medianResTime" : 1282.5,
    "minResTime" : 19.0,
    "maxResTime" : 2335.0,
    "pct1ResTime" : 2113.9,
    "pct2ResTime" : 2257.7999999999997,
    "pct3ResTime" : 2310.96,
    "throughput" : 312.5976867771179,
    "receivedKBytesPerSec" : 34592.10886214442,
    "sentKBytesPerSec" : 58.30679509221632
  },
  "Total" : {
    "transaction" : "Total",
    "sampleCount" : 3000,
    "errorCount" : 0,
    "errorPct" : 0.0,
    "meanResTime" : 1601.1979999999992,
    "medianResTime" : 1237.5,
    "minResTime" : 19.0,
    "maxResTime" : 6649.0,
    "pct1ResTime" : 3547.9,
    "pct2ResTime" : 3760.95,
    "pct3ResTime" : 4291.959999999999,
    "throughput" : 234.192037470726,
    "receivedKBytesPerSec" : 25954.559502463893,
    "sentKBytesPerSec" : 33.924302302888364
  },
  "Monolithic-based client" : {
    "transaction" : "Monolithic-based client",
    "sampleCount" : 1000,
    "errorCount" : 0,
    "errorPct" : 0.0,
    "meanResTime" : 258.7959999999999,
    "medianResTime" : 255.0,
    "minResTime" : 31.0,
    "maxResTime" : 1265.0,
    "pct1ResTime" : 302.0,
    "pct2ResTime" : 336.0,
    "pct3ResTime" : 1017.99,
    "throughput" : 391.23630672926447,
    "receivedKBytesPerSec" : 43365.33524061033,
    "sentKBytesPerSec" : 48.52247163536776
  }
}