{
  "Total" : {
    "transaction" : "Total",
    "sampleCount" : 10,
    "errorCount" : 0,
    "errorPct" : 0.0,
    "meanResTime" : 7833.7,
    "medianResTime" : 7883.0,
    "minResTime" : 7151.0,
    "maxResTime" : 8051.0,
    "pct1ResTime" : 8044.9,
    "pct2ResTime" : 8051.0,
    "pct3ResTime" : 8051.0,
    "throughput" : 1.2420817289777668,
    "receivedKBytesPerSec" : 13742.313406331512,
    "sentKBytesPerSec" : 0.15526021612222085
  },
  "HTTP Request" : {
    "transaction" : "HTTP Request",
    "sampleCount" : 10,
    "errorCount" : 0,
    "errorPct" : 0.0,
    "meanResTime" : 7833.7,
    "medianResTime" : 7883.0,
    "minResTime" : 7151.0,
    "maxResTime" : 8051.0,
    "pct1ResTime" : 8044.9,
    "pct2ResTime" : 8051.0,
    "pct3ResTime" : 8051.0,
    "throughput" : 1.2420817289777668,
    "receivedKBytesPerSec" : 13742.313406331512,
    "sentKBytesPerSec" : 0.15526021612222085
  }
}