{
  "Microservice-based client" : {
    "transaction" : "Microservice-based client",
    "sampleCount" : 10000,
    "errorCount" : 1,
    "errorPct" : 0.01,
    "meanResTime" : 12044.88370000004,
    "medianResTime" : 11996.0,
    "minResTime" : 12.0,
    "maxResTime" : 78283.0,
    "pct1ResTime" : 16360.599999999999,
    "pct2ResTime" : 18106.699999999993,
    "pct3ResTime" : 22004.989999999998,
    "throughput" : 78.39263736349882,
    "receivedKBytesPerSec" : 20252.6719793602,
    "sentKBytesPerSec" : 9.72155210807601
  },
  "Microservice-based client with caching" : {
    "transaction" : "Microservice-based client with caching",
    "sampleCount" : 10000,
    "errorCount" : 0,
    "errorPct" : 0.0,
    "meanResTime" : 4929.044699999993,
    "medianResTime" : 5092.0,
    "minResTime" : 118.0,
    "maxResTime" : 9658.0,
    "pct1ResTime" : 5360.0,
    "pct2ResTime" : 5471.949999999999,
    "pct3ResTime" : 5855.98,
    "throughput" : 189.6129998672709,
    "receivedKBytesPerSec" : 48882.569280590506,
    "sentKBytesPerSec" : 35.36726852993041
  },
  "Total" : {
    "transaction" : "Total",
    "sampleCount" : 21000,
    "errorCount" : 1,
    "errorPct" : 0.004761905,
    "meanResTime" : 8442.923380952396,
    "medianResTime" : 5449.0,
    "minResTime" : 12.0,
    "maxResTime" : 78283.0,
    "pct1ResTime" : 14554.700000000004,
    "pct2ResTime" : 16360.800000000003,
    "pct3ResTime" : 20364.0,
    "throughput" : 106.58654065768971,
    "receivedKBytesPerSec" : 27507.647837078348,
    "sentKBytesPerSec" : 16.39081814845221
  },
  "Monolithic-based client" : {
    "transaction" : "Monolithic-based client",
    "sampleCount" : 1000,
    "errorCount" : 0,
    "errorPct" : 0.0,
    "meanResTime" : 7562.107000000001,
    "medianResTime" : 8039.5,
    "minResTime" : 133.0,
    "maxResTime" : 16567.0,
    "pct1ResTime" : 8816.0,
    "pct2ResTime" : 8979.8,
    "pct3ResTime" : 9290.98,
    "throughput" : 59.819345576359396,
    "receivedKBytesPerSec" : 15441.160663546092,
    "sentKBytesPerSec" : 7.419000867380511
  }
}