{
  "Microservice-based client" : {
    "transaction" : "Microservice-based client",
    "sampleCount" : 1000,
    "errorCount" : 0,
    "errorPct" : 0.0,
    "meanResTime" : 8328.431999999997,
    "medianResTime" : 10163.0,
    "minResTime" : 168.0,
    "maxResTime" : 13203.0,
    "pct1ResTime" : 10789.8,
    "pct2ResTime" : 10948.95,
    "pct3ResTime" : 11501.550000000001,
    "throughput" : 72.11365111415591,
    "receivedKBytesPerSec" : 18643.665181951754,
    "sentKBytesPerSec" : 8.94378290185332
  },
  "Microservice-based client with caching" : {
    "transaction" : "Microservice-based client with caching",
    "sampleCount" : 1000,
    "errorCount" : 0,
    "errorPct" : 0.0,
    "meanResTime" : 2335.261000000001,
    "medianResTime" : 2345.5,
    "minResTime" : 18.0,
    "maxResTime" : 4440.0,
    "pct1ResTime" : 4112.3,
    "pct2ResTime" : 4287.7,
    "pct3ResTime" : 4406.98,
    "throughput" : 188.07598269700958,
    "receivedKBytesPerSec" : 48486.13527365055,
    "sentKBytesPerSec" : 35.08057880383675
  },
  "Total" : {
    "transaction" : "Total",
    "sampleCount" : 3000,
    "errorCount" : 0,
    "errorPct" : 0.0,
    "meanResTime" : 6270.852666666667,
    "medianResTime" : 8303.0,
    "minResTime" : 18.0,
    "maxResTime" : 13203.0,
    "pct1ResTime" : 10468.0,
    "pct2ResTime" : 10693.9,
    "pct3ResTime" : 11051.869999999997,
    "throughput" : 91.31030284583777,
    "receivedKBytesPerSec" : 23572.131156311825,
    "sentKBytesPerSec" : 13.226915614061788
  },
  "Monolithic-based client" : {
    "transaction" : "Monolithic-based client",
    "sampleCount" : 1000,
    "errorCount" : 0,
    "errorPct" : 0.0,
    "meanResTime" : 8148.865000000003,
    "medianResTime" : 8968.5,
    "minResTime" : 116.0,
    "maxResTime" : 12984.0,
    "pct1ResTime" : 9604.0,
    "pct2ResTime" : 9757.95,
    "pct3ResTime" : 10031.73,
    "throughput" : 73.22788517867603,
    "receivedKBytesPerSec" : 18902.30541977885,
    "sentKBytesPerSec" : 9.081974040714703
  }
}