{
  "Microservice-based client" : {
    "transaction" : "Microservice-based client",
    "sampleCount" : 1000,
    "errorCount" : 0,
    "errorPct" : 0.0,
    "meanResTime" : 60.08000000000002,
    "medianResTime" : 58.0,
    "minResTime" : 24.0,
    "maxResTime" : 296.0,
    "pct1ResTime" : 75.0,
    "pct2ResTime" : 81.0,
    "pct3ResTime" : 96.0,
    "throughput" : 803.2128514056225,
    "receivedKBytesPerSec" : 20826.937437248995,
    "sentKBytesPerSec" : 99.617218875502
  },
  "Microservice-based client with caching" : {
    "transaction" : "Microservice-based client with caching",
    "sampleCount" : 1000,
    "errorCount" : 0,
    "errorPct" : 0.0,
    "meanResTime" : 2395.4369999999967,
    "medianResTime" : 2422.0,
    "minResTime" : 19.0,
    "maxResTime" : 4734.0,
    "pct1ResTime" : 4281.4,
    "pct2ResTime" : 4473.75,
    "pct3ResTime" : 4680.99,
    "throughput" : 180.08283810552857,
    "receivedKBytesPerSec" : 46425.49635332253,
    "sentKBytesPerSec" : 33.58966999819917
  },
  "Total" : {
    "transaction" : "Total",
    "sampleCount" : 3000,
    "errorCount" : 0,
    "errorPct" : 0.0,
    "meanResTime" : 862.5953333333343,
    "medianResTime" : 78.5,
    "minResTime" : 17.0,
    "maxResTime" : 4734.0,
    "pct1ResTime" : 3305.9,
    "pct2ResTime" : 4011.5999999999985,
    "pct3ResTime" : 4554.99,
    "throughput" : 359.0664272890485,
    "receivedKBytesPerSec" : 37067.16201937463,
    "sentKBytesPerSec" : 52.01320317175344
  },
  "Monolithic-based client" : {
    "transaction" : "Monolithic-based client",
    "sampleCount" : 1000,
    "errorCount" : 0,
    "errorPct" : 0.0,
    "meanResTime" : 132.26899999999986,
    "medianResTime" : 62.0,
    "minResTime" : 17.0,
    "maxResTime" : 1136.0,
    "pct1ResTime" : 296.9,
    "pct2ResTime" : 333.94999999999993,
    "pct3ResTime" : 486.5900000000004,
    "throughput" : 646.4124111182936,
    "receivedKBytesPerSec" : 16784.628514867487,
    "sentKBytesPerSec" : 80.17028926955398
  }
}