{
  "Total" : {
    "transaction" : "Total",
    "sampleCount" : 15000,
    "errorCount" : 0,
    "errorPct" : 0.0,
    "meanResTime" : 556.597599999999,
    "medianResTime" : 413.0,
    "minResTime" : 4.0,
    "maxResTime" : 5067.0,
    "pct1ResTime" : 1372.8999999999996,
    "pct2ResTime" : 1759.0,
    "pct3ResTime" : 2319.9799999999996,
    "throughput" : 936.6804046459348,
    "receivedKBytesPerSec" : 164.65085237916824,
    "sentKBytesPerSec" : 8111.798660547021
  },
  "Monolithic-based client - 4K" : {
    "transaction" : "Monolithic-based client - 4K",
    "sampleCount" : 4000,
    "errorCount" : 0,
    "errorPct" : 0.0,
    "meanResTime" : 562.0855000000001,
    "medianResTime" : 456.0,
    "minResTime" : 18.0,
    "maxResTime" : 3051.0,
    "pct1ResTime" : 1265.9,
    "pct2ResTime" : 1562.8999999999996,
    "pct3ResTime" : 2062.9699999999993,
    "throughput" : 935.2349777881693,
    "receivedKBytesPerSec" : 164.39677343932664,
    "sentKBytesPerSec" : 8099.281038110825
  },
  "Monolithic-based client - 5K" : {
    "transaction" : "Monolithic-based client - 5K",
    "sampleCount" : 5000,
    "errorCount" : 0,
    "errorPct" : 0.0,
    "meanResTime" : 1039.0128000000013,
    "medianResTime" : 894.0,
    "minResTime" : 6.0,
    "maxResTime" : 5067.0,
    "pct1ResTime" : 1867.0,
    "pct2ResTime" : 2074.95,
    "pct3ResTime" : 3038.859999999997,
    "throughput" : 932.8358208955224,
    "receivedKBytesPerSec" : 163.97504664179104,
    "sentKBytesPerSec" : 8078.503964552238
  },
  "Monolithic-based client - 1K" : {
    "transaction" : "Monolithic-based client - 1K",
    "sampleCount" : 1000,
    "errorCount" : 0,
    "errorPct" : 0.0,
    "meanResTime" : 99.54900000000002,
    "medianResTime" : 54.0,
    "minResTime" : 5.0,
    "maxResTime" : 386.0,
    "pct1ResTime" : 268.0,
    "pct2ResTime" : 289.94999999999993,
    "pct3ResTime" : 324.0,
    "throughput" : 728.8629737609328,
    "receivedKBytesPerSec" : 128.120444606414,
    "sentKBytesPerSec" : 6312.067237609329
  },
  "Monolithic-based client - 2K" : {
    "transaction" : "Monolithic-based client - 2K",
    "sampleCount" : 2000,
    "errorCount" : 0,
    "errorPct" : 0.0,
    "meanResTime" : 52.37250000000002,
    "medianResTime" : 52.0,
    "minResTime" : 4.0,
    "maxResTime" : 257.0,
    "pct1ResTime" : 64.0,
    "pct2ResTime" : 68.0,
    "pct3ResTime" : 81.0,
    "throughput" : 998.502246630055,
    "receivedKBytesPerSec" : 175.51797304043933,
    "sentKBytesPerSec" : 8647.18547179231
  },
  "Monolithic-based client - 3K" : {
    "transaction" : "Monolithic-based client - 3K",
    "sampleCount" : 3000,
    "errorCount" : 0,
    "errorPct" : 0.0,
    "meanResTime" : 233.75466666666668,
    "medianResTime" : 72.0,
    "minResTime" : 19.0,
    "maxResTime" : 2099.0,
    "pct1ResTime" : 618.9000000000001,
    "pct2ResTime" : 1041.9499999999998,
    "pct3ResTime" : 1067.0,
    "throughput" : 1001.3351134846462,
    "receivedKBytesPerSec" : 176.01593791722297,
    "sentKBytesPerSec" : 8671.718541388518
  }
}