{
  "Total" : {
    "transaction" : "Total",
    "sampleCount" : 15000,
    "errorCount" : 0,
    "errorPct" : 0.0,
    "meanResTime" : 56.16420000000025,
    "medianResTime" : 44.0,
    "minResTime" : 3.0,
    "maxResTime" : 716.0,
    "pct1ResTime" : 59.0,
    "pct2ResTime" : 65.94999999999891,
    "pct3ResTime" : 550.9899999999998,
    "throughput" : 1411.1006585136408,
    "receivedKBytesPerSec" : 248.04503762935087,
    "sentKBytesPerSec" : 657.3193497177798
  },
  "Monolithic-based client - 4K" : {
    "transaction" : "Monolithic-based client - 4K",
    "sampleCount" : 4000,
    "errorCount" : 0,
    "errorPct" : 0.0,
    "meanResTime" : 45.73074999999996,
    "medianResTime" : 45.0,
    "minResTime" : 10.0,
    "maxResTime" : 84.0,
    "pct1ResTime" : 57.0,
    "pct2ResTime" : 60.0,
    "pct3ResTime" : 69.0,
    "throughput" : 1928.6403085824493,
    "receivedKBytesPerSec" : 339.01880424300873,
    "sentKBytesPerSec" : 898.399831243973
  },
  "Monolithic-based client - 5K" : {
    "transaction" : "Monolithic-based client - 5K",
    "sampleCount" : 5000,
    "errorCount" : 0,
    "errorPct" : 0.0,
    "meanResTime" : 46.47219999999993,
    "medianResTime" : 46.0,
    "minResTime" : 11.0,
    "maxResTime" : 86.0,
    "pct1ResTime" : 59.0,
    "pct2ResTime" : 62.0,
    "pct3ResTime" : 69.98999999999978,
    "throughput" : 1586.797841954935,
    "receivedKBytesPerSec" : 278.9293081561409,
    "sentKBytesPerSec" : 739.1626666137735
  },
  "Monolithic-based client - 1K" : {
    "transaction" : "Monolithic-based client - 1K",
    "sampleCount" : 1000,
    "errorCount" : 0,
    "errorPct" : 0.0,
    "meanResTime" : 225.54699999999968,
    "medianResTime" : 97.5,
    "minResTime" : 4.0,
    "maxResTime" : 716.0,
    "pct1ResTime" : 582.8,
    "pct2ResTime" : 623.0,
    "pct3ResTime" : 664.98,
    "throughput" : 726.7441860465116,
    "receivedKBytesPerSec" : 127.74800145348838,
    "sentKBytesPerSec" : 338.5322038517442
  },
  "Monolithic-based client - 2K" : {
    "transaction" : "Monolithic-based client - 2K",
    "sampleCount" : 2000,
    "errorCount" : 0,
    "errorPct" : 0.0,
    "meanResTime" : 37.3145,
    "medianResTime" : 40.0,
    "minResTime" : 4.0,
    "maxResTime" : 73.0,
    "pct1ResTime" : 51.0,
    "pct2ResTime" : 54.0,
    "pct3ResTime" : 61.99000000000001,
    "throughput" : 1072.3860589812332,
    "receivedKBytesPerSec" : 188.5053619302949,
    "sentKBytesPerSec" : 499.5392091152815
  },
  "Monolithic-based client - 3K" : {
    "transaction" : "Monolithic-based client - 3K",
    "sampleCount" : 3000,
    "errorCount" : 0,
    "errorPct" : 0.0,
    "meanResTime" : 42.33433333333349,
    "medianResTime" : 44.0,
    "minResTime" : 3.0,
    "maxResTime" : 77.0,
    "pct1ResTime" : 55.0,
    "pct2ResTime" : 58.0,
    "pct3ResTime" : 64.0,
    "throughput" : 1389.5321908290875,
    "receivedKBytesPerSec" : 244.25370541917556,
    "sentKBytesPerSec" : 647.2723193608152
  }
}