{
  "Total" : {
    "transaction" : "Total",
    "sampleCount" : 15000,
    "errorCount" : 0,
    "errorPct" : 0.0,
    "meanResTime" : 107.97533333333313,
    "medianResTime" : 84.0,
    "minResTime" : 5.0,
    "maxResTime" : 1137.0,
    "pct1ResTime" : 145.0,
    "pct2ResTime" : 218.9499999999989,
    "pct3ResTime" : 397.0,
    "throughput" : 1281.0658467845246,
    "receivedKBytesPerSec" : 225.18735588009224,
    "sentKBytesPerSec" : 1267.3043972585192
  },
  "Monolithic-based client - 4K" : {
    "transaction" : "Monolithic-based client - 4K",
    "sampleCount" : 4000,
    "errorCount" : 0,
    "errorPct" : 0.0,
    "meanResTime" : 107.02375000000015,
    "medianResTime" : 91.0,
    "minResTime" : 52.0,
    "maxResTime" : 1124.0,
    "pct1ResTime" : 139.0,
    "pct2ResTime" : 155.94999999999982,
    "pct3ResTime" : 358.0,
    "throughput" : 1339.5847287340926,
    "receivedKBytesPerSec" : 235.47387809778968,
    "sentKBytesPerSec" : 1325.1946584058942
  },
  "Monolithic-based client - 5K" : {
    "transaction" : "Monolithic-based client - 5K",
    "sampleCount" : 5000,
    "errorCount" : 0,
    "errorPct" : 0.0,
    "meanResTime" : 137.10719999999992,
    "medianResTime" : 88.0,
    "minResTime" : 40.0,
    "maxResTime" : 1137.0,
    "pct1ResTime" : 291.8000000000011,
    "pct2ResTime" : 375.0,
    "pct3ResTime" : 1087.0,
    "throughput" : 1542.2578655151142,
    "receivedKBytesPerSec" : 271.1000154225787,
    "sentKBytesPerSec" : 1525.690642350401
  },
  "Monolithic-based client - 1K" : {
    "transaction" : "Monolithic-based client - 1K",
    "sampleCount" : 1000,
    "errorCount" : 0,
    "errorPct" : 0.0,
    "meanResTime" : 99.56600000000003,
    "medianResTime" : 77.0,
    "minResTime" : 5.0,
    "maxResTime" : 274.0,
    "pct1ResTime" : 229.0,
    "pct2ResTime" : 242.94999999999993,
    "pct3ResTime" : 263.0,
    "throughput" : 733.6757153338225,
    "receivedKBytesPerSec" : 128.96643433602347,
    "sentKBytesPerSec" : 725.7944332355099
  },
  "Monolithic-based client - 2K" : {
    "transaction" : "Monolithic-based client - 2K",
    "sampleCount" : 2000,
    "errorCount" : 0,
    "errorPct" : 0.0,
    "meanResTime" : 79.55300000000008,
    "medianResTime" : 80.0,
    "minResTime" : 24.0,
    "maxResTime" : 111.0,
    "pct1ResTime" : 94.0,
    "pct2ResTime" : 98.0,
    "pct3ResTime" : 103.0,
    "throughput" : 1027.749229188078,
    "receivedKBytesPerSec" : 180.65904419321686,
    "sentKBytesPerSec" : 1016.7089542651594
  },
  "Monolithic-based client - 3K" : {
    "transaction" : "Monolithic-based client - 3K",
    "sampleCount" : 3000,
    "errorCount" : 0,
    "errorPct" : 0.0,
    "meanResTime" : 82.44233333333324,
    "medianResTime" : 81.0,
    "minResTime" : 30.0,
    "maxResTime" : 131.0,
    "pct1ResTime" : 98.0,
    "pct2ResTime" : 104.0,
    "pct3ResTime" : 116.0,
    "throughput" : 1384.402399630826,
    "receivedKBytesPerSec" : 243.35198431010616,
    "sentKBytesPerSec" : 1369.530889478542
  }
}