{
  "Total" : {
    "transaction" : "Total",
    "sampleCount" : 15000,
    "errorCount" : 0,
    "errorPct" : 0.0,
    "meanResTime" : 48.26440000000015,
    "medianResTime" : 47.0,
    "minResTime" : 3.0,
    "maxResTime" : 276.0,
    "pct1ResTime" : 63.0,
    "pct2ResTime" : 69.0,
    "pct3ResTime" : 160.0,
    "throughput" : 1432.5279342947188,
    "receivedKBytesPerSec" : 251.81155095024351,
    "sentKBytesPerSec" : 3284.7417868398434
  },
  "Monolithic-based client - 4K" : {
    "transaction" : "Monolithic-based client - 4K",
    "sampleCount" : 4000,
    "errorCount" : 0,
    "errorPct" : 0.0,
    "meanResTime" : 51.00925000000002,
    "medianResTime" : 51.0,
    "minResTime" : 8.0,
    "maxResTime" : 87.0,
    "pct1ResTime" : 64.0,
    "pct2ResTime" : 68.0,
    "pct3ResTime" : 75.0,
    "throughput" : 1937.046004842615,
    "receivedKBytesPerSec" : 340.4963680387409,
    "sentKBytesPerSec" : 4441.585956416465
  },
  "Monolithic-based client - 5K" : {
    "transaction" : "Monolithic-based client - 5K",
    "sampleCount" : 5000,
    "errorCount" : 0,
    "errorPct" : 0.0,
    "meanResTime" : 48.44240000000008,
    "medianResTime" : 48.0,
    "minResTime" : 4.0,
    "maxResTime" : 118.0,
    "pct1ResTime" : 64.0,
    "pct2ResTime" : 70.0,
    "pct3ResTime" : 99.98999999999978,
    "throughput" : 1545.595054095827,
    "receivedKBytesPerSec" : 271.6866306027821,
    "sentKBytesPerSec" : 3544.0011591962907
  },
  "Monolithic-based client - 1K" : {
    "transaction" : "Monolithic-based client - 1K",
    "sampleCount" : 1000,
    "errorCount" : 0,
    "errorPct" : 0.0,
    "meanResTime" : 68.2649999999999,
    "medianResTime" : 43.0,
    "minResTime" : 4.0,
    "maxResTime" : 276.0,
    "pct1ResTime" : 188.0,
    "pct2ResTime" : 204.89999999999986,
    "pct3ResTime" : 233.98000000000002,
    "throughput" : 790.5138339920949,
    "receivedKBytesPerSec" : 138.95750988142294,
    "sentKBytesPerSec" : 1812.6235177865615
  },
  "Monolithic-based client - 2K" : {
    "transaction" : "Monolithic-based client - 2K",
    "sampleCount" : 2000,
    "errorCount" : 0,
    "errorPct" : 0.0,
    "meanResTime" : 40.48300000000005,
    "medianResTime" : 42.0,
    "minResTime" : 4.0,
    "maxResTime" : 78.0,
    "pct1ResTime" : 56.0,
    "pct2ResTime" : 60.0,
    "pct3ResTime" : 68.0,
    "throughput" : 1120.4481792717088,
    "receivedKBytesPerSec" : 196.95378151260505,
    "sentKBytesPerSec" : 2569.152661064426
  },
  "Monolithic-based client - 3K" : {
    "transaction" : "Monolithic-based client - 3K",
    "sampleCount" : 3000,
    "errorCount" : 0,
    "errorPct" : 0.0,
    "meanResTime" : 42.82866666666663,
    "medianResTime" : 44.0,
    "minResTime" : 3.0,
    "maxResTime" : 91.0,
    "pct1ResTime" : 58.0,
    "pct2ResTime" : 62.0,
    "pct3ResTime" : 71.0,
    "throughput" : 1418.4397163120568,
    "receivedKBytesPerSec" : 249.3351063829787,
    "sentKBytesPerSec" : 3252.437943262411
  }
}