{
  "Total" : {
    "transaction" : "Total",
    "sampleCount" : 15000,
    "errorCount" : 0,
    "errorPct" : 0.0,
    "meanResTime" : 1584.628199999999,
    "medianResTime" : 1351.0,
    "minResTime" : 21.0,
    "maxResTime" : 22853.0,
    "pct1ResTime" : 3354.0,
    "pct2ResTime" : 4428.799999999996,
    "pct3ResTime" : 5501.969999999999,
    "throughput" : 329.3735315430052,
    "receivedKBytesPerSec" : 57.89769109154389,
    "sentKBytesPerSec" : 5624.117381864694
  },
  "Monolithic-based client - 4K" : {
    "transaction" : "Monolithic-based client - 4K",
    "sampleCount" : 4000,
    "errorCount" : 0,
    "errorPct" : 0.0,
    "meanResTime" : 2055.6602499999976,
    "medianResTime" : 1872.0,
    "minResTime" : 31.0,
    "maxResTime" : 12837.0,
    "pct1ResTime" : 4198.8,
    "pct2ResTime" : 4452.9,
    "pct3ResTime" : 5629.899999999998,
    "throughput" : 297.0223509319077,
    "receivedKBytesPerSec" : 52.210960124749384,
    "sentKBytesPerSec" : 5071.714654340239
  },
  "Monolithic-based client - 5K" : {
    "transaction" : "Monolithic-based client - 5K",
    "sampleCount" : 5000,
    "errorCount" : 0,
    "errorPct" : 0.0,
    "meanResTime" : 2493.107000000002,
    "medianResTime" : 2208.5,
    "minResTime" : 26.0,
    "maxResTime" : 22853.0,
    "pct1ResTime" : 4470.900000000001,
    "pct2ResTime" : 4958.9,
    "pct3ResTime" : 7319.249999999984,
    "throughput" : 217.01388888888889,
    "receivedKBytesPerSec" : 38.14697265625,
    "sentKBytesPerSec" : 3705.5545383029516
  },
  "Monolithic-based client - 1K" : {
    "transaction" : "Monolithic-based client - 1K",
    "sampleCount" : 1000,
    "errorCount" : 0,
    "errorPct" : 0.0,
    "meanResTime" : 107.26999999999995,
    "medianResTime" : 64.0,
    "minResTime" : 33.0,
    "maxResTime" : 574.0,
    "pct1ResTime" : 238.0,
    "pct2ResTime" : 327.0,
    "pct3ResTime" : 499.95000000000005,
    "throughput" : 679.8096532970768,
    "receivedKBytesPerSec" : 119.49779061862678,
    "sentKBytesPerSec" : 11607.882605370496
  },
  "Monolithic-based client - 2K" : {
    "transaction" : "Monolithic-based client - 2K",
    "sampleCount" : 2000,
    "errorCount" : 0,
    "errorPct" : 0.0,
    "meanResTime" : 150.78599999999986,
    "medianResTime" : 76.0,
    "minResTime" : 21.0,
    "maxResTime" : 2050.0,
    "pct1ResTime" : 335.9000000000001,
    "pct2ResTime" : 567.5999999999985,
    "pct3ResTime" : 1050.99,
    "throughput" : 653.1678641410844,
    "receivedKBytesPerSec" : 114.81466361854997,
    "sentKBytesPerSec" : 11152.96885205748
  },
  "Monolithic-based client - 3K" : {
    "transaction" : "Monolithic-based client - 3K",
    "sampleCount" : 3000,
    "errorCount" : 0,
    "errorPct" : 0.0,
    "meanResTime" : 890.8016666666671,
    "medianResTime" : 818.5,
    "minResTime" : 28.0,
    "maxResTime" : 3173.0,
    "pct1ResTime" : 1692.0,
    "pct2ResTime" : 1988.0,
    "pct3ResTime" : 2436.719999999994,
    "throughput" : 667.2597864768684,
    "receivedKBytesPerSec" : 117.291759341637,
    "sentKBytesPerSec" : 11393.591178269571
  }
}