{
  "Total" : {
    "transaction" : "Total",
    "sampleCount" : 15000,
    "errorCount" : 0,
    "errorPct" : 0.0,
    "meanResTime" : 1113.1805999999963,
    "medianResTime" : 936.0,
    "minResTime" : 9.0,
    "maxResTime" : 5084.0,
    "pct1ResTime" : 2538.0,
    "pct2ResTime" : 3033.0,
    "pct3ResTime" : 4035.9799999999996,
    "throughput" : 745.5638948257865,
    "receivedKBytesPerSec" : 131.0561533873453,
    "sentKBytesPerSec" : 8190.28149696804
  },
  "Monolithic-based client - 4K" : {
    "transaction" : "Monolithic-based client - 4K",
    "sampleCount" : 4000,
    "errorCount" : 0,
    "errorPct" : 0.0,
    "meanResTime" : 1221.9755000000007,
    "medianResTime" : 1108.0,
    "minResTime" : 20.0,
    "maxResTime" : 5084.0,
    "pct1ResTime" : 2138.0,
    "pct2ResTime" : 2396.7999999999993,
    "pct3ResTime" : 3040.99,
    "throughput" : 751.1737089201878,
    "receivedKBytesPerSec" : 132.04225352112675,
    "sentKBytesPerSec" : 8251.907276995305
  },
  "Monolithic-based client - 5K" : {
    "transaction" : "Monolithic-based client - 5K",
    "sampleCount" : 5000,
    "errorCount" : 0,
    "errorPct" : 0.0,
    "meanResTime" : 1983.764399999998,
    "medianResTime" : 1909.5,
    "minResTime" : 9.0,
    "maxResTime" : 5081.0,
    "pct1ResTime" : 3191.0,
    "pct2ResTime" : 3565.6499999999987,
    "pct3ResTime" : 4329.899999999998,
    "throughput" : 758.7253414264037,
    "receivedKBytesPerSec" : 133.36968892261,
    "sentKBytesPerSec" : 8334.86461494689
  },
  "Monolithic-based client - 1K" : {
    "transaction" : "Monolithic-based client - 1K",
    "sampleCount" : 1000,
    "errorCount" : 0,
    "errorPct" : 0.0,
    "meanResTime" : 149.40400000000008,
    "medianResTime" : 52.0,
    "minResTime" : 33.0,
    "maxResTime" : 1227.0,
    "pct1ResTime" : 286.0,
    "pct2ResTime" : 423.89999999999986,
    "pct3ResTime" : 1162.99,
    "throughput" : 755.8578987150416,
    "receivedKBytesPerSec" : 132.8656462585034,
    "sentKBytesPerSec" : 8303.36474867725
  },
  "Monolithic-based client - 2K" : {
    "transaction" : "Monolithic-based client - 2K",
    "sampleCount" : 2000,
    "errorCount" : 0,
    "errorPct" : 0.0,
    "meanResTime" : 78.91499999999992,
    "medianResTime" : 54.0,
    "minResTime" : 15.0,
    "maxResTime" : 1092.0,
    "pct1ResTime" : 74.0,
    "pct2ResTime" : 86.0,
    "pct3ResTime" : 1022.99,
    "throughput" : 719.6833393306945,
    "receivedKBytesPerSec" : 126.50683699172365,
    "sentKBytesPerSec" : 7905.974496221663
  },
  "Monolithic-based client - 3K" : {
    "transaction" : "Monolithic-based client - 3K",
    "sampleCount" : 3000,
    "errorCount" : 0,
    "errorPct" : 0.0,
    "meanResTime" : 527.9169999999997,
    "medianResTime" : 427.0,
    "minResTime" : 38.0,
    "maxResTime" : 3054.0,
    "pct1ResTime" : 1087.0,
    "pct2ResTime" : 1388.0,
    "pct3ResTime" : 2065.9699999999993,
    "throughput" : 732.6007326007325,
    "receivedKBytesPerSec" : 128.77747252747253,
    "sentKBytesPerSec" : 8047.876602564103
  }
}