{
  "Total" : {
    "transaction" : "Total",
    "sampleCount" : 15000,
    "errorCount" : 4000,
    "errorPct" : 26.666666,
    "meanResTime" : 477.9644666666656,
    "medianResTime" : 50.0,
    "minResTime" : 3.0,
    "maxResTime" : 7168.0,
    "pct1ResTime" : 1871.0,
    "pct2ResTime" : 2505.899999999998,
    "pct3ResTime" : 3112.99,
    "throughput" : 990.3604912188036,
    "receivedKBytesPerSec" : 191.36653241780007,
    "sentKBytesPerSec" : 5826.491936815
  },
  "Monolithic-based client - 4K" : {
    "transaction" : "Monolithic-based client - 4K",
    "sampleCount" : 4000,
    "errorCount" : 4000,
    "errorPct" : 100.0,
    "meanResTime" : 1652.9814999999976,
    "medianResTime" : 1591.0,
    "minResTime" : 44.0,
    "maxResTime" : 7168.0,
    "pct1ResTime" : 3049.9,
    "pct2ResTime" : 3097.0,
    "pct3ResTime" : 3783.8299999999963,
    "throughput" : 537.9236148466919,
    "receivedKBytesPerSec" : 129.75305944055944,
    "sentKBytesPerSec" : 9830.764187735342
  },
  "Monolithic-based client - 5K" : {
    "transaction" : "Monolithic-based client - 5K",
    "sampleCount" : 5000,
    "errorCount" : 0,
    "errorPct" : 0.0,
    "meanResTime" : 48.07640000000006,
    "medianResTime" : 47.0,
    "minResTime" : 12.0,
    "maxResTime" : 108.0,
    "pct1ResTime" : 61.0,
    "pct2ResTime" : 66.0,
    "pct3ResTime" : 85.0,
    "throughput" : 2007.226013649137,
    "receivedKBytesPerSec" : 352.8326977117623,
    "sentKBytesPerSec" : 2763.8561320754716
  },
  "Monolithic-based client - 1K" : {
    "transaction" : "Monolithic-based client - 1K",
    "sampleCount" : 1000,
    "errorCount" : 0,
    "errorPct" : 0.0,
    "meanResTime" : 98.4640000000002,
    "medianResTime" : 45.0,
    "minResTime" : 3.0,
    "maxResTime" : 328.0,
    "pct1ResTime" : 257.0,
    "pct2ResTime" : 297.0,
    "pct3ResTime" : 319.99,
    "throughput" : 808.4074373484236,
    "receivedKBytesPerSec" : 142.10286984640257,
    "sentKBytesPerSec" : 1113.1391471301536
  },
  "Monolithic-based client - 2K" : {
    "transaction" : "Monolithic-based client - 2K",
    "sampleCount" : 2000,
    "errorCount" : 0,
    "errorPct" : 0.0,
    "meanResTime" : 40.228500000000075,
    "medianResTime" : 42.0,
    "minResTime" : 3.0,
    "maxResTime" : 78.0,
    "pct1ResTime" : 52.0,
    "pct2ResTime" : 55.0,
    "pct3ResTime" : 62.0,
    "throughput" : 1019.8878123406425,
    "receivedKBytesPerSec" : 179.27715451300355,
    "sentKBytesPerSec" : 1404.3377103518612
  },
  "Monolithic-based client - 3K" : {
    "transaction" : "Monolithic-based client - 3K",
    "sampleCount" : 3000,
    "errorCount" : 0,
    "errorPct" : 0.0,
    "meanResTime" : 46.0793333333333,
    "medianResTime" : 46.0,
    "minResTime" : 24.0,
    "maxResTime" : 80.0,
    "pct1ResTime" : 56.0,
    "pct2ResTime" : 60.0,
    "pct3ResTime" : 65.0,
    "throughput" : 1488.8337468982631,
    "receivedKBytesPerSec" : 261.7090570719603,
    "sentKBytesPerSec" : 2050.054280397022
  }
}