{
  "Total" : {
    "transaction" : "Total",
    "sampleCount" : 15000,
    "errorCount" : 0,
    "errorPct" : 0.0,
    "meanResTime" : 81.95766666666673,
    "medianResTime" : 46.0,
    "minResTime" : 4.0,
    "maxResTime" : 1101.0,
    "pct1ResTime" : 130.0,
    "pct2ResTime" : 335.9499999999989,
    "pct3ResTime" : 1027.0,
    "throughput" : 1311.7621337997375,
    "receivedKBytesPerSec" : 230.58318758198513,
    "sentKBytesPerSec" : 5972.104558373415
  },
  "Monolithic-based client - 4K" : {
    "transaction" : "Monolithic-based client - 4K",
    "sampleCount" : 4000,
    "errorCount" : 0,
    "errorPct" : 0.0,
    "meanResTime" : 176.1222499999998,
    "medianResTime" : 55.0,
    "minResTime" : 24.0,
    "maxResTime" : 1101.0,
    "pct1ResTime" : 431.0,
    "pct2ResTime" : 776.2999999999975,
    "pct3ResTime" : 1057.0,
    "throughput" : 1434.7202295552368,
    "receivedKBytesPerSec" : 252.19691535150648,
    "sentKBytesPerSec" : 6531.900107604018
  },
  "Monolithic-based client - 5K" : {
    "transaction" : "Monolithic-based client - 5K",
    "sampleCount" : 5000,
    "errorCount" : 0,
    "errorPct" : 0.0,
    "meanResTime" : 49.781599999999955,
    "medianResTime" : 47.0,
    "minResTime" : 19.0,
    "maxResTime" : 1055.0,
    "pct1ResTime" : 63.0,
    "pct2ResTime" : 69.0,
    "pct3ResTime" : 83.0,
    "throughput" : 1543.6863229391788,
    "receivedKBytesPerSec" : 271.35111145415254,
    "sentKBytesPerSec" : 7027.9937866625505
  },
  "Monolithic-based client - 1K" : {
    "transaction" : "Monolithic-based client - 1K",
    "sampleCount" : 1000,
    "errorCount" : 0,
    "errorPct" : 0.0,
    "meanResTime" : 56.88999999999998,
    "medianResTime" : 41.0,
    "minResTime" : 4.0,
    "maxResTime" : 190.0,
    "pct1ResTime" : 137.0,
    "pct2ResTime" : 166.0,
    "pct3ResTime" : 179.99,
    "throughput" : 758.7253414264037,
    "receivedKBytesPerSec" : 133.36968892261,
    "sentKBytesPerSec" : 3454.274943095599
  },
  "Monolithic-based client - 2K" : {
    "transaction" : "Monolithic-based client - 2K",
    "sampleCount" : 2000,
    "errorCount" : 0,
    "errorPct" : 0.0,
    "meanResTime" : 40.760500000000036,
    "medianResTime" : 41.0,
    "minResTime" : 4.0,
    "maxResTime" : 74.0,
    "pct1ResTime" : 51.0,
    "pct2ResTime" : 55.0,
    "pct3ResTime" : 62.0,
    "throughput" : 1042.2094841063054,
    "receivedKBytesPerSec" : 183.20088587806148,
    "sentKBytesPerSec" : 4744.902944241792
  },
  "Monolithic-based client - 3K" : {
    "transaction" : "Monolithic-based client - 3K",
    "sampleCount" : 3000,
    "errorCount" : 0,
    "errorPct" : 0.0,
    "meanResTime" : 45.85233333333331,
    "medianResTime" : 45.0,
    "minResTime" : 19.0,
    "maxResTime" : 91.0,
    "pct1ResTime" : 57.0,
    "pct2ResTime" : 61.0,
    "pct3ResTime" : 70.98999999999978,
    "throughput" : 1385.0415512465374,
    "receivedKBytesPerSec" : 243.4643351800554,
    "sentKBytesPerSec" : 6305.7262811634355
  }
}