{
  "Total" : {
    "transaction" : "Total",
    "sampleCount" : 15000,
    "errorCount" : 0,
    "errorPct" : 0.0,
    "meanResTime" : 47.41206666666675,
    "medianResTime" : 46.0,
    "minResTime" : 3.0,
    "maxResTime" : 244.0,
    "pct1ResTime" : 60.0,
    "pct2ResTime" : 67.0,
    "pct3ResTime" : 119.0,
    "throughput" : 1330.6129690410714,
    "receivedKBytesPerSec" : 233.89681096425088,
    "sentKBytesPerSec" : 3071.8447839971614
  },
  "Monolithic-based client - 4K" : {
    "transaction" : "Monolithic-based client - 4K",
    "sampleCount" : 4000,
    "errorCount" : 0,
    "errorPct" : 0.0,
    "meanResTime" : 48.84525000000001,
    "medianResTime" : 47.0,
    "minResTime" : 13.0,
    "maxResTime" : 98.0,
    "pct1ResTime" : 65.0,
    "pct2ResTime" : 75.0,
    "pct3ResTime" : 85.0,
    "throughput" : 1512.2873345935727,
    "receivedKBytesPerSec" : 265.83175803402645,
    "sentKBytesPerSec" : 3491.257088846881
  },
  "Monolithic-based client - 5K" : {
    "transaction" : "Monolithic-based client - 5K",
    "sampleCount" : 5000,
    "errorCount" : 0,
    "errorPct" : 0.0,
    "meanResTime" : 45.18959999999991,
    "medianResTime" : 46.0,
    "minResTime" : 5.0,
    "maxResTime" : 78.0,
    "pct1ResTime" : 57.0,
    "pct2ResTime" : 60.0,
    "pct3ResTime" : 69.0,
    "throughput" : 1465.4161781946073,
    "receivedKBytesPerSec" : 257.59268757327084,
    "sentKBytesPerSec" : 3383.0506301289565
  },
  "Monolithic-based client - 1K" : {
    "transaction" : "Monolithic-based client - 1K",
    "sampleCount" : 1000,
    "errorCount" : 0,
    "errorPct" : 0.0,
    "meanResTime" : 63.72600000000008,
    "medianResTime" : 46.0,
    "minResTime" : 4.0,
    "maxResTime" : 244.0,
    "pct1ResTime" : 146.79999999999995,
    "pct2ResTime" : 189.94999999999993,
    "pct3ResTime" : 221.98000000000002,
    "throughput" : 803.2128514056225,
    "receivedKBytesPerSec" : 141.18975903614458,
    "sentKBytesPerSec" : 1854.2921686746986
  },
  "Monolithic-based client - 2K" : {
    "transaction" : "Monolithic-based client - 2K",
    "sampleCount" : 2000,
    "errorCount" : 0,
    "errorPct" : 0.0,
    "meanResTime" : 41.04850000000001,
    "medianResTime" : 42.0,
    "minResTime" : 3.0,
    "maxResTime" : 76.0,
    "pct1ResTime" : 53.0,
    "pct2ResTime" : 57.0,
    "pct3ResTime" : 66.0,
    "throughput" : 1046.5724751439036,
    "receivedKBytesPerSec" : 183.96781789638933,
    "sentKBytesPerSec" : 2416.1106750392464
  },
  "Monolithic-based client - 3K" : {
    "transaction" : "Monolithic-based client - 3K",
    "sampleCount" : 3000,
    "errorCount" : 0,
    "errorPct" : 0.0,
    "meanResTime" : 48.0096666666667,
    "medianResTime" : 48.0,
    "minResTime" : 17.0,
    "maxResTime" : 86.0,
    "pct1ResTime" : 60.0,
    "pct2ResTime" : 64.0,
    "pct3ResTime" : 70.0,
    "throughput" : 1459.85401459854,
    "receivedKBytesPerSec" : 256.6149635036496,
    "sentKBytesPerSec" : 3370.2098540145985
  }
}