{
  "Microservice-based client with caching" : {
    "transaction" : "Microservice-based client with caching",
    "sampleCount" : 5000,
    "errorCount" : 0,
    "errorPct" : 0.0,
    "meanResTime" : 231.12619999999973,
    "medianResTime" : 126.0,
    "minResTime" : 3.0,
    "maxResTime" : 2196.0,
    "pct1ResTime" : 562.0,
    "pct2ResTime" : 1013.0,
    "pct3ResTime" : 1300.9799999999996,
    "throughput" : 840.4773911581779,
    "receivedKBytesPerSec" : 21736.682373087915,
    "sentKBytesPerSec" : 156.76873213985544
  },
  "Total" : {
    "transaction" : "Total",
    "sampleCount" : 5000,
    "errorCount" : 0,
    "errorPct" : 0.0,
    "meanResTime" : 231.12619999999973,
    "medianResTime" : 126.0,
    "minResTime" : 3.0,
    "maxResTime" : 2196.0,
    "pct1ResTime" : 562.0,
    "pct2ResTime" : 1013.0,
    "pct3ResTime" : 1300.9799999999996,
    "throughput" : 840.4773911581779,
    "receivedKBytesPerSec" : 21736.682373087915,
    "sentKBytesPerSec" : 156.76873213985544
  }
}