{
  "Microservice-based client" : {
    "transaction" : "Microservice-based client",
    "sampleCount" : 5000,
    "errorCount" : 0,
    "errorPct" : 0.0,
    "meanResTime" : 1390.4960000000026,
    "medianResTime" : 1604.0,
    "minResTime" : 11.0,
    "maxResTime" : 4848.0,
    "pct1ResTime" : 2692.800000000001,
    "pct2ResTime" : 3076.95,
    "pct3ResTime" : 3713.959999999999,
    "throughput" : 822.6390259953931,
    "receivedKBytesPerSec" : 9210.40198127468,
    "sentKBytesPerSec" : 102.02651982560052
  },
  "Microservice-based client with caching" : {
    "transaction" : "Microservice-based client with caching",
    "sampleCount" : 5000,
    "errorCount" : 0,
    "errorPct" : 0.0,
    "meanResTime" : 1040.155799999995,
    "medianResTime" : 1098.0,
    "minResTime" : 2.0,
    "maxResTime" : 2781.0,
    "pct1ResTime" : 1666.0,
    "pct2ResTime" : 1805.9499999999998,
    "pct3ResTime" : 2095.0,
    "throughput" : 971.6284492809949,
    "receivedKBytesPerSec" : 10828.34361640109,
    "sentKBytesPerSec" : 181.23147833268558
  },
  "Total" : {
    "transaction" : "Total",
    "sampleCount" : 15000,
    "errorCount" : 0,
    "errorPct" : 0.0,
    "meanResTime" : 855.682466666664,
    "medianResTime" : 663.5,
    "minResTime" : 2.0,
    "maxResTime" : 4848.0,
    "pct1ResTime" : 2087.0,
    "pct2ResTime" : 2442.949999999999,
    "pct3ResTime" : 3256.9699999999993,
    "throughput" : 893.548579257759,
    "receivedKBytesPerSec" : 9999.737229236165,
    "sentKBytesPerSec" : 129.4365617739918
  },
  "Monolithic-based client" : {
    "transaction" : "Monolithic-based client",
    "sampleCount" : 5000,
    "errorCount" : 0,
    "errorPct" : 0.0,
    "meanResTime" : 136.39559999999997,
    "medianResTime" : 36.0,
    "minResTime" : 4.0,
    "maxResTime" : 1267.0,
    "pct1ResTime" : 432.0,
    "pct2ResTime" : 632.9499999999998,
    "pct3ResTime" : 1040.9899999999998,
    "throughput" : 899.9280057595392,
    "receivedKBytesPerSec" : 10108.371017818574,
    "sentKBytesPerSec" : 111.61216477681785
  }
}