{
  "Microservice-based client" : {
    "transaction" : "Microservice-based client",
    "sampleCount" : 100,
    "errorCount" : 100,
    "errorPct" : 100.0,
    "meanResTime" : 188.3000000000001,
    "medianResTime" : 234.0,
    "minResTime" : 17.0,
    "maxResTime" : 315.0,
    "pct1ResTime" : 277.8,
    "pct2ResTime" : 289.95,
    "pct3ResTime" : 314.96999999999997,
    "throughput" : 240.96385542168676,
    "receivedKBytesPerSec" : 60.946912650602414,
    "sentKBytesPerSec" : 146.60203313253012
  },
  "Microservice-based client with caching" : {
    "transaction" : "Microservice-based client with caching",
    "sampleCount" : 100,
    "errorCount" : 0,
    "errorPct" : 0.0,
    "meanResTime" : 22.509999999999998,
    "medianResTime" : 20.5,
    "minResTime" : 2.0,
    "maxResTime" : 41.0,
    "pct1ResTime" : 37.0,
    "pct2ResTime" : 39.94999999999999,
    "pct3ResTime" : 40.989999999999995,
    "throughput" : 854.7008547008546,
    "receivedKBytesPerSec" : 49.2454594017094,
    "sentKBytesPerSec" : 251.23530982905982
  },
  "Total" : {
    "transaction" : "Total",
    "sampleCount" : 300,
    "errorCount" : 200,
    "errorPct" : 66.666664,
    "meanResTime" : 205.74,
    "medianResTime" : 203.0,
    "minResTime" : 2.0,
    "maxResTime" : 516.0,
    "pct1ResTime" : 465.0,
    "pct2ResTime" : 482.0,
    "pct3ResTime" : 509.9000000000001,
    "throughput" : 282.2201317027281,
    "receivedKBytesPerSec" : 52.82440616180621,
    "sentKBytesPerSec" : 142.12061970837254
  },
  "Monolithic-based client" : {
    "transaction" : "Monolithic-based client",
    "sampleCount" : 100,
    "errorCount" : 100,
    "errorPct" : 100.0,
    "meanResTime" : 406.41000000000014,
    "medianResTime" : 440.5,
    "minResTime" : 129.0,
    "maxResTime" : 516.0,
    "pct1ResTime" : 488.8,
    "pct2ResTime" : 497.84999999999997,
    "pct3ResTime" : 515.97,
    "throughput" : 191.93857965451056,
    "receivedKBytesPerSec" : 48.1720849328215,
    "sentKBytesPerSec" : 116.77513195777351
  }
}