{
  "Total" : {
    "transaction" : "Total",
    "sampleCount" : 15000,
    "errorCount" : 0,
    "errorPct" : 0.0,
    "meanResTime" : 555.0453333333306,
    "medianResTime" : 550.0,
    "minResTime" : 4.0,
    "maxResTime" : 1536.0,
    "pct1ResTime" : 1055.8999999999996,
    "pct2ResTime" : 1156.0,
    "pct3ResTime" : 1295.0,
    "throughput" : 1131.2217194570135,
    "receivedKBytesPerSec" : 65.17781391402715,
    "sentKBytesPerSec" : 551.2496464932127
  },
  "Microservice-based client with caching - 1K" : {
    "transaction" : "Microservice-based client with caching - 1K",
    "sampleCount" : 1000,
    "errorCount" : 0,
    "errorPct" : 0.0,
    "meanResTime" : 655.1020000000001,
    "medianResTime" : 667.5,
    "minResTime" : 232.0,
    "maxResTime" : 1142.0,
    "pct1ResTime" : 927.0,
    "pct2ResTime" : 963.8499999999998,
    "pct3ResTime" : 1002.9300000000001,
    "throughput" : 627.3525721455459,
    "receivedKBytesPerSec" : 36.14629077791719,
    "sentKBytesPerSec" : 305.7118491217064
  },
  "Microservice-based client with caching - 5K" : {
    "transaction" : "Microservice-based client with caching - 5K",
    "sampleCount" : 5000,
    "errorCount" : 0,
    "errorPct" : 0.0,
    "meanResTime" : 693.9488000000001,
    "medianResTime" : 702.0,
    "minResTime" : 16.0,
    "maxResTime" : 1435.0,
    "pct1ResTime" : 1058.9000000000005,
    "pct2ResTime" : 1164.0,
    "pct3ResTime" : 1298.9899999999998,
    "throughput" : 1214.7716229348882,
    "receivedKBytesPerSec" : 69.99172436831876,
    "sentKBytesPerSec" : 591.9639060981536
  },
  "Microservice-based client with caching - 4K" : {
    "transaction" : "Microservice-based client with caching - 4K",
    "sampleCount" : 4000,
    "errorCount" : 0,
    "errorPct" : 0.0,
    "meanResTime" : 761.0362499999989,
    "medianResTime" : 781.0,
    "minResTime" : 19.0,
    "maxResTime" : 1536.0,
    "pct1ResTime" : 1177.0,
    "pct2ResTime" : 1241.0,
    "pct3ResTime" : 1346.9799999999996,
    "throughput" : 1373.6263736263736,
    "receivedKBytesPerSec" : 79.14448832417582,
    "sentKBytesPerSec" : 669.3745707417582
  },
  "Microservice-based client with caching - 3K" : {
    "transaction" : "Microservice-based client with caching - 3K",
    "sampleCount" : 3000,
    "errorCount" : 0,
    "errorPct" : 0.0,
    "meanResTime" : 281.86399999999975,
    "medianResTime" : 229.0,
    "minResTime" : 4.0,
    "maxResTime" : 699.0,
    "pct1ResTime" : 547.0,
    "pct2ResTime" : 592.9499999999998,
    "pct3ResTime" : 652.0,
    "throughput" : 1152.9592621060722,
    "receivedKBytesPerSec" : 66.43026998462722,
    "sentKBytesPerSec" : 561.8424529208302
  },
  "Microservice-based client with caching - 2K" : {
    "transaction" : "Microservice-based client with caching - 2K",
    "sampleCount" : 2000,
    "errorCount" : 0,
    "errorPct" : 0.0,
    "meanResTime" : 155.5484999999999,
    "medianResTime" : 134.0,
    "minResTime" : 4.0,
    "maxResTime" : 442.0,
    "pct1ResTime" : 280.0,
    "pct2ResTime" : 319.9499999999998,
    "pct3ResTime" : 366.99,
    "throughput" : 989.6091044037605,
    "receivedKBytesPerSec" : 57.018493320138546,
    "sentKBytesPerSec" : 482.2411553686294
  }
}