{
  "Total" : {
    "transaction" : "Total",
    "sampleCount" : 15000,
    "errorCount" : 0,
    "errorPct" : 0.0,
    "meanResTime" : 312.46386666666615,
    "medianResTime" : 186.0,
    "minResTime" : 2.0,
    "maxResTime" : 1764.0,
    "pct1ResTime" : 778.0,
    "pct2ResTime" : 962.0,
    "pct3ResTime" : 1369.0,
    "throughput" : 849.4733265375467,
    "receivedKBytesPerSec" : 48.94426393136255,
    "sentKBytesPerSec" : 7409.663820931022
  },
  "Microservice-based client with caching - 1K" : {
    "transaction" : "Microservice-based client with caching - 1K",
    "sampleCount" : 1000,
    "errorCount" : 0,
    "errorPct" : 0.0,
    "meanResTime" : 157.28799999999993,
    "medianResTime" : 99.0,
    "minResTime" : 16.0,
    "maxResTime" : 581.0,
    "pct1ResTime" : 382.0,
    "pct2ResTime" : 410.6999999999996,
    "pct3ResTime" : 507.99,
    "throughput" : 534.1880341880342,
    "receivedKBytesPerSec" : 30.778412126068375,
    "sentKBytesPerSec" : 4659.53859508547
  },
  "Microservice-based client with caching - 5K" : {
    "transaction" : "Microservice-based client with caching - 5K",
    "sampleCount" : 5000,
    "errorCount" : 0,
    "errorPct" : 0.0,
    "meanResTime" : 631.3039999999999,
    "medianResTime" : 640.0,
    "minResTime" : 2.0,
    "maxResTime" : 1764.0,
    "pct1ResTime" : 1075.0,
    "pct2ResTime" : 1327.9499999999998,
    "pct3ResTime" : 1436.0,
    "throughput" : 1087.1928680147857,
    "receivedKBytesPerSec" : 62.64099532507066,
    "sentKBytesPerSec" : 9483.209665144595
  },
  "Microservice-based client with caching - 4K" : {
    "transaction" : "Microservice-based client with caching - 4K",
    "sampleCount" : 4000,
    "errorCount" : 0,
    "errorPct" : 0.0,
    "meanResTime" : 207.38899999999973,
    "medianResTime" : 210.0,
    "minResTime" : 17.0,
    "maxResTime" : 1182.0,
    "pct1ResTime" : 322.0,
    "pct2ResTime" : 350.0,
    "pct3ResTime" : 413.0,
    "throughput" : 838.3986585621464,
    "receivedKBytesPerSec" : 48.30617271012366,
    "sentKBytesPerSec" : 7313.0632990987215
  },
  "Microservice-based client with caching - 3K" : {
    "transaction" : "Microservice-based client with caching - 3K",
    "sampleCount" : 3000,
    "errorCount" : 0,
    "errorPct" : 0.0,
    "meanResTime" : 122.60866666666676,
    "medianResTime" : 120.0,
    "minResTime" : 11.0,
    "maxResTime" : 286.0,
    "pct1ResTime" : 191.0,
    "pct2ResTime" : 216.0,
    "pct3ResTime" : 254.98999999999978,
    "throughput" : 882.61253309797,
    "receivedKBytesPerSec" : 50.85365180935569,
    "sentKBytesPerSec" : 7698.725728155339
  },
  "Microservice-based client with caching - 2K" : {
    "transaction" : "Microservice-based client with caching - 2K",
    "sampleCount" : 2000,
    "errorCount" : 0,
    "errorPct" : 0.0,
    "meanResTime" : 87.88399999999987,
    "medianResTime" : 81.0,
    "minResTime" : 4.0,
    "maxResTime" : 227.0,
    "pct1ResTime" : 141.9000000000001,
    "pct2ResTime" : 166.0,
    "pct3ResTime" : 204.99,
    "throughput" : 664.2311524410495,
    "receivedKBytesPerSec" : 38.27113085353703,
    "sentKBytesPerSec" : 5793.860013284623
  }
}