{
  "Total" : {
    "transaction" : "Total",
    "sampleCount" : 15000,
    "errorCount" : 0,
    "errorPct" : 0.0,
    "meanResTime" : 796.0077999999983,
    "medianResTime" : 640.0,
    "minResTime" : 1.0,
    "maxResTime" : 2517.0,
    "pct1ResTime" : 2119.0,
    "pct2ResTime" : 2234.949999999999,
    "pct3ResTime" : 2443.99,
    "throughput" : 1007.387508394896,
    "receivedKBytesPerSec" : 58.04283495634654,
    "sentKBytesPerSec" : 490.90465496977833
  },
  "Microservice-based client with caching - 1K" : {
    "transaction" : "Microservice-based client with caching - 1K",
    "sampleCount" : 1000,
    "errorCount" : 0,
    "errorPct" : 0.0,
    "meanResTime" : 79.07299999999988,
    "medianResTime" : 48.0,
    "minResTime" : 1.0,
    "maxResTime" : 337.0,
    "pct1ResTime" : 237.89999999999998,
    "pct2ResTime" : 270.0,
    "pct3ResTime" : 300.99,
    "throughput" : 698.3240223463687,
    "receivedKBytesPerSec" : 40.235466131284916,
    "sentKBytesPerSec" : 340.29656948324026
  },
  "Microservice-based client with caching - 5K" : {
    "transaction" : "Microservice-based client with caching - 5K",
    "sampleCount" : 5000,
    "errorCount" : 0,
    "errorPct" : 0.0,
    "meanResTime" : 1553.5907999999954,
    "medianResTime" : 1747.0,
    "minResTime" : 11.0,
    "maxResTime" : 2517.0,
    "pct1ResTime" : 2317.0,
    "pct2ResTime" : 2383.0,
    "pct3ResTime" : 2478.0,
    "throughput" : 960.9840476648087,
    "receivedKBytesPerSec" : 55.36919805881222,
    "sentKBytesPerSec" : 468.2920310397847
  },
  "Microservice-based client with caching - 4K" : {
    "transaction" : "Microservice-based client with caching - 4K",
    "sampleCount" : 4000,
    "errorCount" : 0,
    "errorPct" : 0.0,
    "meanResTime" : 721.5787500000005,
    "medianResTime" : 750.5,
    "minResTime" : 2.0,
    "maxResTime" : 1346.0,
    "pct1ResTime" : 1088.9,
    "pct2ResTime" : 1133.9499999999998,
    "pct3ResTime" : 1266.0,
    "throughput" : 1185.536455245999,
    "receivedKBytesPerSec" : 68.30727622999407,
    "sentKBytesPerSec" : 577.7174718435092
  },
  "Microservice-based client with caching - 3K" : {
    "transaction" : "Microservice-based client with caching - 3K",
    "sampleCount" : 3000,
    "errorCount" : 0,
    "errorPct" : 0.0,
    "meanResTime" : 365.5640000000005,
    "medianResTime" : 315.5,
    "minResTime" : 1.0,
    "maxResTime" : 1021.0,
    "pct1ResTime" : 734.0,
    "pct2ResTime" : 805.9499999999998,
    "pct3ResTime" : 995.0,
    "throughput" : 1053.001053001053,
    "receivedKBytesPerSec" : 60.6709591084591,
    "sentKBytesPerSec" : 513.132349069849
  },
  "Microservice-based client with caching - 2K" : {
    "transaction" : "Microservice-based client with caching - 2K",
    "sampleCount" : 2000,
    "errorCount" : 0,
    "errorPct" : 0.0,
    "meanResTime" : 55.04150000000005,
    "medianResTime" : 44.0,
    "minResTime" : 1.0,
    "maxResTime" : 225.0,
    "pct1ResTime" : 107.0,
    "pct2ResTime" : 126.0,
    "pct3ResTime" : 178.97000000000003,
    "throughput" : 987.1668311944719,
    "receivedKBytesPerSec" : 56.87777640671274,
    "sentKBytesPerSec" : 481.05102418558744
  }
}