{
  "Total" : {
    "transaction" : "Total",
    "sampleCount" : 15000,
    "errorCount" : 1125,
    "errorPct" : 7.5,
    "meanResTime" : 147.02946666666722,
    "medianResTime" : 109.0,
    "minResTime" : 1.0,
    "maxResTime" : 1032.0,
    "pct1ResTime" : 303.0,
    "pct2ResTime" : 388.0,
    "pct3ResTime" : 721.0,
    "throughput" : 803.0408480111355,
    "receivedKBytesPerSec" : 186.9579474275925,
    "sentKBytesPerSec" : 6479.300576516409
  },
  "Microservice-based client with caching - 1K" : {
    "transaction" : "Microservice-based client with caching - 1K",
    "sampleCount" : 1000,
    "errorCount" : 0,
    "errorPct" : 0.0,
    "meanResTime" : 337.56500000000034,
    "medianResTime" : 252.0,
    "minResTime" : 3.0,
    "maxResTime" : 877.0,
    "pct1ResTime" : 745.0,
    "pct2ResTime" : 813.9499999999999,
    "pct3ResTime" : 841.99,
    "throughput" : 587.5440658049354,
    "receivedKBytesPerSec" : 33.8526366039953,
    "sentKBytesPerSec" : 5124.944917743831
  },
  "Microservice-based client with caching - 5K" : {
    "transaction" : "Microservice-based client with caching - 5K",
    "sampleCount" : 5000,
    "errorCount" : 1125,
    "errorPct" : 22.5,
    "meanResTime" : 127.2631999999998,
    "medianResTime" : 114.0,
    "minResTime" : 1.0,
    "maxResTime" : 1032.0,
    "pct1ResTime" : 270.0,
    "pct2ResTime" : 306.9499999999998,
    "pct3ResTime" : 358.0,
    "throughput" : 814.3322475570033,
    "receivedKBytesPerSec" : 474.92111156351797,
    "sentKBytesPerSec" : 5504.933708265473
  },
  "Microservice-based client with caching - 4K" : {
    "transaction" : "Microservice-based client with caching - 4K",
    "sampleCount" : 4000,
    "errorCount" : 0,
    "errorPct" : 0.0,
    "meanResTime" : 178.45050000000015,
    "medianResTime" : 139.0,
    "minResTime" : 15.0,
    "maxResTime" : 499.0,
    "pct1ResTime" : 365.0,
    "pct2ResTime" : 405.0,
    "pct3ResTime" : 466.9899999999998,
    "throughput" : 921.871398939848,
    "receivedKBytesPerSec" : 53.11563724360451,
    "sentKBytesPerSec" : 8041.167319658907
  },
  "Microservice-based client with caching - 3K" : {
    "transaction" : "Microservice-based client with caching - 3K",
    "sampleCount" : 3000,
    "errorCount" : 0,
    "errorPct" : 0.0,
    "meanResTime" : 123.38699999999996,
    "medianResTime" : 111.0,
    "minResTime" : 5.0,
    "maxResTime" : 295.0,
    "pct1ResTime" : 211.0,
    "pct2ResTime" : 234.0,
    "pct3ResTime" : 266.0,
    "throughput" : 871.5862870424172,
    "receivedKBytesPerSec" : 50.218350522951766,
    "sentKBytesPerSec" : 7602.547574084834
  },
  "Microservice-based client with caching - 2K" : {
    "transaction" : "Microservice-based client with caching - 2K",
    "sampleCount" : 2000,
    "errorCount" : 0,
    "errorPct" : 0.0,
    "meanResTime" : 73.79899999999988,
    "medianResTime" : 73.0,
    "minResTime" : 3.0,
    "maxResTime" : 181.0,
    "pct1ResTime" : 121.0,
    "pct2ResTime" : 132.0,
    "pct3ResTime" : 155.0,
    "throughput" : 655.7377049180327,
    "receivedKBytesPerSec" : 37.78176229508197,
    "sentKBytesPerSec" : 5719.774590163935
  }
}