{
  "Total" : {
    "transaction" : "Total",
    "sampleCount" : 15000,
    "errorCount" : 0,
    "errorPct" : 0.0,
    "meanResTime" : 760.5434666666687,
    "medianResTime" : 604.0,
    "minResTime" : 1.0,
    "maxResTime" : 3566.0,
    "pct1ResTime" : 1665.0,
    "pct2ResTime" : 1855.949999999999,
    "pct3ResTime" : 2252.99,
    "throughput" : 1066.9322142399885,
    "receivedKBytesPerSec" : 61.4736334376556,
    "sentKBytesPerSec" : 11785.224878191906
  },
  "Microservice-based client with caching - 1K" : {
    "transaction" : "Microservice-based client with caching - 1K",
    "sampleCount" : 1000,
    "errorCount" : 0,
    "errorPct" : 0.0,
    "meanResTime" : 109.08099999999999,
    "medianResTime" : 106.0,
    "minResTime" : 1.0,
    "maxResTime" : 1159.0,
    "pct1ResTime" : 201.89999999999998,
    "pct2ResTime" : 210.0,
    "pct3ResTime" : 227.98000000000002,
    "throughput" : 724.6376811594203,
    "receivedKBytesPerSec" : 41.75158514492754,
    "sentKBytesPerSec" : 8004.274230072464
  },
  "Microservice-based client with caching - 5K" : {
    "transaction" : "Microservice-based client with caching - 5K",
    "sampleCount" : 5000,
    "errorCount" : 0,
    "errorPct" : 0.0,
    "meanResTime" : 868.980999999998,
    "medianResTime" : 978.0,
    "minResTime" : 1.0,
    "maxResTime" : 3566.0,
    "pct1ResTime" : 1763.0,
    "pct2ResTime" : 2040.9499999999998,
    "pct3ResTime" : 2355.959999999999,
    "throughput" : 1278.118609406953,
    "receivedKBytesPerSec" : 73.64159956543968,
    "sentKBytesPerSec" : 14117.968350587935
  },
  "Microservice-based client with caching - 4K" : {
    "transaction" : "Microservice-based client with caching - 4K",
    "sampleCount" : 4000,
    "errorCount" : 0,
    "errorPct" : 0.0,
    "meanResTime" : 1230.499000000001,
    "medianResTime" : 1333.0,
    "minResTime" : 2.0,
    "maxResTime" : 3259.0,
    "pct1ResTime" : 1829.9,
    "pct2ResTime" : 1980.9499999999998,
    "pct3ResTime" : 2775.9199999999983,
    "throughput" : 1128.9867344058707,
    "receivedKBytesPerSec" : 65.04904036127576,
    "sentKBytesPerSec" : 12470.672805532035
  },
  "Microservice-based client with caching - 3K" : {
    "transaction" : "Microservice-based client with caching - 3K",
    "sampleCount" : 3000,
    "errorCount" : 0,
    "errorPct" : 0.0,
    "meanResTime" : 548.1473333333331,
    "medianResTime" : 542.0,
    "minResTime" : 2.0,
    "maxResTime" : 1709.0,
    "pct1ResTime" : 791.9000000000001,
    "pct2ResTime" : 848.0,
    "pct3ResTime" : 989.9899999999998,
    "throughput" : 986.1932938856016,
    "receivedKBytesPerSec" : 56.821683925049314,
    "sentKBytesPerSec" : 10893.390964003946
  },
  "Microservice-based client with caching - 2K" : {
    "transaction" : "Microservice-based client with caching - 2K",
    "sampleCount" : 2000,
    "errorCount" : 0,
    "errorPct" : 0.0,
    "meanResTime" : 193.8639999999997,
    "medianResTime" : 204.0,
    "minResTime" : 2.0,
    "maxResTime" : 475.0,
    "pct1ResTime" : 308.0,
    "pct2ResTime" : 334.0,
    "pct3ResTime" : 372.99,
    "throughput" : 919.9632014719411,
    "receivedKBytesPerSec" : 53.00569227230911,
    "sentKBytesPerSec" : 10161.820089696412
  }
}