{
  "Total" : {
    "transaction" : "Total",
    "sampleCount" : 15000,
    "errorCount" : 0,
    "errorPct" : 0.0,
    "meanResTime" : 844.6468666666624,
    "medianResTime" : 730.5,
    "minResTime" : 1.0,
    "maxResTime" : 2838.0,
    "pct1ResTime" : 1638.0,
    "pct2ResTime" : 1887.949999999999,
    "pct3ResTime" : 2318.9699999999993,
    "throughput" : 1074.8835542816196,
    "receivedKBytesPerSec" : 61.9317672877105,
    "sentKBytesPerSec" : 9375.839752776783
  },
  "Microservice-based client with caching - 1K" : {
    "transaction" : "Microservice-based client with caching - 1K",
    "sampleCount" : 1000,
    "errorCount" : 0,
    "errorPct" : 0.0,
    "meanResTime" : 147.6500000000002,
    "medianResTime" : 92.5,
    "minResTime" : 2.0,
    "maxResTime" : 435.0,
    "pct1ResTime" : 366.9,
    "pct2ResTime" : 389.94999999999993,
    "pct3ResTime" : 426.99,
    "throughput" : 742.3904974016332,
    "receivedKBytesPerSec" : 42.77445248700817,
    "sentKBytesPerSec" : 6475.617112100966
  },
  "Microservice-based client with caching - 5K" : {
    "transaction" : "Microservice-based client with caching - 5K",
    "sampleCount" : 5000,
    "errorCount" : 0,
    "errorPct" : 0.0,
    "meanResTime" : 1306.3972000000017,
    "medianResTime" : 1413.5,
    "minResTime" : 13.0,
    "maxResTime" : 2838.0,
    "pct1ResTime" : 1916.0,
    "pct2ResTime" : 2058.95,
    "pct3ResTime" : 2389.99,
    "throughput" : 1135.5893708834885,
    "receivedKBytesPerSec" : 65.42946570520101,
    "sentKBytesPerSec" : 9905.35572337043
  },
  "Microservice-based client with caching - 4K" : {
    "transaction" : "Microservice-based client with caching - 4K",
    "sampleCount" : 4000,
    "errorCount" : 0,
    "errorPct" : 0.0,
    "meanResTime" : 1139.2270000000017,
    "medianResTime" : 1261.0,
    "minResTime" : 6.0,
    "maxResTime" : 2641.0,
    "pct1ResTime" : 1573.0,
    "pct2ResTime" : 1962.8499999999995,
    "pct3ResTime" : 2430.959999999999,
    "throughput" : 1229.2562999385373,
    "receivedKBytesPerSec" : 70.82629071911494,
    "sentKBytesPerSec" : 10722.380147510756
  },
  "Microservice-based client with caching - 3K" : {
    "transaction" : "Microservice-based client with caching - 3K",
    "sampleCount" : 3000,
    "errorCount" : 0,
    "errorPct" : 0.0,
    "meanResTime" : 365.3586666666655,
    "medianResTime" : 382.0,
    "minResTime" : 10.0,
    "maxResTime" : 1119.0,
    "pct1ResTime" : 675.9000000000001,
    "pct2ResTime" : 740.9499999999998,
    "pct3ResTime" : 801.9899999999998,
    "throughput" : 1070.6638115631692,
    "receivedKBytesPerSec" : 61.68863758029978,
    "sentKBytesPerSec" : 9339.032387580299
  },
  "Microservice-based client with caching - 2K" : {
    "transaction" : "Microservice-based client with caching - 2K",
    "sampleCount" : 2000,
    "errorCount" : 0,
    "errorPct" : 0.0,
    "meanResTime" : 168.54150000000027,
    "medianResTime" : 135.0,
    "minResTime" : 1.0,
    "maxResTime" : 483.0,
    "pct1ResTime" : 328.0,
    "pct2ResTime" : 365.9499999999998,
    "pct3ResTime" : 410.0,
    "throughput" : 933.2711152589827,
    "receivedKBytesPerSec" : 53.77245683621092,
    "sentKBytesPerSec" : 8140.603126458237
  }
}