{
  "Microservice-based client with caching" : {
    "transaction" : "Microservice-based client with caching",
    "sampleCount" : 4000,
    "errorCount" : 0,
    "errorPct" : 0.0,
    "meanResTime" : 139.48949999999982,
    "medianResTime" : 98.0,
    "minResTime" : 9.0,
    "maxResTime" : 2056.0,
    "pct1ResTime" : 247.0,
    "pct2ResTime" : 302.0,
    "pct3ResTime" : 1166.8799999999974,
    "throughput" : 784.4675426554227,
    "receivedKBytesPerSec" : 20288.69133347225,
    "sentKBytesPerSec" : 146.3215826632673
  },
  "Total" : {
    "transaction" : "Total",
    "sampleCount" : 4000,
    "errorCount" : 0,
    "errorPct" : 0.0,
    "meanResTime" : 139.48949999999982,
    "medianResTime" : 98.0,
    "minResTime" : 9.0,
    "maxResTime" : 2056.0,
    "pct1ResTime" : 247.0,
    "pct2ResTime" : 302.0,
    "pct3ResTime" : 1166.8799999999974,
    "throughput" : 784.4675426554227,
    "receivedKBytesPerSec" : 20288.69133347225,
    "sentKBytesPerSec" : 146.3215826632673
  }
}