{
  "Microservice-based client" : {
    "transaction" : "Microservice-based client",
    "sampleCount" : 100000,
    "errorCount" : 43535,
    "errorPct" : 43.535,
    "meanResTime" : 40.628689999999885,
    "medianResTime" : 51.0,
    "minResTime" : 3.0,
    "maxResTime" : 1129.0,
    "pct1ResTime" : 63.0,
    "pct2ResTime" : 66.0,
    "pct3ResTime" : 74.0,
    "throughput" : 1172.525385174589,
    "receivedKBytesPerSec" : 1308.4489591455515,
    "sentKBytesPerSec" : 157.1114740952501
  },
  "Microservice-based client with caching" : {
    "transaction" : "Microservice-based client with caching",
    "sampleCount" : 100000,
    "errorCount" : 64978,
    "errorPct" : 64.978,
    "meanResTime" : 503.8718399999942,
    "medianResTime" : 4.0,
    "minResTime" : 2.0,
    "maxResTime" : 4437.0,
    "pct1ResTime" : 708.0,
    "pct2ResTime" : 868.0,
    "pct3ResTime" : 1012.0,
    "throughput" : 959.3798568605254,
    "receivedKBytesPerSec" : 1511.4671376422282,
    "sentKBytesPerSec" : 98.76386528747818
  },
  "Total" : {
    "transaction" : "Total",
    "sampleCount" : 300000,
    "errorCount" : 152149,
    "errorPct" : 50.71633,
    "meanResTime" : 191.1264433333314,
    "medianResTime" : 4.0,
    "minResTime" : 2.0,
    "maxResTime" : 4437.0,
    "pct1ResTime" : 708.0,
    "pct2ResTime" : 868.0,
    "pct3ResTime" : 1012.0,
    "throughput" : 1068.8518749443306,
    "receivedKBytesPerSec" : 1366.318803860114,
    "sentKBytesPerSec" : 132.0723374732787
  },
  "Monolithic-based client" : {
    "transaction" : "Monolithic-based client",
    "sampleCount" : 100000,
    "errorCount" : 43636,
    "errorPct" : 43.636,
    "meanResTime" : 28.87879999999998,
    "medianResTime" : 40.0,
    "minResTime" : 3.0,
    "maxResTime" : 1076.0,
    "pct1ResTime" : 51.0,
    "pct2ResTime" : 55.0,
    "pct3ResTime" : 63.0,
    "throughput" : 1097.056597149847,
    "receivedKBytesPerSec" : 1254.5158877793378,
    "sentKBytesPerSec" : 146.7361623451779
  }
}