{
  "Microservice-based client" : {
    "transaction" : "Microservice-based client",
    "sampleCount" : 100000,
    "errorCount" : 43535,
    "errorPct" : 43.535,
    "meanResTime" : 60.171450000000625,
    "medianResTime" : 53.0,
    "minResTime" : 3.0,
    "maxResTime" : 5135.0,
    "pct1ResTime" : 67.0,
    "pct2ResTime" : 71.0,
    "pct3ResTime" : 82.0,
    "throughput" : 1177.870175149295,
    "receivedKBytesPerSec" : 1314.4133373736734,
    "sentKBytesPerSec" : 157.82764437375587
  },
  "Microservice-based client with caching" : {
    "transaction" : "Microservice-based client with caching",
    "sampleCount" : 100000,
    "errorCount" : 66133,
    "errorPct" : 66.133,
    "meanResTime" : 772.983710000004,
    "medianResTime" : 4.0,
    "minResTime" : 1.0,
    "maxResTime" : 6967.0,
    "pct1ResTime" : 757.0,
    "pct2ResTime" : 972.9500000000007,
    "pct3ResTime" : 1336.9900000000016,
    "throughput" : 954.7633141744162,
    "receivedKBytesPerSec" : 1529.9535358465887,
    "sentKBytesPerSec" : 95.04712614750616
  },
  "Total" : {
    "transaction" : "Total",
    "sampleCount" : 300000,
    "errorCount" : 153204,
    "errorPct" : 51.068,
    "meanResTime" : 287.0623399999963,
    "medianResTime" : 4.0,
    "minResTime" : 1.0,
    "maxResTime" : 6967.0,
    "pct1ResTime" : 757.0,
    "pct2ResTime" : 972.9500000000007,
    "pct3ResTime" : 1336.9900000000016,
    "throughput" : 1071.436224544461,
    "receivedKBytesPerSec" : 1378.4661345516308,
    "sentKBytesPerSec" : 131.2638910032393
  },
  "Monolithic-based client" : {
    "transaction" : "Monolithic-based client",
    "sampleCount" : 100000,
    "errorCount" : 43536,
    "errorPct" : 43.536,
    "meanResTime" : 28.031860000000105,
    "medianResTime" : 40.0,
    "minResTime" : 3.0,
    "maxResTime" : 318.0,
    "pct1ResTime" : 51.0,
    "pct2ResTime" : 55.0,
    "pct3ResTime" : 62.0,
    "throughput" : 1106.7088691648773,
    "receivedKBytesPerSec" : 1263.099109929392,
    "sentKBytesPerSec" : 148.2898235352708
  }
}