{
  "Microservice-based client" : {
    "transaction" : "Microservice-based client",
    "sampleCount" : 100000,
    "errorCount" : 43536,
    "errorPct" : 43.536,
    "meanResTime" : 37.24944999999989,
    "medianResTime" : 53.0,
    "minResTime" : 3.0,
    "maxResTime" : 1070.0,
    "pct1ResTime" : 68.0,
    "pct2ResTime" : 73.0,
    "pct3ResTime" : 83.0,
    "throughput" : 1155.4148517025037,
    "receivedKBytesPerSec" : 1289.3810514852858,
    "sentKBytesPerSec" : 154.81602184889482
  },
  "Microservice-based client with caching" : {
    "transaction" : "Microservice-based client with caching",
    "sampleCount" : 100000,
    "errorCount" : 67249,
    "errorPct" : 67.249,
    "meanResTime" : 316.2810299999973,
    "medianResTime" : 4.0,
    "minResTime" : 2.0,
    "maxResTime" : 3026.0,
    "pct1ResTime" : 514.0,
    "pct2ResTime" : 707.0,
    "pct3ResTime" : 933.9900000000016,
    "throughput" : 984.3197858120146,
    "receivedKBytesPerSec" : 1602.976383092339,
    "sentKBytesPerSec" : 94.76049461761637
  },
  "Total" : {
    "transaction" : "Total",
    "sampleCount" : 300000,
    "errorCount" : 154321,
    "errorPct" : 51.440334,
    "meanResTime" : 127.28809999999979,
    "medianResTime" : 4.0,
    "minResTime" : 2.0,
    "maxResTime" : 3026.0,
    "pct1ResTime" : 514.0,
    "pct2ResTime" : 707.0,
    "pct3ResTime" : 933.9900000000016,
    "throughput" : 1074.5832407997764,
    "receivedKBytesPerSec" : 1391.8608546787354,
    "sentKBytesPerSec" : 130.47355694104658
  },
  "Monolithic-based client" : {
    "transaction" : "Monolithic-based client",
    "sampleCount" : 100000,
    "errorCount" : 43536,
    "errorPct" : 43.536,
    "meanResTime" : 28.333819999999843,
    "medianResTime" : 40.0,
    "minResTime" : 3.0,
    "maxResTime" : 1072.0,
    "pct1ResTime" : 52.0,
    "pct2ResTime" : 55.0,
    "pct3ResTime" : 64.0,
    "throughput" : 1098.4906738141792,
    "receivedKBytesPerSec" : 1253.7195924050354,
    "sentKBytesPerSec" : 147.18865341520748
  }
}