{
  "Total" : {
    "transaction" : "Total",
    "sampleCount" : 100,
    "errorCount" : 0,
    "errorPct" : 0.0,
    "meanResTime" : 38379.18999999999,
    "medianResTime" : 39431.5,
    "minResTime" : 6396.0,
    "maxResTime" : 67055.0,
    "pct1ResTime" : 63595.3,
    "pct2ResTime" : 66425.2,
    "pct3ResTime" : 67052.87,
    "throughput" : 1.4909128859600733,
    "receivedKBytesPerSec" : 16507.050794936116,
    "sentKBytesPerSec" : 0.1863641107450092
  },
  "HTTP Request" : {
    "transaction" : "HTTP Request",
    "sampleCount" : 100,
    "errorCount" : 0,
    "errorPct" : 0.0,
    "meanResTime" : 38379.18999999999,
    "medianResTime" : 39431.5,
    "minResTime" : 6396.0,
    "maxResTime" : 67055.0,
    "pct1ResTime" : 63595.3,
    "pct2ResTime" : 66425.2,
    "pct3ResTime" : 67052.87,
    "throughput" : 1.4909128859600733,
    "receivedKBytesPerSec" : 16507.050794936116,
    "sentKBytesPerSec" : 0.1863641107450092
  }
}