{
  "Microservice-based client" : {
    "transaction" : "Microservice-based client",
    "sampleCount" : 10000,
    "errorCount" : 0,
    "errorPct" : 0.0,
    "meanResTime" : 10079.388199999987,
    "medianResTime" : 9953.5,
    "minResTime" : 14.0,
    "maxResTime" : 21726.0,
    "pct1ResTime" : 17417.8,
    "pct2ResTime" : 19116.04999999996,
    "pct3ResTime" : 20640.989999999998,
    "throughput" : 343.05317324185245,
    "receivedKBytesPerSec" : 38002.75481078473,
    "sentKBytesPerSec" : 42.88164665523156
  },
  "Microservice-based client with caching" : {
    "transaction" : "Microservice-based client with caching",
    "sampleCount" : 10000,
    "errorCount" : 0,
    "errorPct" : 0.0,
    "meanResTime" : 17927.393299999934,
    "medianResTime" : 19046.5,
    "minResTime" : 5.0,
    "maxResTime" : 66122.0,
    "pct1ResTime" : 25895.0,
    "pct2ResTime" : 28318.949999999975,
    "pct3ResTime" : 34125.39999999999,
    "throughput" : 149.29384013615598,
    "receivedKBytesPerSec" : 16509.65347966618,
    "sentKBytesPerSec" : 27.992595025529248
  },
  "Total" : {
    "transaction" : "Total",
    "sampleCount" : 30000,
    "errorCount" : 0,
    "errorPct" : 0.0,
    "meanResTime" : 11925.048200000036,
    "medianResTime" : 14077.0,
    "minResTime" : 5.0,
    "maxResTime" : 66122.0,
    "pct1ResTime" : 23947.0,
    "pct2ResTime" : 25895.0,
    "pct3ResTime" : 31248.910000000014,
    "throughput" : 235.74156438102122,
    "receivedKBytesPerSec" : 26098.916592547226,
    "sentKBytesPerSec" : 34.37897813889893
  },
  "Monolithic-based client" : {
    "transaction" : "Monolithic-based client",
    "sampleCount" : 10000,
    "errorCount" : 0,
    "errorPct" : 0.0,
    "meanResTime" : 7768.363100000006,
    "medianResTime" : 7584.5,
    "minResTime" : 118.0,
    "maxResTime" : 20891.0,
    "pct1ResTime" : 14186.9,
    "pct2ResTime" : 16061.899999999998,
    "pct3ResTime" : 19118.89,
    "throughput" : 321.32643552585074,
    "receivedKBytesPerSec" : 35592.23725539025,
    "sentKBytesPerSec" : 40.16580444073134
  }
}