{
  "Microservice-based client" : {
    "transaction" : "Microservice-based client",
    "sampleCount" : 3000,
    "errorCount" : 2,
    "errorPct" : 0.06666667,
    "meanResTime" : 14181.86366666663,
    "medianResTime" : 14571.0,
    "minResTime" : 65.0,
    "maxResTime" : 40633.0,
    "pct1ResTime" : 15965.9,
    "pct2ResTime" : 16457.9,
    "pct3ResTime" : 20674.869999999995,
    "throughput" : 73.70645177141172,
    "receivedKBytesPerSec" : 8169.907815110437,
    "sentKBytesPerSec" : 9.141327514618446
  },
  "Microservice-based client with caching" : {
    "transaction" : "Microservice-based client with caching",
    "sampleCount" : 3000,
    "errorCount" : 0,
    "errorPct" : 0.0,
    "meanResTime" : 730.8406666666675,
    "medianResTime" : 813.5,
    "minResTime" : 2.0,
    "maxResTime" : 2150.0,
    "pct1ResTime" : 1084.0,
    "pct2ResTime" : 1156.9499999999998,
    "pct3ResTime" : 1271.9699999999993,
    "throughput" : 1120.6574523720583,
    "receivedKBytesPerSec" : 12489.20199850579,
    "sentKBytesPerSec" : 209.02888027642882
  },
  "Total" : {
    "transaction" : "Total",
    "sampleCount" : 9000,
    "errorCount" : 2,
    "errorPct" : 0.022222223,
    "meanResTime" : 8300.226555555533,
    "medianResTime" : 10340.0,
    "minResTime" : 2.0,
    "maxResTime" : 40633.0,
    "pct1ResTime" : 15251.900000000001,
    "pct2ResTime" : 15773.899999999998,
    "pct3ResTime" : 17390.789999999994,
    "throughput" : 134.80318734647415,
    "receivedKBytesPerSec" : 10458.74896674293,
    "sentKBytesPerSec" : 19.527154417051108
  },
  "Monolithic-based client" : {
    "transaction" : "Monolithic-based client",
    "sampleCount" : 3000,
    "errorCount" : 0,
    "errorPct" : 0.0,
    "meanResTime" : 9987.975333333345,
    "medianResTime" : 10487.0,
    "minResTime" : 61.0,
    "maxResTime" : 21686.0,
    "pct1ResTime" : 12356.300000000001,
    "pct2ResTime" : 12958.9,
    "pct3ResTime" : 15044.589999999991,
    "throughput" : 128.33126577405142,
    "receivedKBytesPerSec" : 14214.94350750738,
    "sentKBytesPerSec" : 15.916084720023957
  }
}