{
  "Microservice-based client" : {
    "transaction" : "Microservice-based client",
    "sampleCount" : 3000,
    "errorCount" : 0,
    "errorPct" : 0.0,
    "meanResTime" : 15311.860666666664,
    "medianResTime" : 15269.0,
    "minResTime" : 109.0,
    "maxResTime" : 46234.0,
    "pct1ResTime" : 16839.5,
    "pct2ResTime" : 18928.9,
    "pct3ResTime" : 25676.749999999993,
    "throughput" : 64.03688524590163,
    "receivedKBytesPerSec" : 7107.961581704395,
    "sentKBytesPerSec" : 7.942074634989754
  },
  "Microservice-based client with caching" : {
    "transaction" : "Microservice-based client with caching",
    "sampleCount" : 3000,
    "errorCount" : 0,
    "errorPct" : 0.0,
    "meanResTime" : 698.5489999999998,
    "medianResTime" : 726.5,
    "minResTime" : 2.0,
    "maxResTime" : 2104.0,
    "pct1ResTime" : 1208.0,
    "pct2ResTime" : 1264.0,
    "pct3ResTime" : 1427.9799999999996,
    "throughput" : 1094.4910616563297,
    "receivedKBytesPerSec" : 12197.589839474644,
    "sentKBytesPerSec" : 204.14823513316307
  },
  "Total" : {
    "transaction" : "Total",
    "sampleCount" : 9000,
    "errorCount" : 0,
    "errorPct" : 0.0,
    "meanResTime" : 9080.122777777771,
    "medianResTime" : 11754.0,
    "minResTime" : 2.0,
    "maxResTime" : 46234.0,
    "pct1ResTime" : 16003.900000000001,
    "pct2ResTime" : 16595.949999999997,
    "pct3ResTime" : 21625.909999999974,
    "throughput" : 119.12009953146094,
    "receivedKBytesPerSec" : 9248.903244595753,
    "sentKBytesPerSec" : 17.255352959472695
  },
  "Monolithic-based client" : {
    "transaction" : "Monolithic-based client",
    "sampleCount" : 3000,
    "errorCount" : 0,
    "errorPct" : 0.0,
    "meanResTime" : 11229.95866666665,
    "medianResTime" : 11862.0,
    "minResTime" : 103.0,
    "maxResTime" : 24345.0,
    "pct1ResTime" : 13891.9,
    "pct2ResTime" : 14534.699999999999,
    "pct3ResTime" : 17344.93,
    "throughput" : 115.56240369799691,
    "receivedKBytesPerSec" : 12802.93751203775,
    "sentKBytesPerSec" : 14.332446552388289
  }
}