{
  "Microservice-based client" : {
    "transaction" : "Microservice-based client",
    "sampleCount" : 3000,
    "errorCount" : 0,
    "errorPct" : 0.0,
    "meanResTime" : 14483.926999999992,
    "medianResTime" : 14517.0,
    "minResTime" : 100.0,
    "maxResTime" : 44080.0,
    "pct1ResTime" : 16067.9,
    "pct2ResTime" : 18298.8,
    "pct3ResTime" : 24721.89,
    "throughput" : 67.7323218639935,
    "receivedKBytesPerSec" : 7516.270088630565,
    "sentKBytesPerSec" : 8.400395387428881
  },
  "Microservice-based client with caching" : {
    "transaction" : "Microservice-based client with caching",
    "sampleCount" : 3000,
    "errorCount" : 0,
    "errorPct" : 0.0,
    "meanResTime" : 1027.8950000000004,
    "medianResTime" : 1062.0,
    "minResTime" : 2.0,
    "maxResTime" : 2303.0,
    "pct1ResTime" : 1507.8000000000002,
    "pct2ResTime" : 1641.8999999999996,
    "pct3ResTime" : 1912.9899999999998,
    "throughput" : 1143.7285550895922,
    "receivedKBytesPerSec" : 12746.318623713305,
    "sentKBytesPerSec" : 213.33218166221883
  },
  "Total" : {
    "transaction" : "Total",
    "sampleCount" : 9000,
    "errorCount" : 0,
    "errorPct" : 0.0,
    "meanResTime" : 8881.188777777754,
    "medianResTime" : 11205.0,
    "minResTime" : 2.0,
    "maxResTime" : 44080.0,
    "pct1ResTime" : 15238.7,
    "pct2ResTime" : 15834.899999999998,
    "pct3ResTime" : 20404.97,
    "throughput" : 125.2871163082063,
    "receivedKBytesPerSec" : 9725.718144228093,
    "sentKBytesPerSec" : 18.14868709542702
  },
  "Monolithic-based client" : {
    "transaction" : "Monolithic-based client",
    "sampleCount" : 3000,
    "errorCount" : 0,
    "errorPct" : 0.0,
    "meanResTime" : 11131.74433333333,
    "medianResTime" : 11370.5,
    "minResTime" : 84.0,
    "maxResTime" : 23767.0,
    "pct1ResTime" : 13422.9,
    "pct2ResTime" : 14090.9,
    "pct3ResTime" : 16631.759999999995,
    "throughput" : 120.41422493377218,
    "receivedKBytesPerSec" : 13337.992067712932,
    "sentKBytesPerSec" : 14.934186100184634
  }
}