{
  "Microservice-based client" : {
    "transaction" : "Microservice-based client",
    "sampleCount" : 3000,
    "errorCount" : 0,
    "errorPct" : 0.0,
    "meanResTime" : 14587.39599999998,
    "medianResTime" : 14841.0,
    "minResTime" : 91.0,
    "maxResTime" : 50195.0,
    "pct1ResTime" : 16818.9,
    "pct2ResTime" : 18843.999999999996,
    "pct3ResTime" : 26101.69999999997,
    "throughput" : 58.60061725983514,
    "receivedKBytesPerSec" : 6447.194987602306,
    "sentKBytesPerSec" : 7.267849992186584
  },
  "Microservice-based client with caching" : {
    "transaction" : "Microservice-based client with caching",
    "sampleCount" : 3000,
    "errorCount" : 3000,
    "errorPct" : 100.0,
    "meanResTime" : 1537.2169999999985,
    "medianResTime" : 1575.0,
    "minResTime" : 5.0,
    "maxResTime" : 2881.0,
    "pct1ResTime" : 2695.0,
    "pct2ResTime" : 2782.95,
    "pct3ResTime" : 2852.99,
    "throughput" : 664.3046944198405,
    "receivedKBytesPerSec" : 150.50653232949512,
    "sentKBytesPerSec" : 123.90839515057573
  },
  "Total" : {
    "transaction" : "Total",
    "sampleCount" : 9000,
    "errorCount" : 3000,
    "errorPct" : 33.333332,
    "meanResTime" : 8513.353888888829,
    "medianResTime" : 9445.5,
    "minResTime" : 5.0,
    "maxResTime" : 50195.0,
    "pct1ResTime" : 15575.900000000001,
    "pct2ResTime" : 16333.949999999999,
    "pct3ResTime" : 20872.93,
    "throughput" : 113.84335154826958,
    "receivedKBytesPerSec" : 8351.317581148964,
    "sentKBytesPerSec" : 16.49098028612629
  },
  "Monolithic-based client" : {
    "transaction" : "Monolithic-based client",
    "sampleCount" : 3000,
    "errorCount" : 0,
    "errorPct" : 0.0,
    "meanResTime" : 9415.44866666667,
    "medianResTime" : 9673.0,
    "minResTime" : 116.0,
    "maxResTime" : 22906.0,
    "pct1ResTime" : 11517.8,
    "pct2ResTime" : 12173.9,
    "pct3ResTime" : 14698.819999999996,
    "throughput" : 128.5402116628819,
    "receivedKBytesPerSec" : 14117.330434037449,
    "sentKBytesPerSec" : 15.941998907408202
  }
}