{
  "Microservice-based client" : {
    "transaction" : "Microservice-based client",
    "sampleCount" : 3000,
    "errorCount" : 0,
    "errorPct" : 0.0,
    "meanResTime" : 15226.07533333331,
    "medianResTime" : 15821.0,
    "minResTime" : 124.0,
    "maxResTime" : 56622.0,
    "pct1ResTime" : 17714.0,
    "pct2ResTime" : 19630.299999999996,
    "pct3ResTime" : 27718.749999999993,
    "throughput" : 52.14942548716255,
    "receivedKBytesPerSec" : 5736.964850472386,
    "sentKBytesPerSec" : 6.467751012568011
  },
  "Microservice-based client with caching" : {
    "transaction" : "Microservice-based client with caching",
    "sampleCount" : 3000,
    "errorCount" : 0,
    "errorPct" : 0.0,
    "meanResTime" : 983.2386666666663,
    "medianResTime" : 1088.5,
    "minResTime" : 2.0,
    "maxResTime" : 2417.0,
    "pct1ResTime" : 1419.0,
    "pct2ResTime" : 1458.9499999999998,
    "pct3ResTime" : 1654.859999999997,
    "throughput" : 1054.4815465729348,
    "receivedKBytesPerSec" : 11751.702548330404,
    "sentKBytesPerSec" : 196.68552284710017
  },
  "Total" : {
    "transaction" : "Total",
    "sampleCount" : 9000,
    "errorCount" : 0,
    "errorPct" : 0.0,
    "meanResTime" : 8830.472666666661,
    "medianResTime" : 10316.5,
    "minResTime" : 2.0,
    "maxResTime" : 56622.0,
    "pct1ResTime" : 16648.0,
    "pct2ResTime" : 17338.59999999999,
    "pct3ResTime" : 22418.97,
    "throughput" : 108.75081563111723,
    "receivedKBytesPerSec" : 8372.834636266283,
    "sentKBytesPerSec" : 15.753291977814834
  },
  "Monolithic-based client" : {
    "transaction" : "Monolithic-based client",
    "sampleCount" : 3000,
    "errorCount" : 0,
    "errorPct" : 0.0,
    "meanResTime" : 10282.104000000008,
    "medianResTime" : 10550.0,
    "minResTime" : 111.0,
    "maxResTime" : 21810.0,
    "pct1ResTime" : 12268.9,
    "pct2ResTime" : 12853.55,
    "pct3ResTime" : 15228.779999999995,
    "throughput" : 134.0542472854015,
    "receivedKBytesPerSec" : 14721.617504133339,
    "sentKBytesPerSec" : 16.625868559810534
  }
}