{
  "Microservice-based client" : {
    "transaction" : "Microservice-based client",
    "sampleCount" : 3000,
    "errorCount" : 0,
    "errorPct" : 0.0,
    "meanResTime" : 16212.54166666668,
    "medianResTime" : 16062.5,
    "minResTime" : 70.0,
    "maxResTime" : 54610.0,
    "pct1ResTime" : 18145.8,
    "pct2ResTime" : 21037.94999999999,
    "pct3ResTime" : 28349.599999999948,
    "throughput" : 53.98984990821726,
    "receivedKBytesPerSec" : 5940.848126411609,
    "sentKBytesPerSec" : 6.696006775726163
  },
  "Microservice-based client with caching" : {
    "transaction" : "Microservice-based client with caching",
    "sampleCount" : 3000,
    "errorCount" : 0,
    "errorPct" : 0.0,
    "meanResTime" : 3918.8986666666665,
    "medianResTime" : 3914.5,
    "minResTime" : 17.0,
    "maxResTime" : 7849.0,
    "pct1ResTime" : 6992.9,
    "pct2ResTime" : 7250.849999999999,
    "pct3ResTime" : 7522.99,
    "throughput" : 334.63469046291135,
    "receivedKBytesPerSec" : 36691.51735917457,
    "sentKBytesPerSec" : 62.41721277189069
  },
  "Total" : {
    "transaction" : "Total",
    "sampleCount" : 9000,
    "errorCount" : 0,
    "errorPct" : 0.0,
    "meanResTime" : 10188.094111111119,
    "medianResTime" : 10613.0,
    "minResTime" : 17.0,
    "maxResTime" : 54610.0,
    "pct1ResTime" : 16879.7,
    "pct2ResTime" : 17636.85,
    "pct3ResTime" : 23196.62999999999,
    "throughput" : 101.92640913260625,
    "receivedKBytesPerSec" : 11195.290944599457,
    "sentKBytesPerSec" : 14.764730489586517
  },
  "Monolithic-based client" : {
    "transaction" : "Monolithic-based client",
    "sampleCount" : 3000,
    "errorCount" : 0,
    "errorPct" : 0.0,
    "meanResTime" : 10432.842000000019,
    "medianResTime" : 10647.0,
    "minResTime" : 120.0,
    "maxResTime" : 22661.0,
    "pct1ResTime" : 12473.8,
    "pct2ResTime" : 13073.9,
    "pct3ResTime" : 16050.939999999999,
    "throughput" : 126.25731240267665,
    "receivedKBytesPerSec" : 13866.603888725222,
    "sentKBytesPerSec" : 15.658865893691344
  }
}