{
  "Microservice-based client with caching" : {
    "transaction" : "Microservice-based client with caching",
    "sampleCount" : 5000,
    "errorCount" : 0,
    "errorPct" : 0.0,
    "meanResTime" : 10519.459800000008,
    "medianResTime" : 10777.5,
    "minResTime" : 217.0,
    "maxResTime" : 21104.0,
    "pct1ResTime" : 18374.9,
    "pct2ResTime" : 19613.75,
    "pct3ResTime" : 20619.98,
    "throughput" : 192.18942189421895,
    "receivedKBytesPerSec" : 49546.5831123155,
    "sentKBytesPerSec" : 35.84783162284748
  },
  "Total" : {
    "transaction" : "Total",
    "sampleCount" : 5000,
    "errorCount" : 0,
    "errorPct" : 0.0,
    "meanResTime" : 10519.459800000008,
    "medianResTime" : 10777.5,
    "minResTime" : 217.0,
    "maxResTime" : 21104.0,
    "pct1ResTime" : 18374.9,
    "pct2ResTime" : 19613.75,
    "pct3ResTime" : 20619.98,
    "throughput" : 192.18942189421895,
    "receivedKBytesPerSec" : 49546.5831123155,
    "sentKBytesPerSec" : 35.84783162284748
  }
}