{
  "Microservice-based client with caching" : {
    "transaction" : "Microservice-based client with caching",
    "sampleCount" : 5000,
    "errorCount" : 0,
    "errorPct" : 0.0,
    "meanResTime" : 10153.899400000037,
    "medianResTime" : 9921.0,
    "minResTime" : 105.0,
    "maxResTime" : 21252.0,
    "pct1ResTime" : 18300.000000000007,
    "pct2ResTime" : 19336.85,
    "pct3ResTime" : 20154.989999999998,
    "throughput" : 196.7419532541119,
    "receivedKBytesPerSec" : 50720.229253561025,
    "sentKBytesPerSec" : 36.69698542142126
  },
  "Total" : {
    "transaction" : "Total",
    "sampleCount" : 5000,
    "errorCount" : 0,
    "errorPct" : 0.0,
    "meanResTime" : 10153.899400000037,
    "medianResTime" : 9921.0,
    "minResTime" : 105.0,
    "maxResTime" : 21252.0,
    "pct1ResTime" : 18300.000000000007,
    "pct2ResTime" : 19336.85,
    "pct3ResTime" : 20154.989999999998,
    "throughput" : 196.7419532541119,
    "receivedKBytesPerSec" : 50720.229253561025,
    "sentKBytesPerSec" : 36.69698542142126
  }
}