{
  "Microservice-based client with caching" : {
    "transaction" : "Microservice-based client with caching",
    "sampleCount" : 4000,
    "errorCount" : 0,
    "errorPct" : 0.0,
    "meanResTime" : 8591.934749999999,
    "medianResTime" : 8496.0,
    "minResTime" : 312.0,
    "maxResTime" : 17657.0,
    "pct1ResTime" : 15107.0,
    "pct2ResTime" : 15911.9,
    "pct3ResTime" : 16622.0,
    "throughput" : 189.12529550827423,
    "receivedKBytesPerSec" : 48756.64893617022,
    "sentKBytesPerSec" : 35.27630023640662
  },
  "Total" : {
    "transaction" : "Total",
    "sampleCount" : 4000,
    "errorCount" : 0,
    "errorPct" : 0.0,
    "meanResTime" : 8591.934749999999,
    "medianResTime" : 8496.0,
    "minResTime" : 312.0,
    "maxResTime" : 17657.0,
    "pct1ResTime" : 15107.0,
    "pct2ResTime" : 15911.9,
    "pct3ResTime" : 16622.0,
    "throughput" : 189.12529550827423,
    "receivedKBytesPerSec" : 48756.64893617022,
    "sentKBytesPerSec" : 35.27630023640662
  }
}