{
  "Microservice-based client with caching" : {
    "transaction" : "Microservice-based client with caching",
    "sampleCount" : 5000,
    "errorCount" : 0,
    "errorPct" : 0.0,
    "meanResTime" : 10245.464400000026,
    "medianResTime" : 10165.0,
    "minResTime" : 114.0,
    "maxResTime" : 20909.0,
    "pct1ResTime" : 18211.600000000002,
    "pct2ResTime" : 19249.95,
    "pct3ResTime" : 20088.989999999998,
    "throughput" : 196.1476599584167,
    "receivedKBytesPerSec" : 50567.01997763917,
    "sentKBytesPerSec" : 36.58613579302499
  },
  "Total" : {
    "transaction" : "Total",
    "sampleCount" : 5000,
    "errorCount" : 0,
    "errorPct" : 0.0,
    "meanResTime" : 10245.464400000026,
    "medianResTime" : 10165.0,
    "minResTime" : 114.0,
    "maxResTime" : 20909.0,
    "pct1ResTime" : 18211.600000000002,
    "pct2ResTime" : 19249.95,
    "pct3ResTime" : 20088.989999999998,
    "throughput" : 196.1476599584167,
    "receivedKBytesPerSec" : 50567.01997763917,
    "sentKBytesPerSec" : 36.58613579302499
  }
}