{
  "Microservice-based client" : {
    "transaction" : "Microservice-based client",
    "sampleCount" : 7000,
    "errorCount" : 1,
    "errorPct" : 0.014285714,
    "meanResTime" : 35302.98171428577,
    "medianResTime" : 34377.5,
    "minResTime" : 866.0,
    "maxResTime" : 137739.0,
    "pct1ResTime" : 44673.80000000001,
    "pct2ResTime" : 52839.85,
    "pct3ResTime" : 69953.7899999999,
    "throughput" : 50.26316356351469,
    "receivedKBytesPerSec" : 5529.232804893209,
    "sentKBytesPerSec" : 6.2338103247718415
  },
  "Microservice-based client with caching" : {
    "transaction" : "Microservice-based client with caching",
    "sampleCount" : 7000,
    "errorCount" : 0,
    "errorPct" : 0.0,
    "meanResTime" : 7748.273857142842,
    "medianResTime" : 7803.5,
    "minResTime" : 7.0,
    "maxResTime" : 15588.0,
    "pct1ResTime" : 14023.500000000004,
    "pct2ResTime" : 14797.849999999999,
    "pct3ResTime" : 15468.98,
    "throughput" : 362.58158085569255,
    "receivedKBytesPerSec" : 39755.79563995649,
    "sentKBytesPerSec" : 67.62996283538796
  },
  "Total" : {
    "transaction" : "Total",
    "sampleCount" : 21000,
    "errorCount" : 1,
    "errorPct" : 0.004761905,
    "meanResTime" : 23359.312476190487,
    "medianResTime" : 27136.0,
    "minResTime" : 7.0,
    "maxResTime" : 137739.0,
    "pct1ResTime" : 37314.0,
    "pct2ResTime" : 42156.9,
    "pct3ResTime" : 58882.41000000009,
    "throughput" : 93.35366368675845,
    "receivedKBytesPerSec" : 10252.73028643599,
    "sentKBytesPerSec" : 13.522910267124841
  },
  "Monolithic-based client" : {
    "transaction" : "Monolithic-based client",
    "sampleCount" : 7000,
    "errorCount" : 0,
    "errorPct" : 0.0,
    "meanResTime" : 27026.681857142903,
    "medianResTime" : 27283.5,
    "minResTime" : 1256.0,
    "maxResTime" : 66263.0,
    "pct1ResTime" : 31998.300000000003,
    "pct2ResTime" : 35148.79999999999,
    "pct3ResTime" : 45326.48999999995,
    "throughput" : 105.46139359698682,
    "receivedKBytesPerSec" : 11582.627118644068,
    "sentKBytesPerSec" : 13.079684557438794
  }
}