{
  "Microservice-based client" : {
    "transaction" : "Microservice-based client",
    "sampleCount" : 1000,
    "errorCount" : 0,
    "errorPct" : 0.0,
    "meanResTime" : 315084.6770000001,
    "medianResTime" : 314639.0,
    "minResTime" : 4792.0,
    "maxResTime" : 626238.0,
    "pct1ResTime" : 566540.9,
    "pct2ResTime" : 597627.25,
    "pct3ResTime" : 622944.86,
    "throughput" : 1.5943521668840301,
    "receivedKBytesPerSec" : 17651.99180143011,
    "sentKBytesPerSec" : 0.19929402086050374
  },
  "Microservice-based client with caching" : {
    "transaction" : "Microservice-based client with caching",
    "sampleCount" : 1000,
    "errorCount" : 816,
    "errorPct" : 81.6,
    "meanResTime" : 97529.678,
    "medianResTime" : 96334.0,
    "minResTime" : 7715.0,
    "maxResTime" : 177333.0,
    "pct1ResTime" : 176878.3,
    "pct2ResTime" : 177089.9,
    "pct3ResTime" : 177278.85,
    "throughput" : 5.635898418566904,
    "receivedKBytesPerSec" : 11467.843677085564,
    "sentKBytesPerSec" : 0.1944384954405582
  },
  "Total" : {
    "transaction" : "Total",
    "sampleCount" : 3000,
    "errorCount" : 816,
    "errorPct" : 27.2,
    "meanResTime" : 243760.5313333336,
    "medianResTime" : 177026.5,
    "minResTime" : 4792.0,
    "maxResTime" : 628323.0,
    "pct1ResTime" : 536187.6,
    "pct2ResTime" : 583731.9999999999,
    "pct3ResTime" : 622368.7299999999,
    "throughput" : 2.092483589697448,
    "receivedKBytesPerSec" : 16858.650839246126,
    "sentKBytesPerSec" : 0.19843719375630797
  },
  "Monolithic-based client" : {
    "transaction" : "Monolithic-based client",
    "sampleCount" : 1000,
    "errorCount" : 0,
    "errorPct" : 0.0,
    "meanResTime" : 318667.23899999965,
    "medianResTime" : 317711.5,
    "minResTime" : 6837.0,
    "maxResTime" : 628323.0,
    "pct1ResTime" : 572013.2999999999,
    "pct2ResTime" : 601465.05,
    "pct3ResTime" : 626295.75,
    "throughput" : 1.5897012792326195,
    "receivedKBytesPerSec" : 17588.354044657095,
    "sentKBytesPerSec" : 0.19871265990407744
  }
}