{
  "Microservice-based client" : {
    "transaction" : "Microservice-based client",
    "sampleCount" : 3000,
    "errorCount" : 3000,
    "errorPct" : 100.0,
    "meanResTime" : 533.8436666666668,
    "medianResTime" : 391.5,
    "minResTime" : 146.0,
    "maxResTime" : 3076.0,
    "pct1ResTime" : 1117.9,
    "pct2ResTime" : 1217.0,
    "pct3ResTime" : 1444.9199999999983,
    "throughput" : 692.3609508423725,
    "receivedKBytesPerSec" : 175.11863893376412,
    "sentKBytesPerSec" : 421.2313206785137
  },
  "Microservice-based client with caching" : {
    "transaction" : "Microservice-based client with caching",
    "sampleCount" : 3000,
    "errorCount" : 0,
    "errorPct" : 0.0,
    "meanResTime" : 326.0376666666666,
    "medianResTime" : 313.0,
    "minResTime" : 2.0,
    "maxResTime" : 701.0,
    "pct1ResTime" : 614.9000000000001,
    "pct2ResTime" : 630.0,
    "pct3ResTime" : 664.0,
    "throughput" : 1267.962806424345,
    "receivedKBytesPerSec" : 73.05645076077768,
    "sentKBytesPerSec" : 372.711723372781
  },
  "Total" : {
    "transaction" : "Total",
    "sampleCount" : 9000,
    "errorCount" : 6000,
    "errorPct" : 66.666664,
    "meanResTime" : 354.68966666666654,
    "medianResTime" : 239.0,
    "minResTime" : 2.0,
    "maxResTime" : 3076.0,
    "pct1ResTime" : 685.7000000000016,
    "pct2ResTime" : 989.9499999999989,
    "pct3ResTime" : 1306.9899999999998,
    "throughput" : 832.4854315049487,
    "receivedKBytesPerSec" : 155.82002705577654,
    "sentKBytesPerSec" : 419.2236206178892
  },
  "Monolithic-based client" : {
    "transaction" : "Monolithic-based client",
    "sampleCount" : 3000,
    "errorCount" : 3000,
    "errorPct" : 100.0,
    "meanResTime" : 204.18766666666653,
    "medianResTime" : 179.0,
    "minResTime" : 77.0,
    "maxResTime" : 1411.0,
    "pct1ResTime" : 254.9000000000001,
    "pct2ResTime" : 424.0,
    "pct3ResTime" : 558.0,
    "throughput" : 730.4601899196493,
    "receivedKBytesPerSec" : 183.32838750913075,
    "sentKBytesPerSec" : 444.4108382030679
  }
}