{
  "Total" : {
    "transaction" : "Total",
    "sampleCount" : 15000,
    "errorCount" : 0,
    "errorPct" : 0.0,
    "meanResTime" : 18871.094933333407,
    "medianResTime" : 20107.5,
    "minResTime" : 48.0,
    "maxResTime" : 106139.0,
    "pct1ResTime" : 28252.9,
    "pct2ResTime" : 29350.899999999998,
    "pct3ResTime" : 34045.48999999999,
    "throughput" : 58.24292736718671,
    "receivedKBytesPerSec" : 7706.608594423435,
    "sentKBytesPerSec" : 7.223488062141321
  },
  "Monolithic-based client - 4K" : {
    "transaction" : "Monolithic-based client - 4K",
    "sampleCount" : 4000,
    "errorCount" : 0,
    "errorPct" : 0.0,
    "meanResTime" : 21392.749250000063,
    "medianResTime" : 21899.0,
    "minResTime" : 48.0,
    "maxResTime" : 84070.0,
    "pct1ResTime" : 24305.9,
    "pct2ResTime" : 25270.899999999994,
    "pct3ResTime" : 31724.609999999993,
    "throughput" : 47.547726030002615,
    "receivedKBytesPerSec" : 6291.437100301928,
    "sentKBytesPerSec" : 5.897032427549152
  },
  "Monolithic-based client - 5K" : {
    "transaction" : "Monolithic-based client - 5K",
    "sampleCount" : 5000,
    "errorCount" : 0,
    "errorPct" : 0.0,
    "meanResTime" : 25615.307599999996,
    "medianResTime" : 26425.0,
    "minResTime" : 96.0,
    "maxResTime" : 106139.0,
    "pct1ResTime" : 29799.600000000002,
    "pct2ResTime" : 31245.699999999997,
    "pct3ResTime" : 38496.359999999986,
    "throughput" : 46.94703435583974,
    "receivedKBytesPerSec" : 6211.954563486474,
    "sentKBytesPerSec" : 5.822532581241843
  },
  "Monolithic-based client - 1K" : {
    "transaction" : "Monolithic-based client - 1K",
    "sampleCount" : 1000,
    "errorCount" : 0,
    "errorPct" : 0.0,
    "meanResTime" : 4226.933000000003,
    "medianResTime" : 4624.0,
    "minResTime" : 97.0,
    "maxResTime" : 11767.0,
    "pct1ResTime" : 5420.0,
    "pct2ResTime" : 5576.95,
    "pct3ResTime" : 6505.77,
    "throughput" : 83.05647840531562,
    "receivedKBytesPerSec" : 10989.896958056479,
    "sentKBytesPerSec" : 10.300949958471762
  },
  "Monolithic-based client - 2K" : {
    "transaction" : "Monolithic-based client - 2K",
    "sampleCount" : 2000,
    "errorCount" : 0,
    "errorPct" : 0.0,
    "meanResTime" : 9215.59499999999,
    "medianResTime" : 9715.0,
    "minResTime" : 63.0,
    "maxResTime" : 21711.0,
    "pct1ResTime" : 10916.8,
    "pct2ResTime" : 11225.75,
    "pct3ResTime" : 12893.43,
    "throughput" : 91.02908379227163,
    "receivedKBytesPerSec" : 12044.819022802785,
    "sentKBytesPerSec" : 11.289739884393063
  },
  "Monolithic-based client - 3K" : {
    "transaction" : "Monolithic-based client - 3K",
    "sampleCount" : 3000,
    "errorCount" : 0,
    "errorPct" : 0.0,
    "meanResTime" : 15586.92199999999,
    "medianResTime" : 15798.5,
    "minResTime" : 58.0,
    "maxResTime" : 32675.0,
    "pct1ResTime" : 17791.9,
    "pct2ResTime" : 18383.299999999996,
    "pct3ResTime" : 23594.809999999998,
    "throughput" : 91.19927040583676,
    "receivedKBytesPerSec" : 12067.337836297309,
    "sentKBytesPerSec" : 11.310847013223894
  }
}