{
  "Total" : {
    "transaction" : "Total",
    "sampleCount" : 15000,
    "errorCount" : 0,
    "errorPct" : 0.0,
    "meanResTime" : 5160.336933333336,
    "medianResTime" : 5603.5,
    "minResTime" : 7.0,
    "maxResTime" : 25350.0,
    "pct1ResTime" : 11049.0,
    "pct2ResTime" : 12167.849999999997,
    "pct3ResTime" : 15300.939999999999,
    "throughput" : 491.0787362907186,
    "receivedKBytesPerSec" : 12751.262225814371,
    "sentKBytesPerSec" : 60.90527295793092
  },
  "Monolithic-based client - 4K" : {
    "transaction" : "Monolithic-based client - 4K",
    "sampleCount" : 4000,
    "errorCount" : 0,
    "errorPct" : 0.0,
    "meanResTime" : 8457.177750000004,
    "medianResTime" : 8931.5,
    "minResTime" : 543.0,
    "maxResTime" : 21786.0,
    "pct1ResTime" : 12608.0,
    "pct2ResTime" : 14146.55,
    "pct3ResTime" : 17644.279999999984,
    "throughput" : 176.59264491633925,
    "receivedKBytesPerSec" : 4585.372886406782,
    "sentKBytesPerSec" : 21.90162685974129
  },
  "Monolithic-based client - 5K" : {
    "transaction" : "Monolithic-based client - 5K",
    "sampleCount" : 5000,
    "errorCount" : 0,
    "errorPct" : 0.0,
    "meanResTime" : 7916.394600000009,
    "medianResTime" : 7902.0,
    "minResTime" : 1593.0,
    "maxResTime" : 19632.0,
    "pct1ResTime" : 10529.600000000002,
    "pct2ResTime" : 11466.849999999999,
    "pct3ResTime" : 13804.809999999996,
    "throughput" : 253.94890548021738,
    "receivedKBytesPerSec" : 6593.991648255371,
    "sentKBytesPerSec" : 31.495616207019147
  },
  "Monolithic-based client - 1K" : {
    "transaction" : "Monolithic-based client - 1K",
    "sampleCount" : 1000,
    "errorCount" : 0,
    "errorPct" : 0.0,
    "meanResTime" : 95.52699999999997,
    "medianResTime" : 57.0,
    "minResTime" : 7.0,
    "maxResTime" : 1049.0,
    "pct1ResTime" : 265.0,
    "pct2ResTime" : 280.0,
    "pct3ResTime" : 301.99,
    "throughput" : 478.6979415988512,
    "receivedKBytesPerSec" : 12429.784735519388,
    "sentKBytesPerSec" : 59.369764241263766
  },
  "Monolithic-based client - 2K" : {
    "transaction" : "Monolithic-based client - 2K",
    "sampleCount" : 2000,
    "errorCount" : 0,
    "errorPct" : 0.0,
    "meanResTime" : 80.45450000000004,
    "medianResTime" : 54.0,
    "minResTime" : 24.0,
    "maxResTime" : 1914.0,
    "pct1ResTime" : 77.0,
    "pct2ResTime" : 92.0,
    "pct3ResTime" : 1072.99,
    "throughput" : 525.0721974271463,
    "receivedKBytesPerSec" : 13633.930329482804,
    "sentKBytesPerSec" : 65.12125886059333
  },
  "Monolithic-based client - 3K" : {
    "transaction" : "Monolithic-based client - 3K",
    "sampleCount" : 3000,
    "errorCount" : 0,
    "errorPct" : 0.0,
    "meanResTime" : 1245.9779999999998,
    "medianResTime" : 206.0,
    "minResTime" : 26.0,
    "maxResTime" : 25350.0,
    "pct1ResTime" : 3484.9,
    "pct2ResTime" : 8242.849999999999,
    "pct3ResTime" : 14012.179999999982,
    "throughput" : 110.44028861728758,
    "receivedKBytesPerSec" : 2867.6726894971284,
    "sentKBytesPerSec" : 13.697184232808128
  }
}