{
  "Microservice-based client" : {
    "transaction" : "Microservice-based client",
    "sampleCount" : 1000,
    "errorCount" : 0,
    "errorPct" : 0.0,
    "meanResTime" : 24790.371000000017,
    "medianResTime" : 29568.5,
    "minResTime" : 186.0,
    "maxResTime" : 32705.0,
    "pct1ResTime" : 31973.0,
    "pct2ResTime" : 32088.85,
    "pct3ResTime" : 32353.93,
    "throughput" : 30.377593487043956,
    "receivedKBytesPerSec" : 33635.80665088931,
    "sentKBytesPerSec" : 3.7675335672408035
  },
  "Microservice-based client with caching" : {
    "transaction" : "Microservice-based client with caching",
    "sampleCount" : 1000,
    "errorCount" : 0,
    "errorPct" : 0.0,
    "meanResTime" : 13968.275999999985,
    "medianResTime" : 17836.0,
    "minResTime" : 211.0,
    "maxResTime" : 18610.0,
    "pct1ResTime" : 18304.9,
    "pct2ResTime" : 18411.5,
    "pct3ResTime" : 18542.0,
    "throughput" : 52.26571891496368,
    "receivedKBytesPerSec" : 57773.474249333616,
    "sentKBytesPerSec" : 9.748781555427795
  },
  "Total" : {
    "transaction" : "Total",
    "sampleCount" : 3000,
    "errorCount" : 0,
    "errorPct" : 0.0,
    "meanResTime" : 21081.065000000046,
    "medianResTime" : 22565.0,
    "minResTime" : 186.0,
    "maxResTime" : 32705.0,
    "pct1ResTime" : 31387.4,
    "pct2ResTime" : 31888.95,
    "pct3ResTime" : 32149.899999999998,
    "throughput" : 35.518511064016195,
    "receivedKBytesPerSec" : 39297.36257018606,
    "sentKBytesPerSec" : 5.145096817541409
  },
  "Monolithic-based client" : {
    "transaction" : "Monolithic-based client",
    "sampleCount" : 1000,
    "errorCount" : 0,
    "errorPct" : 0.0,
    "meanResTime" : 24484.547999999995,
    "medianResTime" : 27514.5,
    "minResTime" : 241.0,
    "maxResTime" : 31633.0,
    "pct1ResTime" : 30665.9,
    "pct2ResTime" : 31026.75,
    "pct3ResTime" : 31286.81,
    "throughput" : 30.859435272334515,
    "receivedKBytesPerSec" : 34147.080167026696,
    "sentKBytesPerSec" : 3.8272932417836754
  }
}