{
  "Microservice-based client" : {
    "transaction" : "Microservice-based client",
    "sampleCount" : 1000,
    "errorCount" : 0,
    "errorPct" : 0.0,
    "meanResTime" : 13790.765000000005,
    "medianResTime" : 13966.5,
    "minResTime" : 275.0,
    "maxResTime" : 26732.0,
    "pct1ResTime" : 24208.2,
    "pct2ResTime" : 25528.199999999993,
    "pct3ResTime" : 26576.43,
    "throughput" : 35.60366005625378,
    "receivedKBytesPerSec" : 39418.704709641024,
    "sentKBytesPerSec" : 4.4504575070317225
  },
  "Microservice-based client with caching" : {
    "transaction" : "Microservice-based client with caching",
    "sampleCount" : 1000,
    "errorCount" : 0,
    "errorPct" : 0.0,
    "meanResTime" : 25854.697999999975,
    "medianResTime" : 28330.0,
    "minResTime" : 82.0,
    "maxResTime" : 30215.0,
    "pct1ResTime" : 29428.7,
    "pct2ResTime" : 29609.7,
    "pct3ResTime" : 29842.98,
    "throughput" : 32.798714290399815,
    "receivedKBytesPerSec" : 36255.13504870609,
    "sentKBytesPerSec" : 6.149758929449965
  },
  "Total" : {
    "transaction" : "Total",
    "sampleCount" : 3000,
    "errorCount" : 0,
    "errorPct" : 0.0,
    "meanResTime" : 18190.25533333333,
    "medianResTime" : 19587.5,
    "minResTime" : 82.0,
    "maxResTime" : 30215.0,
    "pct1ResTime" : 28990.8,
    "pct2ResTime" : 29292.8,
    "pct3ResTime" : 29680.899999999998,
    "throughput" : 33.61532858983696,
    "receivedKBytesPerSec" : 37190.59929609152,
    "sentKBytesPerSec" : 4.902235419351224
  },
  "Monolithic-based client" : {
    "transaction" : "Monolithic-based client",
    "sampleCount" : 1000,
    "errorCount" : 0,
    "errorPct" : 0.0,
    "meanResTime" : 14925.302999999993,
    "medianResTime" : 15129.5,
    "minResTime" : 187.0,
    "maxResTime" : 28443.0,
    "pct1ResTime" : 26086.1,
    "pct2ResTime" : 27297.7,
    "pct3ResTime" : 28294.95,
    "throughput" : 32.61365860022177,
    "receivedKBytesPerSec" : 36088.28721218446,
    "sentKBytesPerSec" : 4.076707325027722
  }
}