{
  "Microservice-based client" : {
    "transaction" : "Microservice-based client",
    "sampleCount" : 5000,
    "errorCount" : 0,
    "errorPct" : 0.0,
    "meanResTime" : 28507.74220000005,
    "medianResTime" : 21492.0,
    "minResTime" : 107.0,
    "maxResTime" : 84926.0,
    "pct1ResTime" : 63690.0,
    "pct2ResTime" : 64083.0,
    "pct3ResTime" : 65156.94,
    "throughput" : 58.12939603557519,
    "receivedKBytesPerSec" : 6450.279009747573,
    "sentKBytesPerSec" : 7.2094075161309075
  },
  "Microservice-based client with caching" : {
    "transaction" : "Microservice-based client with caching",
    "sampleCount" : 5000,
    "errorCount" : 0,
    "errorPct" : 0.0,
    "meanResTime" : 1452.2472000000016,
    "medianResTime" : 1587.5,
    "minResTime" : 2.0,
    "maxResTime" : 3832.0,
    "pct1ResTime" : 2077.9000000000005,
    "pct2ResTime" : 2190.95,
    "pct3ResTime" : 2333.0,
    "throughput" : 974.6588693957115,
    "receivedKBytesPerSec" : 10862.116228070176,
    "sentKBytesPerSec" : 181.79672270955166
  },
  "Total" : {
    "transaction" : "Total",
    "sampleCount" : 15000,
    "errorCount" : 0,
    "errorPct" : 0.0,
    "meanResTime" : 16653.93279999996,
    "medianResTime" : 18874.0,
    "minResTime" : 2.0,
    "maxResTime" : 84926.0,
    "pct1ResTime" : 25368.199999999997,
    "pct2ResTime" : 63339.95,
    "pct3ResTime" : 64509.909999999996,
    "throughput" : 106.31436448816721,
    "receivedKBytesPerSec" : 8252.697166356731,
    "sentKBytesPerSec" : 15.400355532953908
  },
  "Monolithic-based client" : {
    "transaction" : "Monolithic-based client",
    "sampleCount" : 5000,
    "errorCount" : 0,
    "errorPct" : 0.0,
    "meanResTime" : 20001.808999999983,
    "medianResTime" : 20920.0,
    "minResTime" : 132.0,
    "maxResTime" : 49839.0,
    "pct1ResTime" : 24410.200000000004,
    "pct2ResTime" : 26017.8,
    "pct3ResTime" : 33940.76999999993,
    "throughput" : 100.11613471627088,
    "receivedKBytesPerSec" : 11089.621773757559,
    "sentKBytesPerSec" : 12.416747176725002
  }
}