{
  "Microservice-based client" : {
    "transaction" : "Microservice-based client",
    "sampleCount" : 5000,
    "errorCount" : 0,
    "errorPct" : 0.0,
    "meanResTime" : 25074.590399999994,
    "medianResTime" : 24566.5,
    "minResTime" : 129.0,
    "maxResTime" : 83861.0,
    "pct1ResTime" : 29808.30000000001,
    "pct2ResTime" : 34981.95,
    "pct3ResTime" : 44985.229999999916,
    "throughput" : 59.546493902439025,
    "receivedKBytesPerSec" : 6608.994251344262,
    "sentKBytesPerSec" : 7.385160864853277
  },
  "Microservice-based client with caching" : {
    "transaction" : "Microservice-based client with caching",
    "sampleCount" : 5000,
    "errorCount" : 0,
    "errorPct" : 0.0,
    "meanResTime" : 1306.735600000002,
    "medianResTime" : 1361.0,
    "minResTime" : 277.0,
    "maxResTime" : 2896.0,
    "pct1ResTime" : 1702.0,
    "pct2ResTime" : 1821.0,
    "pct3ResTime" : 2114.0,
    "throughput" : 945.5370650529501,
    "receivedKBytesPerSec" : 10537.567369515884,
    "sentKBytesPerSec" : 176.36482365733735
  },
  "Total" : {
    "transaction" : "Total",
    "sampleCount" : 15000,
    "errorCount" : 0,
    "errorPct" : 0.0,
    "meanResTime" : 15516.61806666677,
    "medianResTime" : 19875.5,
    "minResTime" : 102.0,
    "maxResTime" : 83861.0,
    "pct1ResTime" : 26218.399999999998,
    "pct2ResTime" : 28197.949999999997,
    "pct3ResTime" : 38309.97,
    "throughput" : 108.49517196484756,
    "receivedKBytesPerSec" : 8423.61661592257,
    "sentKBytesPerSec" : 15.716260261835016
  },
  "Monolithic-based client" : {
    "transaction" : "Monolithic-based client",
    "sampleCount" : 5000,
    "errorCount" : 0,
    "errorPct" : 0.0,
    "meanResTime" : 20168.528200000103,
    "medianResTime" : 20416.0,
    "minResTime" : 102.0,
    "maxResTime" : 47218.0,
    "pct1ResTime" : 23869.9,
    "pct2ResTime" : 25509.699999999997,
    "pct3ResTime" : 32884.389999999985,
    "throughput" : 102.05331265052864,
    "receivedKBytesPerSec" : 11306.291172133322,
    "sentKBytesPerSec" : 12.657002643180798
  }
}