{
  "Microservice-based client" : {
    "transaction" : "Microservice-based client",
    "sampleCount" : 5000,
    "errorCount" : 5000,
    "errorPct" : 100.0,
    "meanResTime" : 1822.0984000000046,
    "medianResTime" : 1769.5,
    "minResTime" : 156.0,
    "maxResTime" : 4747.0,
    "pct1ResTime" : 3060.0,
    "pct2ResTime" : 3342.8999999999996,
    "pct3ResTime" : 3905.0,
    "throughput" : 933.5324869305451,
    "receivedKBytesPerSec" : 236.11808019044062,
    "sentKBytesPerSec" : 567.9597064040329
  },
  "Microservice-based client with caching" : {
    "transaction" : "Microservice-based client with caching",
    "sampleCount" : 5000,
    "errorCount" : 0,
    "errorPct" : 0.0,
    "meanResTime" : 147.65200000000033,
    "medianResTime" : 129.0,
    "minResTime" : 1.0,
    "maxResTime" : 393.0,
    "pct1ResTime" : 314.0,
    "pct2ResTime" : 332.0,
    "pct3ResTime" : 365.9899999999998,
    "throughput" : 1146.0004584001833,
    "receivedKBytesPerSec" : 66.02932328672931,
    "sentKBytesPerSec" : 336.8614628695851
  },
  "Total" : {
    "transaction" : "Total",
    "sampleCount" : 15000,
    "errorCount" : 10000,
    "errorPct" : 66.666664,
    "meanResTime" : 728.857933333337,
    "medianResTime" : 215.0,
    "minResTime" : 1.0,
    "maxResTime" : 4747.0,
    "pct1ResTime" : 2287.0,
    "pct2ResTime" : 2911.949999999999,
    "pct3ResTime" : 3591.8899999999976,
    "throughput" : 980.9050483913157,
    "receivedKBytesPerSec" : 183.6003915445985,
    "sentKBytesPerSec" : 493.96487951216324
  },
  "Monolithic-based client" : {
    "transaction" : "Monolithic-based client",
    "sampleCount" : 5000,
    "errorCount" : 5000,
    "errorPct" : 100.0,
    "meanResTime" : 216.82340000000022,
    "medianResTime" : 173.0,
    "minResTime" : 117.0,
    "maxResTime" : 1252.0,
    "pct1ResTime" : 356.0,
    "pct2ResTime" : 496.0,
    "pct3ResTime" : 1013.0,
    "throughput" : 897.6660682226212,
    "receivedKBytesPerSec" : 225.29314407540394,
    "sentKBytesPerSec" : 546.1386333034111
  }
}