{
  "Microservice-based client" : {
    "transaction" : "Microservice-based client",
    "sampleCount" : 5000,
    "errorCount" : 0,
    "errorPct" : 0.0,
    "meanResTime" : 2830.3418,
    "medianResTime" : 2890.0,
    "minResTime" : 152.0,
    "maxResTime" : 6851.0,
    "pct1ResTime" : 4518.900000000001,
    "pct2ResTime" : 5043.449999999998,
    "pct3ResTime" : 5754.99,
    "throughput" : 679.532481652623,
    "receivedKBytesPerSec" : 89.58680178037511,
    "sentKBytesPerSec" : 413.42650006795327
  },
  "Microservice-based client with caching" : {
    "transaction" : "Microservice-based client with caching",
    "sampleCount" : 5000,
    "errorCount" : 0,
    "errorPct" : 0.0,
    "meanResTime" : 874.4713999999996,
    "medianResTime" : 942.0,
    "minResTime" : 9.0,
    "maxResTime" : 1545.0,
    "pct1ResTime" : 1296.0,
    "pct2ResTime" : 1402.0,
    "pct3ResTime" : 1499.9899999999998,
    "throughput" : 1186.5211200759375,
    "receivedKBytesPerSec" : 68.36400984812529,
    "sentKBytesPerSec" : 348.7723214285714
  },
  "Total" : {
    "transaction" : "Total",
    "sampleCount" : 15000,
    "errorCount" : 0,
    "errorPct" : 0.0,
    "meanResTime" : 1717.3115333333376,
    "medianResTime" : 1267.0,
    "minResTime" : 9.0,
    "maxResTime" : 6851.0,
    "pct1ResTime" : 3702.0,
    "pct2ResTime" : 4269.0,
    "pct3ResTime" : 5322.0,
    "throughput" : 767.5775253300583,
    "receivedKBytesPerSec" : 93.69842838501688,
    "sentKBytesPerSec" : 386.5372498976563
  },
  "Monolithic-based client" : {
    "transaction" : "Monolithic-based client",
    "sampleCount" : 5000,
    "errorCount" : 0,
    "errorPct" : 0.0,
    "meanResTime" : 1447.1213999999977,
    "medianResTime" : 1346.5,
    "minResTime" : 218.0,
    "maxResTime" : 5455.0,
    "pct1ResTime" : 2682.4000000000033,
    "pct2ResTime" : 3061.749999999999,
    "pct3ResTime" : 3757.9799999999996,
    "throughput" : 627.5888038157399,
    "receivedKBytesPerSec" : 110.93122411196185,
    "sentKBytesPerSec" : 381.82404763399023
  }
}