{
  "Microservice-based client" : {
    "transaction" : "Microservice-based client",
    "sampleCount" : 100,
    "errorCount" : 0,
    "errorPct" : 0.0,
    "meanResTime" : 210.05,
    "medianResTime" : 179.5,
    "minResTime" : 40.0,
    "maxResTime" : 1034.0,
    "pct1ResTime" : 275.1,
    "pct2ResTime" : 515.3499999999999,
    "pct3ResTime" : 1033.99,
    "throughput" : 86.73026886383347,
    "receivedKBytesPerSec" : 9529.074967476148,
    "sentKBytesPerSec" : 10.756586079791846
  },
  "Microservice-based client with caching" : {
    "transaction" : "Microservice-based client with caching",
    "sampleCount" : 100,
    "errorCount" : 0,
    "errorPct" : 0.0,
    "meanResTime" : 17.77,
    "medianResTime" : 9.5,
    "minResTime" : 1.0,
    "maxResTime" : 52.0,
    "pct1ResTime" : 42.0,
    "pct2ResTime" : 47.0,
    "pct3ResTime" : 51.969999999999985,
    "throughput" : 568.1818181818182,
    "receivedKBytesPerSec" : 6332.120028409091,
    "sentKBytesPerSec" : 105.97922585227273
  },
  "Total" : {
    "transaction" : "Total",
    "sampleCount" : 300,
    "errorCount" : 0,
    "errorPct" : 0.0,
    "meanResTime" : 139.39000000000004,
    "medianResTime" : 141.5,
    "minResTime" : 1.0,
    "maxResTime" : 1034.0,
    "pct1ResTime" : 250.80000000000007,
    "pct2ResTime" : 278.9,
    "pct3ResTime" : 1031.97,
    "throughput" : 173.21016166281754,
    "receivedKBytesPerSec" : 13327.547632794458,
    "sentKBytesPerSec" : 25.090664693995382
  },
  "Monolithic-based client" : {
    "transaction" : "Monolithic-based client",
    "sampleCount" : 100,
    "errorCount" : 0,
    "errorPct" : 0.0,
    "meanResTime" : 190.35000000000005,
    "medianResTime" : 198.0,
    "minResTime" : 67.0,
    "maxResTime" : 379.0,
    "pct1ResTime" : 265.70000000000005,
    "pct2ResTime" : 325.64999999999947,
    "pct3ResTime" : 378.6199999999998,
    "throughput" : 255.75447570332483,
    "receivedKBytesPerSec" : 28086.536924552427,
    "sentKBytesPerSec" : 31.719549232736572
  }
}