{
  "Microservice-based client with caching" : {
    "transaction" : "Microservice-based client with caching",
    "sampleCount" : 10000,
    "errorCount" : 0,
    "errorPct" : 0.0,
    "meanResTime" : 2509.6429000000035,
    "medianResTime" : 2675.0,
    "minResTime" : 52.0,
    "maxResTime" : 3871.0,
    "pct1ResTime" : 2833.0,
    "pct2ResTime" : 2858.0,
    "pct3ResTime" : 2892.0,
    "throughput" : 364.2987249544626,
    "receivedKBytesPerSec" : 39947.98781876139,
    "sentKBytesPerSec" : 67.9502504553734
  },
  "Total" : {
    "transaction" : "Total",
    "sampleCount" : 10000,
    "errorCount" : 0,
    "errorPct" : 0.0,
    "meanResTime" : 2509.6429000000035,
    "medianResTime" : 2675.0,
    "minResTime" : 52.0,
    "maxResTime" : 3871.0,
    "pct1ResTime" : 2833.0,
    "pct2ResTime" : 2858.0,
    "pct3ResTime" : 2892.0,
    "throughput" : 364.2987249544626,
    "receivedKBytesPerSec" : 39947.98781876139,
    "sentKBytesPerSec" : 67.9502504553734
  }
}