{
  "Microservice-based client with caching" : {
    "transaction" : "Microservice-based client with caching",
    "sampleCount" : 11570,
    "errorCount" : 0,
    "errorPct" : 0.0,
    "meanResTime" : 2268.211581676751,
    "medianResTime" : 2485.0,
    "minResTime" : 45.0,
    "maxResTime" : 3009.0,
    "pct1ResTime" : 2675.0,
    "pct2ResTime" : 2727.0,
    "pct3ResTime" : 2810.0,
    "throughput" : 434.61928552646407,
    "receivedKBytesPerSec" : 48070.84537054863,
    "sentKBytesPerSec" : 81.06668314019008
  },
  "Total" : {
    "transaction" : "Total",
    "sampleCount" : 11570,
    "errorCount" : 0,
    "errorPct" : 0.0,
    "meanResTime" : 2268.211581676751,
    "medianResTime" : 2485.0,
    "minResTime" : 45.0,
    "maxResTime" : 3009.0,
    "pct1ResTime" : 2675.0,
    "pct2ResTime" : 2727.0,
    "pct3ResTime" : 2810.0,
    "throughput" : 434.61928552646407,
    "receivedKBytesPerSec" : 48070.84537054863,
    "sentKBytesPerSec" : 81.06668314019008
  }
}