{
  "Microservice-based client with caching" : {
    "transaction" : "Microservice-based client with caching",
    "sampleCount" : 10000,
    "errorCount" : 0,
    "errorPct" : 0.0,
    "meanResTime" : 2499.5734000000084,
    "medianResTime" : 2710.0,
    "minResTime" : 70.0,
    "maxResTime" : 3891.0,
    "pct1ResTime" : 2904.0,
    "pct2ResTime" : 2939.949999999999,
    "pct3ResTime" : 2983.0,
    "throughput" : 359.9582448435981,
    "receivedKBytesPerSec" : 39472.02280785429,
    "sentKBytesPerSec" : 67.14064918469458
  },
  "Total" : {
    "transaction" : "Total",
    "sampleCount" : 10000,
    "errorCount" : 0,
    "errorPct" : 0.0,
    "meanResTime" : 2499.5734000000084,
    "medianResTime" : 2710.0,
    "minResTime" : 70.0,
    "maxResTime" : 3891.0,
    "pct1ResTime" : 2904.0,
    "pct2ResTime" : 2939.949999999999,
    "pct3ResTime" : 2983.0,
    "throughput" : 359.9582448435981,
    "receivedKBytesPerSec" : 39472.02280785429,
    "sentKBytesPerSec" : 67.14064918469458
  }
}