{
  "Microservice-based client with caching" : {
    "transaction" : "Microservice-based client with caching",
    "sampleCount" : 10000,
    "errorCount" : 0,
    "errorPct" : 0.0,
    "meanResTime" : 2201.213100000005,
    "medianResTime" : 2364.0,
    "minResTime" : 51.0,
    "maxResTime" : 7683.0,
    "pct1ResTime" : 2616.0,
    "pct2ResTime" : 2667.0,
    "pct3ResTime" : 2744.99,
    "throughput" : 386.45849435770594,
    "receivedKBytesPerSec" : 42377.96667278559,
    "sentKBytesPerSec" : 72.08356681867367
  },
  "Total" : {
    "transaction" : "Total",
    "sampleCount" : 10000,
    "errorCount" : 0,
    "errorPct" : 0.0,
    "meanResTime" : 2201.213100000005,
    "medianResTime" : 2364.0,
    "minResTime" : 51.0,
    "maxResTime" : 7683.0,
    "pct1ResTime" : 2616.0,
    "pct2ResTime" : 2667.0,
    "pct3ResTime" : 2744.99,
    "throughput" : 386.45849435770594,
    "receivedKBytesPerSec" : 42377.96667278559,
    "sentKBytesPerSec" : 72.08356681867367
  }
}