{
  "Microservice-based client with caching" : {
    "transaction" : "Microservice-based client with caching",
    "sampleCount" : 10000,
    "errorCount" : 0,
    "errorPct" : 0.0,
    "meanResTime" : 2237.5847999999983,
    "medianResTime" : 2372.0,
    "minResTime" : 36.0,
    "maxResTime" : 4556.0,
    "pct1ResTime" : 2846.0,
    "pct2ResTime" : 3472.0,
    "pct3ResTime" : 4254.0,
    "throughput" : 382.6725853359865,
    "receivedKBytesPerSec" : 41962.814389445884,
    "sentKBytesPerSec" : 71.37740605388029
  },
  "Total" : {
    "transaction" : "Total",
    "sampleCount" : 10000,
    "errorCount" : 0,
    "errorPct" : 0.0,
    "meanResTime" : 2237.5847999999983,
    "medianResTime" : 2372.0,
    "minResTime" : 36.0,
    "maxResTime" : 4556.0,
    "pct1ResTime" : 2846.0,
    "pct2ResTime" : 3472.0,
    "pct3ResTime" : 4254.0,
    "throughput" : 382.6725853359865,
    "receivedKBytesPerSec" : 41962.814389445884,
    "sentKBytesPerSec" : 71.37740605388029
  }
}