{
  "Microservice-based client with caching" : {
    "transaction" : "Microservice-based client with caching",
    "sampleCount" : 10000,
    "errorCount" : 0,
    "errorPct" : 0.0,
    "meanResTime" : 515.8033000000029,
    "medianResTime" : 464.0,
    "minResTime" : 1.0,
    "maxResTime" : 3421.0,
    "pct1ResTime" : 911.0,
    "pct2ResTime" : 1423.0,
    "pct3ResTime" : 1640.0,
    "throughput" : 1159.017153453871,
    "receivedKBytesPerSec" : 229.76609585071859,
    "sentKBytesPerSec" : 216.18386358368105
  },
  "Total" : {
    "transaction" : "Total",
    "sampleCount" : 10000,
    "errorCount" : 0,
    "errorPct" : 0.0,
    "meanResTime" : 515.8033000000029,
    "medianResTime" : 464.0,
    "minResTime" : 1.0,
    "maxResTime" : 3421.0,
    "pct1ResTime" : 911.0,
    "pct2ResTime" : 1423.0,
    "pct3ResTime" : 1640.0,
    "throughput" : 1159.017153453871,
    "receivedKBytesPerSec" : 229.76609585071859,
    "sentKBytesPerSec" : 216.18386358368105
  }
}