{
  "Microservice-based client" : {
    "transaction" : "Microservice-based client",
    "sampleCount" : 100,
    "errorCount" : 0,
    "errorPct" : 0.0,
    "meanResTime" : 1683.8100000000002,
    "medianResTime" : 2204.0,
    "minResTime" : 143.0,
    "maxResTime" : 2573.0,
    "pct1ResTime" : 2490.6,
    "pct2ResTime" : 2520.5499999999997,
    "pct3ResTime" : 2572.68,
    "throughput" : 37.453183520599254,
    "receivedKBytesPerSec" : 41477.93956285113,
    "sentKBytesPerSec" : 4.645072565543071
  },
  "Microservice-based client with caching" : {
    "transaction" : "Microservice-based client with caching",
    "sampleCount" : 100,
    "errorCount" : 0,
    "errorPct" : 0.0,
    "meanResTime" : 1316.0199999999998,
    "medianResTime" : 1341.5,
    "minResTime" : 29.0,
    "maxResTime" : 1642.0,
    "pct1ResTime" : 1580.8,
    "pct2ResTime" : 1617.55,
    "pct3ResTime" : 1641.82,
    "throughput" : 58.241118229470004,
    "receivedKBytesPerSec" : 64378.56044336051,
    "sentKBytesPerSec" : 10.863333576004658
  },
  "Total" : {
    "transaction" : "Total",
    "sampleCount" : 300,
    "errorCount" : 0,
    "errorPct" : 0.0,
    "meanResTime" : 1601.5033333333342,
    "medianResTime" : 1581.5,
    "minResTime" : 29.0,
    "maxResTime" : 2573.0,
    "pct1ResTime" : 2398.7000000000003,
    "pct2ResTime" : 2478.0,
    "pct3ResTime" : 2536.99,
    "throughput" : 44.58314757021846,
    "receivedKBytesPerSec" : 49329.42490642183,
    "sentKBytesPerSec" : 6.4581707906078165
  },
  "Monolithic-based client" : {
    "transaction" : "Monolithic-based client",
    "sampleCount" : 100,
    "errorCount" : 0,
    "errorPct" : 0.0,
    "meanResTime" : 1804.6800000000007,
    "medianResTime" : 2057.0,
    "minResTime" : 120.0,
    "maxResTime" : 2333.0,
    "pct1ResTime" : 2215.7,
    "pct2ResTime" : 2291.1499999999996,
    "pct3ResTime" : 2332.86,
    "throughput" : 42.844901456726646,
    "receivedKBytesPerSec" : 47409.431568658954,
    "sentKBytesPerSec" : 5.313771958011996
  }
}