{
  "Microservice-based client" : {
    "transaction" : "Microservice-based client",
    "sampleCount" : 100,
    "errorCount" : 0,
    "errorPct" : 0.0,
    "meanResTime" : 1046.69,
    "medianResTime" : 1065.5,
    "minResTime" : 176.0,
    "maxResTime" : 1836.0,
    "pct1ResTime" : 1680.8,
    "pct2ResTime" : 1704.9,
    "pct3ResTime" : 1835.0699999999995,
    "throughput" : 53.96654074473827,
    "receivedKBytesPerSec" : 59759.67761316109,
    "sentKBytesPerSec" : 6.693115893146249
  },
  "Microservice-based client with caching" : {
    "transaction" : "Microservice-based client with caching",
    "sampleCount" : 100,
    "errorCount" : 0,
    "errorPct" : 0.0,
    "meanResTime" : 1494.6900000000005,
    "medianResTime" : 1706.0,
    "minResTime" : 209.0,
    "maxResTime" : 1852.0,
    "pct1ResTime" : 1813.6,
    "pct2ResTime" : 1831.5,
    "pct3ResTime" : 1851.8999999999999,
    "throughput" : 52.742616033755276,
    "receivedKBytesPerSec" : 58300.62673061709,
    "sentKBytesPerSec" : 9.83773404535865
  },
  "Total" : {
    "transaction" : "Total",
    "sampleCount" : 300,
    "errorCount" : 0,
    "errorPct" : 0.0,
    "meanResTime" : 1320.5500000000006,
    "medianResTime" : 1622.5,
    "minResTime" : 176.0,
    "maxResTime" : 2121.0,
    "pct1ResTime" : 1999.3000000000002,
    "pct2ResTime" : 2069.5499999999997,
    "pct3ResTime" : 2097.96,
    "throughput" : 51.01173269852066,
    "receivedKBytesPerSec" : 56440.44961395808,
    "sentKBytesPerSec" : 7.389394873320864
  },
  "Monolithic-based client" : {
    "transaction" : "Monolithic-based client",
    "sampleCount" : 100,
    "errorCount" : 0,
    "errorPct" : 0.0,
    "meanResTime" : 1420.2700000000007,
    "medianResTime" : 1771.0,
    "minResTime" : 215.0,
    "maxResTime" : 2121.0,
    "pct1ResTime" : 2084.7,
    "pct2ResTime" : 2092.95,
    "pct3ResTime" : 2120.87,
    "throughput" : 47.03668861712136,
    "receivedKBytesPerSec" : 52047.7955226952,
    "sentKBytesPerSec" : 5.833651810912512
  }
}