{
  "Microservice-based client" : {
    "transaction" : "Microservice-based client",
    "sampleCount" : 1000,
    "errorCount" : 0,
    "errorPct" : 0.0,
    "meanResTime" : 305.71600000000007,
    "medianResTime" : 213.0,
    "minResTime" : 8.0,
    "maxResTime" : 1093.0,
    "pct1ResTime" : 693.0,
    "pct2ResTime" : 845.0,
    "pct3ResTime" : 1049.95,
    "throughput" : 674.3088334457182,
    "receivedKBytesPerSec" : 7547.500579484154,
    "sentKBytesPerSec" : 83.63009946055293
  },
  "Microservice-based client with caching" : {
    "transaction" : "Microservice-based client with caching",
    "sampleCount" : 1000,
    "errorCount" : 0,
    "errorPct" : 0.0,
    "meanResTime" : 68.84700000000007,
    "medianResTime" : 66.0,
    "minResTime" : 1.0,
    "maxResTime" : 329.0,
    "pct1ResTime" : 118.0,
    "pct2ResTime" : 139.0,
    "pct3ResTime" : 158.99,
    "throughput" : 919.1176470588235,
    "receivedKBytesPerSec" : 10243.135340073528,
    "sentKBytesPerSec" : 171.4369829963235
  },
  "Total" : {
    "transaction" : "Total",
    "sampleCount" : 3000,
    "errorCount" : 0,
    "errorPct" : 0.0,
    "meanResTime" : 228.57500000000056,
    "medianResTime" : 131.0,
    "minResTime" : 1.0,
    "maxResTime" : 1169.0,
    "pct1ResTime" : 575.0,
    "pct2ResTime" : 706.9499999999998,
    "pct3ResTime" : 1031.9799999999996,
    "throughput" : 697.9990693345742,
    "receivedKBytesPerSec" : 7810.585501250582,
    "sentKBytesPerSec" : 101.10989122847836
  },
  "Monolithic-based client" : {
    "transaction" : "Monolithic-based client",
    "sampleCount" : 1000,
    "errorCount" : 0,
    "errorPct" : 0.0,
    "meanResTime" : 311.1619999999998,
    "medianResTime" : 254.5,
    "minResTime" : 30.0,
    "maxResTime" : 1169.0,
    "pct1ResTime" : 648.5999999999999,
    "pct2ResTime" : 877.9499999999999,
    "pct3ResTime" : 1073.0,
    "throughput" : 581.0575246949447,
    "receivedKBytesPerSec" : 6526.683251016851,
    "sentKBytesPerSec" : 72.06475159790818
  }
}