{
  "Microservice-based client" : {
    "transaction" : "Microservice-based client",
    "sampleCount" : 10000,
    "errorCount" : 0,
    "errorPct" : 0.0,
    "meanResTime" : 1617.2504000000001,
    "medianResTime" : 1286.0,
    "minResTime" : 33.0,
    "maxResTime" : 11159.0,
    "pct1ResTime" : 3163.0,
    "pct2ResTime" : 4005.7999999999956,
    "pct3ResTime" : 5958.769999999995,
    "throughput" : 779.6055196070788,
    "receivedKBytesPerSec" : 8727.449986478718,
    "sentKBytesPerSec" : 96.68935643564356
  },
  "Microservice-based client with caching" : {
    "transaction" : "Microservice-based client with caching",
    "sampleCount" : 10000,
    "errorCount" : 0,
    "errorPct" : 0.0,
    "meanResTime" : 2102.3020000000006,
    "medianResTime" : 1927.0,
    "minResTime" : 3.0,
    "maxResTime" : 6904.0,
    "pct1ResTime" : 3993.7999999999993,
    "pct2ResTime" : 4258.949999999999,
    "pct3ResTime" : 4815.919999999998,
    "throughput" : 831.255195344971,
    "receivedKBytesPerSec" : 9263.949501246883,
    "sentKBytesPerSec" : 155.04857647547797
  },
  "Total" : {
    "transaction" : "Total",
    "sampleCount" : 30000,
    "errorCount" : 0,
    "errorPct" : 0.0,
    "meanResTime" : 1265.2290666666747,
    "medianResTime" : 1609.0,
    "minResTime" : 3.0,
    "maxResTime" : 11159.0,
    "pct1ResTime" : 3848.0,
    "pct2ResTime" : 4198.950000000001,
    "pct3ResTime" : 5335.870000000021,
    "throughput" : 883.5483300936561,
    "receivedKBytesPerSec" : 9887.392714453747,
    "sentKBytesPerSec" : 127.9879579725511
  },
  "Monolithic-based client" : {
    "transaction" : "Monolithic-based client",
    "sampleCount" : 10000,
    "errorCount" : 0,
    "errorPct" : 0.0,
    "meanResTime" : 76.13480000000023,
    "medianResTime" : 38.0,
    "minResTime" : 4.0,
    "maxResTime" : 2098.0,
    "pct1ResTime" : 109.0,
    "pct2ResTime" : 174.0,
    "pct3ResTime" : 1049.0,
    "throughput" : 1099.7470581766192,
    "receivedKBytesPerSec" : 12352.822913229957,
    "sentKBytesPerSec" : 136.3944105355768
  }
}