{
  "Microservice-based client" : {
    "transaction" : "Microservice-based client",
    "sampleCount" : 10000,
    "errorCount" : 0,
    "errorPct" : 0.0,
    "meanResTime" : 3329.7400000000157,
    "medianResTime" : 3144.0,
    "minResTime" : 40.0,
    "maxResTime" : 14864.0,
    "pct1ResTime" : 6023.0,
    "pct2ResTime" : 6983.0,
    "pct3ResTime" : 9051.929999999998,
    "throughput" : 647.2073004983496,
    "receivedKBytesPerSec" : 7246.607533998608,
    "sentKBytesPerSec" : 80.26887418290077
  },
  "Microservice-based client with caching" : {
    "transaction" : "Microservice-based client with caching",
    "sampleCount" : 10000,
    "errorCount" : 0,
    "errorPct" : 0.0,
    "meanResTime" : 2916.741599999995,
    "medianResTime" : 3086.0,
    "minResTime" : 2.0,
    "maxResTime" : 8042.0,
    "pct1ResTime" : 4486.0,
    "pct2ResTime" : 4901.0,
    "pct3ResTime" : 5591.959999999999,
    "throughput" : 826.856292376385,
    "receivedKBytesPerSec" : 9214.92578964776,
    "sentKBytesPerSec" : 154.2280779725484
  },
  "Total" : {
    "transaction" : "Total",
    "sampleCount" : 30000,
    "errorCount" : 0,
    "errorPct" : 0.0,
    "meanResTime" : 2213.6565333333283,
    "medianResTime" : 3114.0,
    "minResTime" : 2.0,
    "maxResTime" : 14864.0,
    "pct1ResTime" : 5212.9000000000015,
    "pct2ResTime" : 6069.850000000002,
    "pct3ResTime" : 8148.860000000022,
    "throughput" : 790.076637433831,
    "receivedKBytesPerSec" : 8841.92842584637,
    "sentKBytesPerSec" : 114.44795040952307
  },
  "Monolithic-based client" : {
    "transaction" : "Monolithic-based client",
    "sampleCount" : 10000,
    "errorCount" : 0,
    "errorPct" : 0.0,
    "meanResTime" : 394.4879999999998,
    "medianResTime" : 47.0,
    "minResTime" : 13.0,
    "maxResTime" : 3551.0,
    "pct1ResTime" : 1351.0,
    "pct2ResTime" : 1808.0,
    "pct3ResTime" : 2342.8899999999976,
    "throughput" : 959.6008060646772,
    "receivedKBytesPerSec" : 10778.641085308513,
    "sentKBytesPerSec" : 119.01299059591211
  }
}