{
  "Microservice-based client" : {
    "transaction" : "Microservice-based client",
    "sampleCount" : 10000,
    "errorCount" : 0,
    "errorPct" : 0.0,
    "meanResTime" : 4712.499199999992,
    "medianResTime" : 4669.0,
    "minResTime" : 16.0,
    "maxResTime" : 9687.0,
    "pct1ResTime" : 8321.699999999999,
    "pct2ResTime" : 8876.949999999999,
    "pct3ResTime" : 9366.0,
    "throughput" : 692.9046563192904,
    "receivedKBytesPerSec" : 7756.449088289045,
    "sentKBytesPerSec" : 85.9364173364745
  },
  "Microservice-based client with caching" : {
    "transaction" : "Microservice-based client with caching",
    "sampleCount" : 10000,
    "errorCount" : 0,
    "errorPct" : 0.0,
    "meanResTime" : 1594.4267000000025,
    "medianResTime" : 1674.0,
    "minResTime" : 1.0,
    "maxResTime" : 4278.0,
    "pct1ResTime" : 2405.8999999999996,
    "pct2ResTime" : 2671.0,
    "pct3ResTime" : 3054.9799999999996,
    "throughput" : 967.5858732462506,
    "receivedKBytesPerSec" : 10783.291001451378,
    "sentKBytesPerSec" : 180.47744315432993
  },
  "Total" : {
    "transaction" : "Total",
    "sampleCount" : 30000,
    "errorCount" : 0,
    "errorPct" : 0.0,
    "meanResTime" : 3045.913233333341,
    "medianResTime" : 2087.0,
    "minResTime" : 1.0,
    "maxResTime" : 9687.0,
    "pct1ResTime" : 7393.800000000003,
    "pct2ResTime" : 8321.850000000002,
    "pct3ResTime" : 9238.0,
    "throughput" : 753.6173633440515,
    "receivedKBytesPerSec" : 8433.244686801334,
    "sentKBytesPerSec" : 109.16657769795016
  },
  "Monolithic-based client" : {
    "transaction" : "Monolithic-based client",
    "sampleCount" : 10000,
    "errorCount" : 0,
    "errorPct" : 0.0,
    "meanResTime" : 2830.8138000000013,
    "medianResTime" : 2493.0,
    "minResTime" : 10.0,
    "maxResTime" : 7455.0,
    "pct1ResTime" : 5812.0,
    "pct2ResTime" : 6249.949999999999,
    "pct3ResTime" : 6806.99,
    "throughput" : 665.0262685376073,
    "receivedKBytesPerSec" : 7469.8556061714435,
    "sentKBytesPerSec" : 82.47884385183214
  }
}