{
  "Microservice-based client" : {
    "transaction" : "Microservice-based client",
    "sampleCount" : 100000,
    "errorCount" : 43536,
    "errorPct" : 43.536,
    "meanResTime" : 54.123860000000285,
    "medianResTime" : 53.0,
    "minResTime" : 3.0,
    "maxResTime" : 3117.0,
    "pct1ResTime" : 67.0,
    "pct2ResTime" : 73.0,
    "pct3ResTime" : 1056.0,
    "throughput" : 1179.4817357253223,
    "receivedKBytesPerSec" : 1316.2384042201857,
    "sentKBytesPerSec" : 158.04078500406922
  },
  "Microservice-based client with caching" : {
    "transaction" : "Microservice-based client with caching",
    "sampleCount" : 100000,
    "errorCount" : 67733,
    "errorPct" : 67.733,
    "meanResTime" : 688.5486100000111,
    "medianResTime" : 4.0,
    "minResTime" : 1.0,
    "maxResTime" : 6764.0,
    "pct1ResTime" : 514.0,
    "pct2ResTime" : 779.0,
    "pct3ResTime" : 983.0,
    "throughput" : 962.6492106276473,
    "receivedKBytesPerSec" : 1578.5692475693108,
    "sentKBytesPerSec" : 91.30471119019542
  },
  "Total" : {
    "transaction" : "Total",
    "sampleCount" : 300000,
    "errorCount" : 154805,
    "errorPct" : 51.601665,
    "meanResTime" : 257.2543533333379,
    "medianResTime" : 4.0,
    "minResTime" : 1.0,
    "maxResTime" : 6764.0,
    "pct1ResTime" : 514.0,
    "pct2ResTime" : 779.0,
    "pct3ResTime" : 983.0,
    "throughput" : 1073.3644609026996,
    "receivedKBytesPerSec" : 1394.3273526807277,
    "sentKBytesPerSec" : 129.8165518110789
  },
  "Monolithic-based client" : {
    "transaction" : "Monolithic-based client",
    "sampleCount" : 100000,
    "errorCount" : 43536,
    "errorPct" : 43.536,
    "meanResTime" : 29.090589999999796,
    "medianResTime" : 41.0,
    "minResTime" : 3.0,
    "maxResTime" : 1086.0,
    "pct1ResTime" : 53.0,
    "pct2ResTime" : 57.0,
    "pct3ResTime" : 64.0,
    "throughput" : 1100.957833314984,
    "receivedKBytesPerSec" : 1256.5353889133546,
    "sentKBytesPerSec" : 147.5192323571507
  }
}