{
  "Microservice-based client" : {
    "transaction" : "Microservice-based client",
    "sampleCount" : 10000,
    "errorCount" : 0,
    "errorPct" : 0.0,
    "meanResTime" : 238.17439999999928,
    "medianResTime" : 206.0,
    "minResTime" : 5.0,
    "maxResTime" : 3051.0,
    "pct1ResTime" : 409.89999999999964,
    "pct2ResTime" : 492.9499999999989,
    "pct3ResTime" : 1088.0,
    "throughput" : 2223.210315695865,
    "receivedKBytesPerSec" : 290.92791240551355,
    "sentKBytesPerSec" : 527.5782292129835
  },
  "Microservice-based client with caching" : {
    "transaction" : "Microservice-based client with caching",
    "sampleCount" : 10000,
    "errorCount" : 0,
    "errorPct" : 0.0,
    "meanResTime" : 682.2731999999967,
    "medianResTime" : 727.0,
    "minResTime" : 82.0,
    "maxResTime" : 1121.0,
    "pct1ResTime" : 876.0,
    "pct2ResTime" : 900.0,
    "pct3ResTime" : 952.0,
    "throughput" : 1239.3109431156277,
    "receivedKBytesPerSec" : 71.40561098029495,
    "sentKBytesPerSec" : 364.28964245879285
  },
  "Total" : {
    "transaction" : "Total",
    "sampleCount" : 30000,
    "errorCount" : 0,
    "errorPct" : 0.0,
    "meanResTime" : 489.05399999999884,
    "medianResTime" : 409.0,
    "minResTime" : 5.0,
    "maxResTime" : 3051.0,
    "pct1ResTime" : 851.0,
    "pct2ResTime" : 884.0,
    "pct3ResTime" : 1008.9900000000016,
    "throughput" : 1564.0477555914706,
    "receivedKBytesPerSec" : 189.90553803242793,
    "sentKBytesPerSec" : 400.6854113445597
  },
  "Monolithic-based client" : {
    "transaction" : "Monolithic-based client",
    "sampleCount" : 10000,
    "errorCount" : 0,
    "errorPct" : 0.0,
    "meanResTime" : 546.7144000000018,
    "medianResTime" : 323.0,
    "minResTime" : 9.0,
    "maxResTime" : 3003.0,
    "pct1ResTime" : 1465.9999999999964,
    "pct2ResTime" : 1948.0,
    "pct3ResTime" : 2547.0,
    "throughput" : 1512.85930408472,
    "receivedKBytesPerSec" : 265.9322995461422,
    "sentKBytesPerSec" : 359.00860438729194
  }
}