{
  "Microservice-based client with caching" : {
    "transaction" : "Microservice-based client with caching",
    "sampleCount" : 10000,
    "errorCount" : 0,
    "errorPct" : 0.0,
    "meanResTime" : 487.0430999999999,
    "medianResTime" : 302.0,
    "minResTime" : 3.0,
    "maxResTime" : 6177.0,
    "pct1ResTime" : 484.0,
    "pct2ResTime" : 1377.7999999999956,
    "pct3ResTime" : 5413.9299999999985,
    "throughput" : 1094.331363536879,
    "receivedKBytesPerSec" : 63.05229536003502,
    "sentKBytesPerSec" : 533.2728031297877
  },
  "Total" : {
    "transaction" : "Total",
    "sampleCount" : 10000,
    "errorCount" : 0,
    "errorPct" : 0.0,
    "meanResTime" : 487.0430999999999,
    "medianResTime" : 302.0,
    "minResTime" : 3.0,
    "maxResTime" : 6177.0,
    "pct1ResTime" : 484.0,
    "pct2ResTime" : 1377.7999999999956,
    "pct3ResTime" : 5413.9299999999985,
    "throughput" : 1094.331363536879,
    "receivedKBytesPerSec" : 63.05229536003502,
    "sentKBytesPerSec" : 533.2728031297877
  }
}