{
  "Microservice-based client with caching" : {
    "transaction" : "Microservice-based client with caching",
    "sampleCount" : 10000,
    "errorCount" : 0,
    "errorPct" : 0.0,
    "meanResTime" : 585.4859999999981,
    "medianResTime" : 426.0,
    "minResTime" : 5.0,
    "maxResTime" : 6750.0,
    "pct1ResTime" : 648.0,
    "pct2ResTime" : 766.8999999999978,
    "pct3ResTime" : 5457.98,
    "throughput" : 1074.1138560687434,
    "receivedKBytesPerSec" : 61.88741944146079,
    "sentKBytesPerSec" : 315.73073308270676
  },
  "Total" : {
    "transaction" : "Total",
    "sampleCount" : 10000,
    "errorCount" : 0,
    "errorPct" : 0.0,
    "meanResTime" : 585.4859999999981,
    "medianResTime" : 426.0,
    "minResTime" : 5.0,
    "maxResTime" : 6750.0,
    "pct1ResTime" : 648.0,
    "pct2ResTime" : 766.8999999999978,
    "pct3ResTime" : 5457.98,
    "throughput" : 1074.1138560687434,
    "receivedKBytesPerSec" : 61.88741944146079,
    "sentKBytesPerSec" : 315.73073308270676
  }
}