{
  "Microservice-based client with caching" : {
    "transaction" : "Microservice-based client with caching",
    "sampleCount" : 10000,
    "errorCount" : 0,
    "errorPct" : 0.0,
    "meanResTime" : 523.6850999999992,
    "medianResTime" : 380.0,
    "minResTime" : 3.0,
    "maxResTime" : 6264.0,
    "pct1ResTime" : 579.0,
    "pct2ResTime" : 941.7999999999956,
    "pct3ResTime" : 5381.959999999999,
    "throughput" : 1140.120852810398,
    "receivedKBytesPerSec" : 65.69055694903659,
    "sentKBytesPerSec" : 335.1331803671189
  },
  "Total" : {
    "transaction" : "Total",
    "sampleCount" : 10000,
    "errorCount" : 0,
    "errorPct" : 0.0,
    "meanResTime" : 523.6850999999992,
    "medianResTime" : 380.0,
    "minResTime" : 3.0,
    "maxResTime" : 6264.0,
    "pct1ResTime" : 579.0,
    "pct2ResTime" : 941.7999999999956,
    "pct3ResTime" : 5381.959999999999,
    "throughput" : 1140.120852810398,
    "receivedKBytesPerSec" : 65.69055694903659,
    "sentKBytesPerSec" : 335.1331803671189
  }
}