{
  "Microservice-based client with caching" : {
    "transaction" : "Microservice-based client with caching",
    "sampleCount" : 10000,
    "errorCount" : 0,
    "errorPct" : 0.0,
    "meanResTime" : 410.3451000000011,
    "medianResTime" : 255.0,
    "minResTime" : 1.0,
    "maxResTime" : 4701.0,
    "pct1ResTime" : 423.0,
    "pct2ResTime" : 1137.499999999989,
    "pct3ResTime" : 4331.99,
    "throughput" : 1300.0520020800832,
    "receivedKBytesPerSec" : 74.90533996359854,
    "sentKBytesPerSec" : 382.1441920176807
  },
  "Total" : {
    "transaction" : "Total",
    "sampleCount" : 10000,
    "errorCount" : 0,
    "errorPct" : 0.0,
    "meanResTime" : 410.3451000000011,
    "medianResTime" : 255.0,
    "minResTime" : 1.0,
    "maxResTime" : 4701.0,
    "pct1ResTime" : 423.0,
    "pct2ResTime" : 1137.499999999989,
    "pct3ResTime" : 4331.99,
    "throughput" : 1300.0520020800832,
    "receivedKBytesPerSec" : 74.90533996359854,
    "sentKBytesPerSec" : 382.1441920176807
  }
}