{
  "Microservice-based client with caching" : {
    "transaction" : "Microservice-based client with caching",
    "sampleCount" : 30000,
    "errorCount" : 1768,
    "errorPct" : 5.8933334,
    "meanResTime" : 667.0250666666727,
    "medianResTime" : 643.0,
    "minResTime" : 3.0,
    "maxResTime" : 1633.0,
    "pct1ResTime" : 1019.0,
    "pct2ResTime" : 1092.0,
    "pct3ResTime" : 1196.0,
    "throughput" : 1348.9208633093526,
    "receivedKBytesPerSec" : 263.4196549010791,
    "sentKBytesPerSec" : 618.5964899955036
  },
  "Total" : {
    "transaction" : "Total",
    "sampleCount" : 30000,
    "errorCount" : 1768,
    "errorPct" : 5.8933334,
    "meanResTime" : 667.0250666666727,
    "medianResTime" : 643.0,
    "minResTime" : 3.0,
    "maxResTime" : 1633.0,
    "pct1ResTime" : 1019.0,
    "pct2ResTime" : 1092.0,
    "pct3ResTime" : 1196.0,
    "throughput" : 1348.9208633093526,
    "receivedKBytesPerSec" : 263.4196549010791,
    "sentKBytesPerSec" : 618.5964899955036
  }
}