{
  "Microservice-based client with caching" : {
    "transaction" : "Microservice-based client with caching",
    "sampleCount" : 10000,
    "errorCount" : 0,
    "errorPct" : 0.0,
    "meanResTime" : 511.60809999999896,
    "medianResTime" : 276.0,
    "minResTime" : 7.0,
    "maxResTime" : 6757.0,
    "pct1ResTime" : 472.89999999999964,
    "pct2ResTime" : 2440.2999999999847,
    "pct3ResTime" : 6012.98,
    "throughput" : 1055.297593921486,
    "receivedKBytesPerSec" : 60.8032793372731,
    "sentKBytesPerSec" : 514.2514642254115
  },
  "Total" : {
    "transaction" : "Total",
    "sampleCount" : 10000,
    "errorCount" : 0,
    "errorPct" : 0.0,
    "meanResTime" : 511.60809999999896,
    "medianResTime" : 276.0,
    "minResTime" : 7.0,
    "maxResTime" : 6757.0,
    "pct1ResTime" : 472.89999999999964,
    "pct2ResTime" : 2440.2999999999847,
    "pct3ResTime" : 6012.98,
    "throughput" : 1055.297593921486,
    "receivedKBytesPerSec" : 60.8032793372731,
    "sentKBytesPerSec" : 514.2514642254115
  }
}