{
  "Microservice-based client with caching" : {
    "transaction" : "Microservice-based client with caching",
    "sampleCount" : 10000,
    "errorCount" : 0,
    "errorPct" : 0.0,
    "meanResTime" : 619.0006999999982,
    "medianResTime" : 599.0,
    "minResTime" : 2.0,
    "maxResTime" : 4631.0,
    "pct1ResTime" : 842.0,
    "pct2ResTime" : 1007.8499999999967,
    "pct3ResTime" : 2298.9299999999985,
    "throughput" : 1186.802753382388,
    "receivedKBytesPerSec" : 68.3802367671493,
    "sentKBytesPerSec" : 401.0095240920959
  },
  "Total" : {
    "transaction" : "Total",
    "sampleCount" : 10000,
    "errorCount" : 0,
    "errorPct" : 0.0,
    "meanResTime" : 619.0006999999982,
    "medianResTime" : 599.0,
    "minResTime" : 2.0,
    "maxResTime" : 4631.0,
    "pct1ResTime" : 842.0,
    "pct2ResTime" : 1007.8499999999967,
    "pct3ResTime" : 2298.9299999999985,
    "throughput" : 1186.802753382388,
    "receivedKBytesPerSec" : 68.3802367671493,
    "sentKBytesPerSec" : 401.0095240920959
  }
}