{
  "Microservice-based client with caching" : {
    "transaction" : "Microservice-based client with caching",
    "sampleCount" : 10000,
    "errorCount" : 0,
    "errorPct" : 0.0,
    "meanResTime" : 615.8997999999982,
    "medianResTime" : 332.0,
    "minResTime" : 1.0,
    "maxResTime" : 8559.0,
    "pct1ResTime" : 582.8999999999996,
    "pct2ResTime" : 2056.499999999989,
    "pct3ResTime" : 7204.969999999999,
    "throughput" : 922.509225092251,
    "receivedKBytesPerSec" : 53.152386992619924,
    "sentKBytesPerSec" : 271.1672624538745
  },
  "Total" : {
    "transaction" : "Total",
    "sampleCount" : 10000,
    "errorCount" : 0,
    "errorPct" : 0.0,
    "meanResTime" : 615.8997999999982,
    "medianResTime" : 332.0,
    "minResTime" : 1.0,
    "maxResTime" : 8559.0,
    "pct1ResTime" : 582.8999999999996,
    "pct2ResTime" : 2056.499999999989,
    "pct3ResTime" : 7204.969999999999,
    "throughput" : 922.509225092251,
    "receivedKBytesPerSec" : 53.152386992619924,
    "sentKBytesPerSec" : 271.1672624538745
  }
}