{
  "Microservice-based client with caching" : {
    "transaction" : "Microservice-based client with caching",
    "sampleCount" : 10000,
    "errorCount" : 0,
    "errorPct" : 0.0,
    "meanResTime" : 667.5218000000028,
    "medianResTime" : 474.5,
    "minResTime" : 2.0,
    "maxResTime" : 8901.0,
    "pct1ResTime" : 697.0,
    "pct2ResTime" : 1031.949999999999,
    "pct3ResTime" : 7444.709999999994,
    "throughput" : 872.8288382648162,
    "receivedKBytesPerSec" : 50.28994282971109,
    "sentKBytesPerSec" : 256.56394562276336
  },
  "Total" : {
    "transaction" : "Total",
    "sampleCount" : 10000,
    "errorCount" : 0,
    "errorPct" : 0.0,
    "meanResTime" : 667.5218000000028,
    "medianResTime" : 474.5,
    "minResTime" : 2.0,
    "maxResTime" : 8901.0,
    "pct1ResTime" : 697.0,
    "pct2ResTime" : 1031.949999999999,
    "pct3ResTime" : 7444.709999999994,
    "throughput" : 872.8288382648162,
    "receivedKBytesPerSec" : 50.28994282971109,
    "sentKBytesPerSec" : 256.56394562276336
  }
}