{
  "Microservice-based client with caching" : {
    "transaction" : "Microservice-based client with caching",
    "sampleCount" : 10000,
    "errorCount" : 0,
    "errorPct" : 0.0,
    "meanResTime" : 12.725000000000021,
    "medianResTime" : 11.0,
    "minResTime" : 0.0,
    "maxResTime" : 162.0,
    "pct1ResTime" : 21.0,
    "pct2ResTime" : 25.0,
    "pct3ResTime" : 36.0,
    "throughput" : 3838.771593090211,
    "receivedKBytesPerSec" : 221.17922264875241,
    "sentKBytesPerSec" : 1297.0849328214972
  },
  "Total" : {
    "transaction" : "Total",
    "sampleCount" : 10000,
    "errorCount" : 0,
    "errorPct" : 0.0,
    "meanResTime" : 12.725000000000021,
    "medianResTime" : 11.0,
    "minResTime" : 0.0,
    "maxResTime" : 162.0,
    "pct1ResTime" : 21.0,
    "pct2ResTime" : 25.0,
    "pct3ResTime" : 36.0,
    "throughput" : 3838.771593090211,
    "receivedKBytesPerSec" : 221.17922264875241,
    "sentKBytesPerSec" : 1297.0849328214972
  }
}