{
  "Microservice-based client with caching" : {
    "transaction" : "Microservice-based client with caching",
    "sampleCount" : 10000,
    "errorCount" : 0,
    "errorPct" : 0.0,
    "meanResTime" : 633.4785999999979,
    "medianResTime" : 558.0,
    "minResTime" : 33.0,
    "maxResTime" : 4298.0,
    "pct1ResTime" : 854.0,
    "pct2ResTime" : 1051.949999999999,
    "pct3ResTime" : 3885.9799999999996,
    "throughput" : 1119.5700850873266,
    "receivedKBytesPerSec" : 64.50647951186744,
    "sentKBytesPerSec" : 329.09237852664575
  },
  "Total" : {
    "transaction" : "Total",
    "sampleCount" : 10000,
    "errorCount" : 0,
    "errorPct" : 0.0,
    "meanResTime" : 633.4785999999979,
    "medianResTime" : 558.0,
    "minResTime" : 33.0,
    "maxResTime" : 4298.0,
    "pct1ResTime" : 854.0,
    "pct2ResTime" : 1051.949999999999,
    "pct3ResTime" : 3885.9799999999996,
    "throughput" : 1119.5700850873266,
    "receivedKBytesPerSec" : 64.50647951186744,
    "sentKBytesPerSec" : 329.09237852664575
  }
}