{
  "Microservice-based client with caching" : {
    "transaction" : "Microservice-based client with caching",
    "sampleCount" : 10000,
    "errorCount" : 0,
    "errorPct" : 0.0,
    "meanResTime" : 47.52270000000024,
    "medianResTime" : 32.0,
    "minResTime" : 1.0,
    "maxResTime" : 336.0,
    "pct1ResTime" : 106.0,
    "pct2ResTime" : 136.0,
    "pct3ResTime" : 221.0,
    "throughput" : 3273.3224222585923,
    "receivedKBytesPerSec" : 188.5996317512275,
    "sentKBytesPerSec" : 962.1777823240589
  },
  "Total" : {
    "transaction" : "Total",
    "sampleCount" : 10000,
    "errorCount" : 0,
    "errorPct" : 0.0,
    "meanResTime" : 47.52270000000024,
    "medianResTime" : 32.0,
    "minResTime" : 1.0,
    "maxResTime" : 336.0,
    "pct1ResTime" : 106.0,
    "pct2ResTime" : 136.0,
    "pct3ResTime" : 221.0,
    "throughput" : 3273.3224222585923,
    "receivedKBytesPerSec" : 188.5996317512275,
    "sentKBytesPerSec" : 962.1777823240589
  }
}