{
  "Microservice-based client with caching" : {
    "transaction" : "Microservice-based client with caching",
    "sampleCount" : 10000,
    "errorCount" : 0,
    "errorPct" : 0.0,
    "meanResTime" : 643.0984999999987,
    "medianResTime" : 640.0,
    "minResTime" : 29.0,
    "maxResTime" : 2514.0,
    "pct1ResTime" : 893.0,
    "pct2ResTime" : 984.0,
    "pct3ResTime" : 1789.9899999999998,
    "throughput" : 1173.984503404555,
    "receivedKBytesPerSec" : 67.64168525475463,
    "sentKBytesPerSec" : 396.6783575956797
  },
  "Total" : {
    "transaction" : "Total",
    "sampleCount" : 10000,
    "errorCount" : 0,
    "errorPct" : 0.0,
    "meanResTime" : 643.0984999999987,
    "medianResTime" : 640.0,
    "minResTime" : 29.0,
    "maxResTime" : 2514.0,
    "pct1ResTime" : 893.0,
    "pct2ResTime" : 984.0,
    "pct3ResTime" : 1789.9899999999998,
    "throughput" : 1173.984503404555,
    "receivedKBytesPerSec" : 67.64168525475463,
    "sentKBytesPerSec" : 396.6783575956797
  }
}