{
  "Microservice-based client with caching" : {
    "transaction" : "Microservice-based client with caching",
    "sampleCount" : 10000,
    "errorCount" : 0,
    "errorPct" : 0.0,
    "meanResTime" : 566.2140999999987,
    "medianResTime" : 269.0,
    "minResTime" : 8.0,
    "maxResTime" : 7452.0,
    "pct1ResTime" : 515.0,
    "pct2ResTime" : 2844.399999999987,
    "pct3ResTime" : 6967.98,
    "throughput" : 971.4396735962697,
    "receivedKBytesPerSec" : 55.97162181853507,
    "sentKBytesPerSec" : 285.5501384301535
  },
  "Total" : {
    "transaction" : "Total",
    "sampleCount" : 10000,
    "errorCount" : 0,
    "errorPct" : 0.0,
    "meanResTime" : 566.2140999999987,
    "medianResTime" : 269.0,
    "minResTime" : 8.0,
    "maxResTime" : 7452.0,
    "pct1ResTime" : 515.0,
    "pct2ResTime" : 2844.399999999987,
    "pct3ResTime" : 6967.98,
    "throughput" : 971.4396735962697,
    "receivedKBytesPerSec" : 55.97162181853507,
    "sentKBytesPerSec" : 285.5501384301535
  }
}