{
  "Microservice-based client with caching" : {
    "transaction" : "Microservice-based client with caching",
    "sampleCount" : 10000,
    "errorCount" : 0,
    "errorPct" : 0.0,
    "meanResTime" : 299.6611,
    "medianResTime" : 170.0,
    "minResTime" : 1.0,
    "maxResTime" : 3045.0,
    "pct1ResTime" : 397.0,
    "pct2ResTime" : 1727.499999999989,
    "pct3ResTime" : 2293.99,
    "throughput" : 1856.665428889714,
    "receivedKBytesPerSec" : 106.97584014110657,
    "sentKBytesPerSec" : 703.5021351652432
  },
  "Total" : {
    "transaction" : "Total",
    "sampleCount" : 10000,
    "errorCount" : 0,
    "errorPct" : 0.0,
    "meanResTime" : 299.6611,
    "medianResTime" : 170.0,
    "minResTime" : 1.0,
    "maxResTime" : 3045.0,
    "pct1ResTime" : 397.0,
    "pct2ResTime" : 1727.499999999989,
    "pct3ResTime" : 2293.99,
    "throughput" : 1856.665428889714,
    "receivedKBytesPerSec" : 106.97584014110657,
    "sentKBytesPerSec" : 703.5021351652432
  }
}