{
  "Microservice-based client with caching" : {
    "transaction" : "Microservice-based client with caching",
    "sampleCount" : 10000,
    "errorCount" : 0,
    "errorPct" : 0.0,
    "meanResTime" : 539.2641999999994,
    "medianResTime" : 316.0,
    "minResTime" : 1.0,
    "maxResTime" : 6787.0,
    "pct1ResTime" : 575.0,
    "pct2ResTime" : 1504.8999999999978,
    "pct3ResTime" : 6349.509999999989,
    "throughput" : 1037.77501037775,
    "receivedKBytesPerSec" : 59.79367735574928,
    "sentKBytesPerSec" : 505.7126271274388
  },
  "Total" : {
    "transaction" : "Total",
    "sampleCount" : 10000,
    "errorCount" : 0,
    "errorPct" : 0.0,
    "meanResTime" : 539.2641999999994,
    "medianResTime" : 316.0,
    "minResTime" : 1.0,
    "maxResTime" : 6787.0,
    "pct1ResTime" : 575.0,
    "pct2ResTime" : 1504.8999999999978,
    "pct3ResTime" : 6349.509999999989,
    "throughput" : 1037.77501037775,
    "receivedKBytesPerSec" : 59.79367735574928,
    "sentKBytesPerSec" : 505.7126271274388
  }
}