{
  "Microservice-based client" : {
    "transaction" : "Microservice-based client",
    "sampleCount" : 10000,
    "errorCount" : 0,
    "errorPct" : 0.0,
    "meanResTime" : 54.24249999999981,
    "medianResTime" : 50.0,
    "minResTime" : 4.0,
    "maxResTime" : 1085.0,
    "pct1ResTime" : 68.0,
    "pct2ResTime" : 76.0,
    "pct3ResTime" : 117.0,
    "throughput" : 3237.293622531564,
    "receivedKBytesPerSec" : 423.63022013596634,
    "sentKBytesPerSec" : 768.2249514405956
  },
  "Total" : {
    "transaction" : "Total",
    "sampleCount" : 10000,
    "errorCount" : 0,
    "errorPct" : 0.0,
    "meanResTime" : 54.24249999999981,
    "medianResTime" : 50.0,
    "minResTime" : 4.0,
    "maxResTime" : 1085.0,
    "pct1ResTime" : 68.0,
    "pct2ResTime" : 76.0,
    "pct3ResTime" : 117.0,
    "throughput" : 3237.293622531564,
    "receivedKBytesPerSec" : 423.63022013596634,
    "sentKBytesPerSec" : 768.2249514405956
  }
}