{
  "Microservice-based client with caching" : {
    "transaction" : "Microservice-based client with caching",
    "sampleCount" : 10000,
    "errorCount" : 0,
    "errorPct" : 0.0,
    "meanResTime" : 520.4001999999999,
    "medianResTime" : 377.0,
    "minResTime" : 2.0,
    "maxResTime" : 6054.0,
    "pct1ResTime" : 623.0,
    "pct2ResTime" : 1257.5999999999913,
    "pct3ResTime" : 5121.939999999999,
    "throughput" : 1155.268022181146,
    "receivedKBytesPerSec" : 66.56329424676524,
    "sentKBytesPerSec" : 339.5856198012939
  },
  "Total" : {
    "transaction" : "Total",
    "sampleCount" : 10000,
    "errorCount" : 0,
    "errorPct" : 0.0,
    "meanResTime" : 520.4001999999999,
    "medianResTime" : 377.0,
    "minResTime" : 2.0,
    "maxResTime" : 6054.0,
    "pct1ResTime" : 623.0,
    "pct2ResTime" : 1257.5999999999913,
    "pct3ResTime" : 5121.939999999999,
    "throughput" : 1155.268022181146,
    "receivedKBytesPerSec" : 66.56329424676524,
    "sentKBytesPerSec" : 339.5856198012939
  }
}