{
  "Microservice-based client" : {
    "transaction" : "Microservice-based client",
    "sampleCount" : 1000,
    "errorCount" : 0,
    "errorPct" : 0.0,
    "meanResTime" : 704.1570000000004,
    "medianResTime" : 663.5,
    "minResTime" : 10.0,
    "maxResTime" : 1970.0,
    "pct1ResTime" : 1344.9,
    "pct2ResTime" : 1429.0,
    "pct3ResTime" : 1609.97,
    "throughput" : 340.94783498124787,
    "receivedKBytesPerSec" : 37767.54516226986,
    "sentKBytesPerSec" : 42.61847937265598
  },
  "Microservice-based client with caching" : {
    "transaction" : "Microservice-based client with caching",
    "sampleCount" : 1000,
    "errorCount" : 0,
    "errorPct" : 0.0,
    "meanResTime" : 132.57900000000006,
    "medianResTime" : 72.5,
    "minResTime" : 4.0,
    "maxResTime" : 1218.0,
    "pct1ResTime" : 261.9,
    "pct2ResTime" : 337.94999999999993,
    "pct3ResTime" : 573.8900000000001,
    "throughput" : 473.7091425864519,
    "receivedKBytesPerSec" : 52385.32954242657,
    "sentKBytesPerSec" : 88.82046423495973
  },
  "Total" : {
    "transaction" : "Total",
    "sampleCount" : 3000,
    "errorCount" : 0,
    "errorPct" : 0.0,
    "meanResTime" : 595.3556666666674,
    "medianResTime" : 472.5,
    "minResTime" : 4.0,
    "maxResTime" : 2123.0,
    "pct1ResTime" : 1330.9,
    "pct2ResTime" : 1484.8999999999996,
    "pct3ResTime" : 1866.859999999997,
    "throughput" : 358.2089552238806,
    "receivedKBytesPerSec" : 39656.62593283582,
    "sentKBytesPerSec" : 52.23880597014925
  },
  "Monolithic-based client" : {
    "transaction" : "Monolithic-based client",
    "sampleCount" : 1000,
    "errorCount" : 0,
    "errorPct" : 0.0,
    "meanResTime" : 949.3309999999993,
    "medianResTime" : 922.5,
    "minResTime" : 169.0,
    "maxResTime" : 2123.0,
    "pct1ResTime" : 1545.0,
    "pct2ResTime" : 1725.8999999999999,
    "pct3ResTime" : 1962.99,
    "throughput" : 300.93289196509176,
    "receivedKBytesPerSec" : 33333.31374134818,
    "sentKBytesPerSec" : 37.61661149563648
  }
}