{
  "Microservice-based client" : {
    "transaction" : "Microservice-based client",
    "sampleCount" : 1000,
    "errorCount" : 0,
    "errorPct" : 0.0,
    "meanResTime" : 3908.9159999999974,
    "medianResTime" : 4079.0,
    "minResTime" : 43.0,
    "maxResTime" : 9529.0,
    "pct1ResTime" : 4632.4,
    "pct2ResTime" : 5014.7,
    "pct3ResTime" : 6497.63,
    "throughput" : 97.59906304899472,
    "receivedKBytesPerSec" : 10733.773583898594,
    "sentKBytesPerSec" : 12.104571296115557
  },
  "Microservice-based client with caching" : {
    "transaction" : "Microservice-based client with caching",
    "sampleCount" : 1000,
    "errorCount" : 0,
    "errorPct" : 0.0,
    "meanResTime" : 1034.7239999999997,
    "medianResTime" : 1019.0,
    "minResTime" : 6.0,
    "maxResTime" : 2039.0,
    "pct1ResTime" : 1860.9,
    "pct2ResTime" : 1918.8999999999999,
    "pct3ResTime" : 2023.0,
    "throughput" : 356.76061362825544,
    "receivedKBytesPerSec" : 39117.54704780592,
    "sentKBytesPerSec" : 66.54421601855155
  },
  "Total" : {
    "transaction" : "Total",
    "sampleCount" : 3000,
    "errorCount" : 0,
    "errorPct" : 0.0,
    "meanResTime" : 2807.235,
    "medianResTime" : 3430.5,
    "minResTime" : 6.0,
    "maxResTime" : 9529.0,
    "pct1ResTime" : 4397.0,
    "pct2ResTime" : 4576.95,
    "pct3ResTime" : 5902.809999999996,
    "throughput" : 145.9073002285881,
    "receivedKBytesPerSec" : 16023.192136356452,
    "sentKBytesPerSec" : 21.13566035212295
  },
  "Monolithic-based client" : {
    "transaction" : "Monolithic-based client",
    "sampleCount" : 1000,
    "errorCount" : 0,
    "errorPct" : 0.0,
    "meanResTime" : 3478.0650000000005,
    "medianResTime" : 3545.5,
    "minResTime" : 147.0,
    "maxResTime" : 7483.0,
    "pct1ResTime" : 4298.5,
    "pct2ResTime" : 4446.7,
    "pct3ResTime" : 5460.59,
    "throughput" : 133.35111348179757,
    "receivedKBytesPerSec" : 14645.702760368049,
    "sentKBytesPerSec" : 16.53866348846513
  }
}