{
  "Microservice-based client" : {
    "transaction" : "Microservice-based client",
    "sampleCount" : 1000,
    "errorCount" : 0,
    "errorPct" : 0.0,
    "meanResTime" : 4292.090999999995,
    "medianResTime" : 4483.5,
    "minResTime" : 29.0,
    "maxResTime" : 9523.0,
    "pct1ResTime" : 5051.8,
    "pct2ResTime" : 5444.599999999999,
    "pct3ResTime" : 7246.320000000002,
    "throughput" : 98.32841691248771,
    "receivedKBytesPerSec" : 10815.869092613078,
    "sentKBytesPerSec" : 12.195028269419863
  },
  "Microservice-based client with caching" : {
    "transaction" : "Microservice-based client with caching",
    "sampleCount" : 1000,
    "errorCount" : 1000,
    "errorPct" : 100.0,
    "meanResTime" : 471.1510000000002,
    "medianResTime" : 457.5,
    "minResTime" : 7.0,
    "maxResTime" : 812.0,
    "pct1ResTime" : 759.9,
    "pct2ResTime" : 785.8999999999999,
    "pct3ResTime" : 799.99,
    "throughput" : 631.3131313131313,
    "receivedKBytesPerSec" : 143.0318813131313,
    "sentKBytesPerSec" : 117.75469539141413
  },
  "Total" : {
    "transaction" : "Total",
    "sampleCount" : 3000,
    "errorCount" : 1000,
    "errorPct" : 33.333332,
    "meanResTime" : 2521.5323333333313,
    "medianResTime" : 2938.0,
    "minResTime" : 7.0,
    "maxResTime" : 9523.0,
    "pct1ResTime" : 4713.0,
    "pct2ResTime" : 4950.9,
    "pct3ResTime" : 6097.799999999996,
    "throughput" : 171.556013038257,
    "receivedKBytesPerSec" : 12583.752282945903,
    "sentKBytesPerSec" : 24.85105006576314
  },
  "Monolithic-based client" : {
    "transaction" : "Monolithic-based client",
    "sampleCount" : 1000,
    "errorCount" : 0,
    "errorPct" : 0.0,
    "meanResTime" : 2801.355000000005,
    "medianResTime" : 3081.0,
    "minResTime" : 262.0,
    "maxResTime" : 5640.0,
    "pct1ResTime" : 3875.9,
    "pct2ResTime" : 4020.95,
    "pct3ResTime" : 4506.460000000001,
    "throughput" : 174.6114894360049,
    "receivedKBytesPerSec" : 19177.252488213722,
    "sentKBytesPerSec" : 21.65591714684826
  }
}